<?xml version="1.0" encoding="UTF-8"?>
<kml xmlns="http://www.opengis.net/kml/2.2" xmlns:gx="http://www.google.com/kml/ext/2.2" xmlns:kml="http://www.opengis.net/kml/2.2" xmlns:atom="http://www.w3.org/2005/Atom">
<Folder>
	<name>Lugares temporales</name>
	<open>1</open>
	<Document>
		<name>Predios.shp</name>
		<Schema name="Predios" id="S_Predios_SSSSDSSISSDD">
			<SimpleField type="long" name="OBJECTID"><displayName>&lt;b&gt;OBJECTID&lt;/b&gt;</displayName>
</SimpleField>
			<SimpleField type="string" name="CODIGO"><displayName>&lt;b&gt;CODIGO&lt;/b&gt;</displayName>
</SimpleField>
			<SimpleField type="string" name="ID_EMPRESA"><displayName>&lt;b&gt;ID_EMPRESA&lt;/b&gt;</displayName>
</SimpleField>
			<SimpleField type="string" name="ID_AREA"><displayName>&lt;b&gt;ID_AREA&lt;/b&gt;</displayName>
</SimpleField>
			<SimpleField type="string" name="ID_PREDIO"><displayName>&lt;b&gt;ID_PREDIO&lt;/b&gt;</displayName>
</SimpleField>
			<SimpleField type="double" name="SUPERFICIE"><displayName>&lt;b&gt;SUPERFICIE&lt;/b&gt;</displayName>
</SimpleField>
			<SimpleField type="string" name="NOMBRE"><displayName>&lt;b&gt;NOMBRE&lt;/b&gt;</displayName>
</SimpleField>
			<SimpleField type="string" name="EMPRESA"><displayName>&lt;b&gt;EMPRESA&lt;/b&gt;</displayName>
</SimpleField>
			<SimpleField type="int" name="ID_ZONA"><displayName>&lt;b&gt;ID_ZONA&lt;/b&gt;</displayName>
</SimpleField>
			<SimpleField type="string" name="ZONA"><displayName>&lt;b&gt;ZONA&lt;/b&gt;</displayName>
</SimpleField>
			<SimpleField type="string" name="NOM_AREA"><displayName>&lt;b&gt;NOM_AREA&lt;/b&gt;</displayName>
</SimpleField>
			<SimpleField type="double" name="Shape_Leng"><displayName>&lt;b&gt;Shape_Leng&lt;/b&gt;</displayName>
</SimpleField>
			<SimpleField type="double" name="Shape_Area"><displayName>&lt;b&gt;Shape_Area&lt;/b&gt;</displayName>
</SimpleField>
		</Schema>
		<Style id="falseColor">
			<BalloonStyle>
				<text><![CDATA[<table border="0">
  <tr><td><b>OBJECTID</b></td><td>$[Predios/OBJECTID]</td></tr>
  <tr><td><b>CODIGO</b></td><td>$[Predios/CODIGO]</td></tr>
  <tr><td><b>ID_EMPRESA</b></td><td>$[Predios/ID_EMPRESA]</td></tr>
  <tr><td><b>ID_AREA</b></td><td>$[Predios/ID_AREA]</td></tr>
  <tr><td><b>ID_PREDIO</b></td><td>$[Predios/ID_PREDIO]</td></tr>
  <tr><td><b>SUPERFICIE</b></td><td>$[Predios/SUPERFICIE]</td></tr>
  <tr><td><b>NOMBRE</b></td><td>$[Predios/NOMBRE]</td></tr>
  <tr><td><b>EMPRESA</b></td><td>$[Predios/EMPRESA]</td></tr>
  <tr><td><b>ID_ZONA</b></td><td>$[Predios/ID_ZONA]</td></tr>
  <tr><td><b>ZONA</b></td><td>$[Predios/ZONA]</td></tr>
  <tr><td><b>NOM_AREA</b></td><td>$[Predios/NOM_AREA]</td></tr>
  <tr><td><b>Shape_Leng</b></td><td>$[Predios/Shape_Leng]</td></tr>
  <tr><td><b>Shape_Area</b></td><td>$[Predios/Shape_Area]</td></tr>
</table>
]]></text>
			</BalloonStyle>
			<PolyStyle>
				<colorMode>random</colorMode>
			</PolyStyle>
		</Style>
		<Folder id="layer 0">
			<name>Predios</name>
			<Placemark>
				<styleUrl>#falseColor</styleUrl>
				<ExtendedData>
					<SchemaData schemaUrl="#S_Predios_SSSSDSSISSDD">
						<SimpleData name="OBJECTID">579</SimpleData>
						<SimpleData name="CODIGO">10728</SimpleData>
						<SimpleData name="ID_EMPRESA">3</SimpleData>
						<SimpleData name="ID_AREA">5</SimpleData>
						<SimpleData name="ID_PREDIO">10728</SimpleData>
						<SimpleData name="SUPERFICIE">72</SimpleData>
						<SimpleData name="NOMBRE">CHAMIZAL</SimpleData>
						<SimpleData name="EMPRESA">Forestal Arauco S.A.</SimpleData>
						<SimpleData name="ID_ZONA">4</SimpleData>
						<SimpleData name="ZONA">Constitucion</SimpleData>
						<SimpleData name="NOM_AREA">Valle de Cauquenes</SimpleData>
						<SimpleData name="Shape_Leng">0</SimpleData>
						<SimpleData name="Shape_Area">0</SimpleData>
					</SchemaData>
				</ExtendedData>
				<Polygon>
					<outerBoundaryIs>
						<LinearRing>
							<coordinates>
								-72.59277580899655,-36.03092824000003,0 -72.59279822699669,-36.03089792699976,0 -72.59284532499689,-36.03083424699985,0 -72.59284783599671,-36.03083084999995,0 -72.59288236399668,-36.03080119699968,0 -72.5928962539968,-36.03078926799993,0 -72.59290124799689,-36.03078497799995,0 -72.59293905199679,-36.03085939399981,0 -72.59296452299699,-36.03093059800005,0 -72.59300060699704,-36.03103147300004,0 -72.5930196419967,-36.03108468799999,0 -72.59306345799683,-36.03120718199969,0 -72.59316810999671,-36.03149974399994,0 -72.59321724299673,-36.03161982599974,0 -72.59335522899683,-36.03208714899972,0 -72.59338482399694,-36.03221153100004,0 -72.59340100499681,-36.03227953199997,0 -72.59340400599667,-36.03229214199971,0 -72.59340587099669,-36.03229998299975,0 -72.59342395399695,-36.03237597800003,0 -72.5934492779969,-36.03248240599987,0 -72.59346391999671,-36.03252580399982,0 -72.59348660399671,-36.03259302099999,0 -72.59355087299663,-36.03278349600004,0 -72.59375601099708,-36.03339144599976,0 -72.59397688199698,-36.03389021299967,0 -72.59398936099657,-36.03391839499984,0 -72.59402253499681,-36.03399330999974,0 -72.59403048399669,-36.03401125399967,0 -72.59405013499681,-36.03405562599996,0 -72.59405609599693,-36.03406432199984,0 -72.59411809099689,-36.03419032300005,0 -72.59419944299668,-36.03435567099993,0 -72.59431311499689,-36.03466501399972,0 -72.59431623599683,-36.03467350700006,0 -72.59434746399707,-36.03470015199985,0 -72.59437593899675,-36.03472934199987,0 -72.59439546099696,-36.03476312199987,0 -72.59441205199676,-36.03479684099994,0 -72.594428638997,-36.03483056399971,0 -72.59444816599711,-36.03486433999973,0 -72.59447062699718,-36.03489817999983,0 -72.59449014799706,-36.03493195800004,0 -72.59450967399681,-36.03496573699979,0 -72.59452325799693,-36.03500178399981,0 -72.59453684099694,-36.03503782999985,0 -72.59454633199687,-36.03511194600005,0 -72.5945463129968,-36.03511257699967,0 -72.59454495999685,-36.03515723000004,0 -72.59454673099695,-36.03519542199984,0 -72.59455444699664,-36.03523135099982,0 -72.59456509399708,-36.03526733499968,0 -72.59458168499712,-36.03530105500011,0 -72.59461015799671,-36.03533024500013,0 -72.5946386309969,-36.03535943499993,0 -72.59467312199668,-36.03538397499997,0 -72.59470760699678,-36.03540851399969,0 -72.59473439699704,-36.03543137699985,0 -72.59473908699674,-36.03543537900001,0 -72.59477357899668,-36.03545992199982,0 -72.594805055997,-36.03548678400009,0 -72.59484255399701,-36.03550900000011,0 -72.5948620759968,-36.03554277899985,0 -72.59486685899701,-36.03557864699962,0 -72.59488337499667,-36.03561475000001,0 -72.59490590799676,-36.03564620500007,0 -72.59493122999699,-36.03568248600003,0 -72.59496836699711,-36.0357166200001,0 -72.59497129599669,-36.03571667699995,0 -72.59500886299681,-36.03573650899967,0 -72.5950373389971,-36.03576569899997,0 -72.59506280399658,-36.03579721300002,0 -72.59508232899668,-36.03583099199999,0 -72.5950989209968,-36.03586471300004,0 -72.59510957199664,-36.03590069799993,0 -72.59511076499678,-36.03595795799973,0 -72.59511253999693,-36.03599615099993,0 -72.59512319099673,-36.03603213599967,0 -72.59512789999665,-36.03607038800013,0 -72.59512673999669,-36.0361085210001,0 -72.59512557899711,-36.03614665599969,0 -72.59511568999687,-36.03618222899988,0 -72.59509706699694,-36.03621524299979,0 -72.59506685199658,-36.03624325399985,0 -72.59503950199704,-36.03627370799988,0 -72.59501214799677,-36.03630416099981,0 -72.59498171799709,-36.03633932199983,0 -72.59496016299697,-36.03637227700003,0 -72.59493860799702,-36.03640523199991,0 -72.59491998299694,-36.03643824600004,0 -72.59490422599691,-36.03647370099976,0 -72.59489726899706,-36.03650933399997,0 -72.59489610999672,-36.03654746699982,0 -72.59490382399676,-36.03658339299998,0 -72.5949143999968,-36.03662176300011,0 -72.59491581299706,-36.0366718729997,0 -72.59491465399708,-36.0367100059999,0 -72.59491055699698,-36.03674808099979,0 -72.5949005939968,-36.036786038,0 -72.59489363699679,-36.03682167099975,0 -72.59488081099674,-36.03685718499997,0 -72.59486219299704,-36.03689019999972,0 -72.59484356799706,-36.03692321199971,0 -72.59481914999665,-36.0369537259998,0 -72.59479473199701,-36.03698423599973,0 -72.59476165599663,-36.03700980700009,0 -72.59473144299703,-36.03703781699988,0 -72.59469220399686,-36.0370728009998,0 -72.59469181399677,-36.03707482299985,0 -72.59468524799706,-36.03710843199979,0 -72.59468115299677,-36.03714650999971,0 -72.59467835699681,-36.03717250799982,0 -72.59467705799672,-36.03718458499998,0 -72.59468763999715,-36.03722295399982,0 -72.59469056999664,-36.03722301200014,0 -72.5947071669968,-36.03725673299967,0 -72.59472889599682,-36.03731440399977,0 -72.59473932899677,-36.03735753799976,0 -72.59475885599686,-36.03739131999982,0 -72.59476950699707,-36.03742730499986,0 -72.59478610199666,-36.03746102600011,0 -72.59479674799705,-36.03749701199979,0 -72.59481334099694,-36.03753073099993,0 -72.59482964099696,-36.03757398600013,0 -72.5948462359969,-36.037607706,0 -72.59485688199689,-36.03764369199982,0 -72.5948646009969,-36.03767961899993,0 -72.59486637299678,-36.03771781199976,0 -72.59487115799669,-36.03775367999965,0 -72.59487886999669,-36.03778960600004,0 -72.59488365099689,-36.03782547400011,0 -72.59489430099674,-36.03786146000001,0 -72.59490495099709,-36.03789744599991,0 -72.59490973499699,-36.03793331399988,0 -72.59491415299689,-36.03798109799995,0 -72.59491299099679,-36.03801923299991,0 -72.59491476499682,-36.03805742500005,0 -72.59491360799692,-36.03809555799983,0 -72.59490635999677,-36.03814072400002,0 -72.59489346099656,-36.03817862200015,0 -72.59488063699682,-36.03821413699976,0 -72.59486780899667,-36.03824965199979,0 -72.59486085199704,-36.03828528399998,0 -72.59485969199673,-36.038323418,0 -72.59485559699711,-36.03836148800001,0 -72.59485443699663,-36.03839962300001,0 -72.59485117299684,-36.038412069,0 -72.59484591699699,-36.03843208599966,0 -72.59484533099702,-36.03843431399989,0 -72.59484447399672,-36.03843758299993,0 -72.59484440199671,-36.03843996300003,0 -72.59481132799667,-36.03846553100009,0 -72.59476393799685,-36.0384788929996,0 -72.59471698799702,-36.03847794899986,0 -72.59464655699686,-36.03847653699994,0 -72.59460292499703,-36.03847566099979,0 -72.59459667099684,-36.03847553399974,0 -72.59454076999675,-36.0384791809997,0 -72.59450483099691,-36.03850230999981,0 -72.59450112999681,-36.03850711999999,0 -72.59446509199675,-36.03855397299991,0 -72.59444646599711,-36.03858699199987,0 -72.59443950999676,-36.03862262399994,0 -72.59441773399705,-36.03866272799982,0 -72.59440197299689,-36.03869818499975,0 -72.5943862249969,-36.03871933799971,0 -72.59437748199694,-36.03873107999994,0 -72.59434726699686,-36.03875908500012,0 -72.59430832099696,-36.03878454200001,0 -72.59426930199706,-36.03881237499999,0 -72.59422771399662,-36.03882823799958,0 -72.59418326199663,-36.03884164999965,0 -72.59413895599705,-36.03885030199999,0 -72.59407696399687,-36.03886098399982,0 -72.59403280199692,-36.03886486199962,0 -72.59401631199673,-36.03886536999986,0 -72.59398577799705,-36.03886630299971,0 -72.59394161599704,-36.03887018599974,0 -72.59387382899713,-36.03887836399991,0 -72.593811768997,-36.03889142599986,0 -72.59376760899701,-36.03889530999976,0 -72.59372337199669,-36.03890157899974,0 -72.59367019299692,-36.03891243599978,0 -72.59361856199708,-36.03891975100004,0 -72.59361120799674,-36.03892078699983,0 -72.5935669699968,-36.03892705599987,0 -72.59352259299685,-36.03893808600002,0 -72.59347527499685,-36.03894905999965,0 -72.59343097099688,-36.03895770899965,0 -72.59338658799663,-36.0389687450001,0 -72.59333325899696,-36.03898436499998,0 -72.5932916699971,-36.03900022799979,0 -72.59324993399694,-36.03902084799991,0 -72.59323928299673,-36.03902430799974,0 -72.59320841499701,-36.03903432299959,0 -72.59316682099706,-36.03905018400003,0 -72.59311950899686,-36.03906115500003,0 -72.59305767499659,-36.03908284500011,0 -72.59294374799687,-36.03911157399997,0 -72.59286337099677,-36.03913184999968,0 -72.59286188199664,-36.03913229599994,0 -72.59283645699661,-36.03914199299979,0 -72.59282029299665,-36.03914815199985,0 -72.59276638299663,-36.03918284199991,0 -72.59274775999715,-36.03921585899996,0 -72.59272612599666,-36.03925119599959,0 -72.59272620399678,-36.03924880899989,0 -72.59270178399699,-36.03927932099996,0 -72.59268308599705,-36.03931471699995,0 -72.59266446299695,-36.03934773300006,0 -72.59264870199708,-36.03938318699998,0 -72.59263007899685,-36.03941619899999,0 -72.59261431599661,-36.03945165799963,0 -72.59259547399704,-36.03949181999987,0 -72.59257391699681,-36.039524772,0 -72.59255521999701,-36.03956016800004,0 -72.59252750499661,-36.03960253899982,0 -72.59250888099683,-36.03963555099998,0 -72.59248732199663,-36.03966850499965,0 -72.59246290599695,-36.03969901699981,0 -72.59245675999686,-36.0397047129998,0 -72.59245528999713,-36.03970607599975,0 -72.59244056099679,-36.03971973099988,0 -72.59243268699716,-36.03972702699997,0 -72.592402470997,-36.03975503800007,0 -72.59236631299699,-36.03978531399978,0 -72.59233030199682,-36.03981082399995,0 -72.59229156999703,-36.03982912400011,0 -72.59223208099665,-36.03985416099974,0 -72.59223215099701,-36.03985177799976,0 -72.5921878409971,-36.03986042699976,0 -72.59214346399686,-36.03987146099961,0 -72.59209922799712,-36.03987772600005,0 -72.59205499299684,-36.03988399200001,0 -72.59201082899691,-36.03988787199973,0 -72.59196358499705,-36.03989646499992,0 -72.59191942299681,-36.03990034399996,0 -72.59186359399675,-36.03990160699968,0 -72.59181356199664,-36.03990537499968,0 -72.59176939799673,-36.03990925299988,0 -72.59173325399668,-36.0399124319999,0 -72.59172523599696,-36.03991313699982,0 -72.59168099899684,-36.0399194010001,0 -72.591680074997,-36.03991953299999,0 -72.59163676399669,-36.03992566599982,0 -72.59159259999709,-36.039929551,0 -72.59154807299703,-36.03994534799991,0 -72.59149188399685,-36.03995852699964,0 -72.59144757499681,-36.03996717499974,0 -72.59140598099698,-36.03998303299975,0 -72.59136431599708,-36.04000127399984,0 -72.59132837299687,-36.04002440099978,0 -72.59129522499688,-36.04005235099975,0 -72.5912678699968,-36.04008280499965,0 -72.59126083699672,-36.04012082099996,0 -72.59125387999674,-36.04015645099997,0 -72.59125858699679,-36.04019470199978,0 -72.59127019399702,-36.0402147839996,0 -72.59127811199701,-36.04022848200015,0 -72.59131252799658,-36.04025540899976,0 -72.59133506099697,-36.04028686199977,0 -72.59134864299651,-36.04032290800009,0 -72.5913544299971,-36.04034985999998,0 -72.59135635699695,-36.04035883400005,0 -72.59135812999698,-36.04039702700009,0 -72.59135117099677,-36.04043266199992,0 -72.59133240199712,-36.04047043899977,0 -72.59129367199682,-36.04048873899966,0 -72.59124921799683,-36.04050215399974,0 -72.5912049059971,-36.04051080299991,0 -72.59116433799684,-36.04052088699991,0 -72.59113389799705,-36.04052845400005,0 -72.59109230699687,-36.04054431199999,0 -72.59104195399675,-36.04055856099978,0 -72.5910396649966,-36.04055660799973,0 -72.59099506099699,-36.04055571099993,0 -72.59095016299655,-36.04056434799995,0 -72.59090755699657,-36.04057493999994,0 -72.59086477799669,-36.04059124899975,0 -72.59081941499697,-36.04061513800013,0 -72.5908173669966,-36.04061711499975,0 -72.59079037199655,-36.04064317199971,0 -72.59076590699668,-36.0406751139997,0 -72.59074802799702,-36.04070097400004,0 -72.59074378999691,-36.04070710199976,0 -72.59073329599671,-36.04074313999973,0 -72.5907274959971,-36.04077927300001,0 -72.59072639199704,-36.04081550000004,0 -72.59072568899713,-36.04083856099989,0 -72.59072552999689,-36.04084378300013,0 -72.59072528699672,-36.040851726,0 -72.59072418299714,-36.04088795300004,0 -72.59072307899675,-36.04092418099994,0 -72.59072197499709,-36.04096040800008,0 -72.59072545099679,-36.04100054199973,0 -72.59073373599671,-36.04103695699988,0 -72.59073915199706,-36.04109048599995,0 -72.5907390939968,-36.04109239299975,0 -72.59073798999708,-36.04112861999971,0 -72.59073424799658,-36.04117433200002,0 -72.59072375099707,-36.04121036999978,0 -72.59071325699686,-36.04124640799999,0 -72.59070510999656,-36.04128249299989,0 -72.5906969629968,-36.0413185789999,0 -72.59068646899712,-36.04135461699988,0 -72.5906805909968,-36.04136852599996,0 -72.5906712799969,-36.04139056100002,0 -72.59064892899666,-36.04143017599979,0 -72.59061759499691,-36.04145625599994,0 -72.59057692799686,-36.04148024000001,0 -72.5905433059969,-36.04150436599983,0 -72.59052118899679,-36.0415363539998,0 -72.59050834599691,-36.04157234500013,0 -72.59050254599696,-36.04160847800001,0 -72.59050573099677,-36.04165814599974,0 -72.59050462699686,-36.04169437299988,0 -72.59049636299704,-36.0417342710001,0 -72.59047653399695,-36.04176821300001,0 -72.59044748999703,-36.04179624700004,0 -72.59040699899718,-36.04181451100013,0 -72.59036439199664,-36.04182510199973,0 -72.59031714699699,-36.04183369099986,0 -72.59027225099683,-36.04184232800003,0 -72.59023113799678,-36.04184325700015,0 -72.5902275869966,-36.04184333699961,0 -72.59018298099667,-36.0418424399997,0 -72.59013854899695,-36.04183582299994,0 -72.59012739499683,-36.04183416099978,0 -72.59009411799671,-36.04182920599983,0 -72.59004968599663,-36.04182258799972,0 -72.59000507999667,-36.04182169099994,0 -72.58996464599677,-36.04183804899991,0 -72.58992873399706,-36.04186022099989,0 -72.58989963099668,-36.04189016099979,0 -72.58989651399695,-36.04189450600007,0 -72.58987264299675,-36.041927775,0 -72.58986994699708,-36.04193916800003,0 -72.58985246699663,-36.04197315799998,0 -72.58984431899668,-36.04200924299973,0 -72.58984086599708,-36.04204542200003,0 -72.5898350669967,-36.04208155399988,0 -72.58983396199649,-36.04211778099972,0 -72.5898326009968,-36.04212924999973,0 -72.58983163199693,-36.04225528900011,0 -72.58985050299701,-36.04236151699993,0 -72.58985857299656,-36.04238919099976,0 -72.58987625099702,-36.04242579399983,0 -72.58988688399701,-36.04246225799996,0 -72.58990696699659,-36.0424970029998,0 -72.58991760099683,-36.04253346599976,0 -72.58994626099663,-36.0425950930001,0 -72.58994620199674,-36.04259699899984,0 -72.58996071799689,-36.04266025100014,0 -72.58997135199697,-36.04269671299982,0 -72.5899819849966,-36.0427331769997,0 -72.59000818199665,-36.04279856999995,0 -72.59002122199705,-36.04283317000002,0 -72.59002715999698,-36.04286954199989,0 -72.59003779399674,-36.04290600500005,0 -72.59003984399668,-36.04290955400006,0 -72.59005787699692,-36.04294074999999,0 -72.59007326499656,-36.04297539899991,0 -72.59009334799678,-36.04301014400006,0 -72.59011583599691,-36.04304303100006,0 -72.59014073099662,-36.04307405700001,0 -72.59017037999685,-36.04310327100013,0 -72.59019762199706,-36.04313434200012,0 -72.59021981999702,-36.04317676199997,0 -72.59022544899682,-36.0431901879999,0 -72.59023514999704,-36.04321332000012,0 -72.59023639299683,-36.0432495909998,0 -72.59023763599693,-36.04328586700001,0 -72.59023647299655,-36.04332400099982,0 -72.59023302099675,-36.0433601790001,0 -72.59022722099684,-36.04339631399977,0 -72.59022611599659,-36.04343254000003,0 -72.59020828799692,-36.04347796900009,0 -72.59018616999668,-36.04350995799972,0 -72.59016500099688,-36.04353038999995,0 -72.59015712499701,-36.04353799199993,0 -72.59012349999688,-36.04356211799982,0 -72.59008300799663,-36.04358037999987,0 -72.59004028399659,-36.04359478399999,0 -72.58999984799657,-36.04361114299974,0 -72.58995718199699,-36.04362363899995,0 -72.58991451599694,-36.04363613600003,0 -72.58987408099679,-36.04365248999972,0 -72.58983364599683,-36.04366884999998,0 -72.58977167499692,-36.04369812999966,0 -72.58973123899706,-36.04371448700008,0 -72.58968851499701,-36.04372888999981,0 -72.5896480219966,-36.04374715500006,0 -72.5896121079971,-36.04376932599988,0 -72.58956433899699,-36.04379507199977,0 -72.5895284249971,-36.04381724699979,0 -72.5894901639966,-36.04383936800008,0 -72.58948234399683,-36.04384289799989,0 -72.58944967199652,-36.04385763299985,0 -72.5894455329971,-36.04386107899972,0 -72.58941833799678,-36.04388371199973,0 -72.589377436997,-36.04391532399955,0 -72.58932702799697,-36.04395056000011,0 -72.58929111399702,-36.04397272699998,0 -72.58927972099693,-36.04398090099998,0 -72.58925748999687,-36.04399685699974,0 -72.58921459099683,-36.04401698000004,0 -72.58917638699684,-36.04403719199994,0 -72.58914499299695,-36.04406518299978,0 -72.58910890499699,-36.04409307299989,0 -72.58907458299703,-36.04414007599988,0 -72.58906643399686,-36.04417616399965,0 -72.58906737999665,-36.04420380900002,0 -72.58906767599686,-36.04421243899991,0 -72.58907126699663,-36.04424876400008,0 -72.58908430699699,-36.04428336299988,0 -72.58909259199706,-36.0443197779997,0 -72.58910504999704,-36.04437345099993,0 -72.58910499199686,-36.04437535800006,0 -72.58910987899682,-36.04439683700008,0 -72.58911327799704,-36.04441177299998,0 -72.58911898299658,-36.04445576600002,0 -72.58912726999675,-36.04449218200006,0 -72.589135554997,-36.04452859699975,0 -72.5891485369966,-36.0445651090001,0 -72.58916157599661,-36.0445997109999,0 -72.58916516699699,-36.04463603199991,0 -72.58916640899685,-36.04467230800005,0 -72.58916765199687,-36.04470858399986,0 -72.58916889499699,-36.04474485399976,0 -72.58916515099705,-36.04479056599978,0 -72.58915935099661,-36.04482669900008,0 -72.5891488559967,-36.04486273700004,0 -72.5891336629971,-36.04489868100012,0 -72.58911142799691,-36.04493448099979,0 -72.58908467199656,-36.04496446899981,0 -72.58905562599682,-36.04499250199977,0 -72.58901965399681,-36.04501658399994,0 -72.58900530999695,-36.04502417399965,0 -72.58898144899685,-36.04503679799979,0 -72.58893608499693,-36.04506068700001,0 -72.58886906699658,-36.04510131300012,0 -72.588851876997,-36.04512576699964,0 -72.588850829997,-36.04516009099972,0 -72.58884502999689,-36.04519621900002,0 -72.58884469499655,-36.04519971100004,0 -72.58884157599699,-36.04523239900005,0 -72.58884047099708,-36.04526862599985,0 -72.5888463509969,-36.04530689999992,0 -72.58885463599675,-36.04534331899992,0 -72.58886526999686,-36.04537977999976,0 -72.58886679499672,-36.045383214,0 -72.58883854199679,-36.04538356899989,0 -72.588838435997,-36.04538356599989,0 -72.58883832999666,-36.04538356199981,0 -72.58867198599661,-36.04537233200002,0 -72.58860901899692,-36.04536808099979,0 -72.58860607399681,-36.04536788299969,0 -72.58814163999664,-36.04533651699981,0 -72.58752320499681,-36.0452889469999,0 -72.58727208599663,-36.04527274499969,0 -72.58720767299693,-36.04526858899965,0 -72.58706066999707,-36.04525910500004,0 -72.58703437899668,-36.04525740699992,0 -72.58673188899661,-36.04523789299969,0 -72.58656133999675,-36.04522453800004,0 -72.58593036799701,-36.04517513799997,0 -72.58592652199674,-36.04517483699964,0 -72.58581481299683,-36.04516999599991,0 -72.58560434599659,-36.04517373500006,0 -72.58558672699677,-36.04517404699974,0 -72.58529038499678,-36.0451793179999,0 -72.58526001199698,-36.04517985699988,0 -72.58519368099677,-36.04518103499978,0 -72.58517111199706,-36.04518143499985,0 -72.58486425599678,-36.04521264899972,0 -72.58478536199651,-36.04521106299978,0 -72.58472651799694,-36.04519918799976,0 -72.5846287159967,-36.04517050299972,0 -72.5844489439967,-36.04511062400007,0 -72.58440034799676,-36.0450944369997,0 -72.58431287099707,-36.04506530399976,0 -72.5842305139965,-36.04503287099993,0 -72.58416497299673,-36.04500706399995,0 -72.58415808899667,-36.04500435899997,0 -72.58414266299663,-36.04499828299979,0 -72.58406261099682,-36.04496675899991,0 -72.58402698699668,-36.04494641699995,0 -72.58401030099702,-36.04493689399988,0 -72.58398662399669,-36.04492336900008,0 -72.58393812199667,-36.04490646799997,0 -72.58393968399702,-36.04489379799998,0 -72.58394186799651,-36.04487608799991,0 -72.58399981299682,-36.0444062489999,0 -72.58402061899685,-36.04423755199975,0 -72.58406270699685,-36.04389629099981,0 -72.58407600999666,-36.04346103199973,0 -72.58407701099671,-36.04342828500006,0 -72.5840778109966,-36.04339316700001,0 -72.58408753699655,-36.0429660550001,0 -72.58408235499681,-36.0429022270001,0 -72.58407182699655,-36.04277256599988,0 -72.58406278599658,-36.04259677299979,0 -72.58406395799658,-36.04255842599991,0 -72.58406530199679,-36.04251447099987,0 -72.58406872899698,-36.04240235799993,0 -72.5840688419967,-36.04239867099968,0 -72.58407011799696,-36.04235691999973,0 -72.58406995999687,-36.04235480100007,0 -72.58406926299678,-36.04234547799975,0 -72.58406591399695,-36.04230072299999,0 -72.58406120599696,-36.04226872499992,0 -72.58405021599661,-36.04219402500009,0 -72.58404776599696,-36.04217737699977,0 -72.58404576399658,-36.0421532739997,0 -72.58404489499698,-36.04212787299998,0 -72.58403691399673,-36.0420468070001,0 -72.58401308999656,-36.04179446799997,0 -72.58399503399653,-36.04160323399987,0 -72.58394431499687,-36.04106338299997,0 -72.58395561999659,-36.0409193889997,0 -72.58396951799675,-36.04074240699987,0 -72.5839801459968,-36.04065773399966,0 -72.58398070499682,-36.04065327699981,0 -72.58398058499681,-36.04065112000007,0 -72.58398250699683,-36.04062216199996,0 -72.5840452449966,-36.04061821400013,0 -72.58411980099658,-36.0406135149997,0 -72.58413345799664,-36.0406137929998,0 -72.58429667899694,-36.04061708099963,0 -72.58436470699674,-36.04061845300015,0 -72.58460294399684,-36.04060569399973,0 -72.5848863699966,-36.0405294579997,0 -72.5850966859969,-36.04048686299973,0 -72.58523372699696,-36.04048377299969,0 -72.58546405399667,-36.04046896500001,0 -72.58558036599686,-36.04046148800001,0 -72.58566764399691,-36.04046324599977,0 -72.58570351499682,-36.04045866699992,0 -72.58576951699705,-36.04046093899979,0 -72.58581615999654,-36.0404625429997,0 -72.58589079399668,-36.04046511099975,0 -72.5860314869968,-36.04048931599967,0 -72.58614627299694,-36.04052725999976,0 -72.58639292599703,-36.04060879000004,0 -72.586648105997,-36.04069711,0 -72.58668285899681,-36.04070613999988,0 -72.58688960799699,-36.04078054499979,0 -72.58705403399659,-36.04082483099962,0 -72.58714730899683,-36.04083841699978,0 -72.58726959099693,-36.04084673199989,0 -72.58738483899658,-36.04084905499986,0 -72.58766754199684,-36.04079620699994,0 -72.58798609199663,-36.04074993599986,0 -72.58801220299651,-36.04074841399983,0 -72.58820992699694,-36.04073688199976,0 -72.5884306869966,-36.04070620099987,0 -72.58856547799705,-36.04070118599991,0 -72.58857088299695,-36.04070189099988,0 -72.58862190399692,-36.04070853899972,0 -72.58873547899664,-36.04072333800007,0 -72.58890029699663,-36.04076411900001,0 -72.58900046399663,-36.04080734799977,0 -72.58900240099703,-36.04080766299981,0 -72.58904938899659,-36.04081537800005,0 -72.58907848999675,-36.04082015399991,0 -72.58917552799669,-36.04081461299969,0 -72.58924467899705,-36.04081600399984,0 -72.58930779599659,-36.04082664200001,0 -72.58934564099677,-36.04083302100011,0 -72.58957499999696,-36.04087509799984,0 -72.58969486099677,-36.04087750899976,0 -72.58976058999677,-36.04086029799987,0 -72.58977331699683,-36.04085046000006,0 -72.5897908929968,-36.04081341599993,0 -72.58979556299678,-36.04076810199982,0 -72.58974013999699,-36.04064410499985,0 -72.58956454699681,-36.04041618600002,0 -72.58950132899695,-36.04033210499971,0 -72.58947193599681,-36.04026102599999,0 -72.58946493199687,-36.04024409199994,0 -72.58946457099695,-36.04024321399969,0 -72.58946109099696,-36.04014163499986,0 -72.58943739899699,-36.04005567799977,0 -72.58939572599694,-36.04002011199966,0 -72.58936326299681,-36.04000610299988,0 -72.58926144499689,-36.04000138299983,0 -72.58911377299685,-36.0399904009999,0 -72.58905830099711,-36.03997592899986,0 -72.58901605699678,-36.03995904899995,0 -72.58895284099702,-36.03987496799976,0 -72.58888966699698,-36.03972148400009,0 -72.58888853599697,-36.03971873999973,0 -72.58888636799703,-36.03971577799968,0 -72.58887248899698,-36.03969176900005,0 -72.58885147999698,-36.03965855099968,0 -72.58883046999691,-36.03962534199985,0 -72.58881688799683,-36.03958929200007,0 -72.58880779199676,-36.03952650799977,0 -72.58881146099708,-36.03952658200007,0 -72.58880585099689,-36.03946983500003,0 -72.58882161399711,-36.03943437700002,0 -72.58882279499682,-36.03939564599971,0 -72.58883122199667,-36.039360044,0 -72.58883652599663,-36.03930649199989,0 -72.58883770699688,-36.03926776799978,0 -72.58883888999679,-36.03922903599973,0 -72.58883640199704,-36.03919023099974,0 -72.58883015599686,-36.03915433299963,0 -72.58882775999693,-36.03911255099991,0 -72.588821513997,-36.03907665300002,0 -72.58881902899671,-36.03903785499978,0 -72.58881654099677,-36.03899905000001,0 -72.58881029499683,-36.0389631510001,0 -72.5888003809969,-36.0389271799997,0 -72.58878679899703,-36.03889113699972,0 -72.58877688499658,-36.03885515999986,0 -72.5887633049967,-36.03881911600009,0 -72.58874972199695,-36.03878307199977,0 -72.58871897999695,-36.03870792599978,0 -72.58870906899674,-36.03867195599997,0 -72.58869915299678,-36.03863598500011,0 -72.58869584199657,-36.03861695499975,0 -72.58869574399675,-36.03861639299996,0 -72.58869290799677,-36.03860008599991,0 -72.58868666299708,-36.0385641869998,0 -72.58868784299702,-36.03852546099971,0 -72.58868535599707,-36.03848665799992,0 -72.58867562399669,-36.03844472799977,0 -72.58866937799652,-36.03840883099991,0 -72.58865946399679,-36.03837285899959,0 -72.58864955399702,-36.03833688700013,0 -72.58862890599691,-36.03829175699992,0 -72.58861165799676,-36.03825563600003,0 -72.58859440599699,-36.03821951899996,0 -72.58858666799676,-36.03820331599999,0 -72.58857715599686,-36.03818339600009,0 -72.58855990599675,-36.03814728099994,0 -72.58854632499666,-36.03811123500001,0 -72.58853641099684,-36.03807526399965,0 -72.58852649599685,-36.03803929199996,0 -72.5885169459966,-36.03799140400009,0 -72.58851822299684,-36.03794969300004,0 -72.58852188599671,-36.03794976499976,0 -72.58849793899657,-36.03789264799989,0 -72.58849169499712,-36.03785675099986,0 -72.58848554099698,-36.03781787399988,0 -72.58848680899661,-36.03777616299987,0 -72.58848798999695,-36.03773743599994,0 -72.58848816099704,-36.03773599499976,0 -72.58849292999705,-36.03769580099993,0 -72.58849778199684,-36.03765714599967,0 -72.588506207997,-36.0376215390001,0 -72.58852196899664,-36.03758608899989,0 -72.58852681899704,-36.03754743400009,0 -72.58853891299695,-36.03751190099965,0 -72.58853642699668,-36.03747310099993,0 -72.58853760799668,-36.03743437199994,0 -72.5885351219967,-36.03739556700009,0 -72.58852154399675,-36.0373595239998,0 -72.58850795799694,-36.03732347800008,0 -72.58848704099704,-36.03728728399978,0 -72.58847471699698,-36.03725457999994,0 -72.58847345899709,-36.0372512399998,0 -72.58845621199708,-36.03721512099975,0 -72.58843896399705,-36.0371790019997,0 -72.58842904699652,-36.0371430300001,0 -72.58841546699688,-36.03710698500015,0 -72.58840922199664,-36.03707108699968,0 -72.58840297499697,-36.03703518900005,0 -72.5883967289969,-36.03699928999981,0 -72.58838690599691,-36.03696034099985,0 -72.588376993997,-36.03692436999997,0 -72.58837074799688,-36.036888471,0 -72.58835734699697,-36.03684646799984,0 -72.58834743599675,-36.03681049599997,0 -72.58833751999695,-36.03677452499966,0 -72.58832760899686,-36.03673855299989,0 -72.58831769299658,-36.03670258100006,0 -72.58830778399698,-36.03666660899969,0 -72.58830153499692,-36.03663071099989,0 -72.58829905099653,-36.03659190899996,0 -72.58829280499678,-36.03655601099993,0 -72.58829398399672,-36.0365172810001,0 -72.58829516599683,-36.03647855200001,0 -72.58829634699698,-36.03643982299985,0 -72.58829386099663,-36.03640101999966,0 -72.58828222099709,-36.03636332599969,0 -72.58828333199671,-36.03634841399992,0 -72.58828398599675,-36.03633954799994,0 -72.58828449999672,-36.03632271000009,0 -72.58828568399666,-36.03628398099971,0 -72.58828686299661,-36.0362452509998,0 -72.58828437599664,-36.03620644800009,0 -72.58828555699692,-36.036167719,0 -72.58828673899707,-36.03612898899987,0 -72.58828791999669,-36.03609025999976,0 -72.58828543399706,-36.03605145700005,0 -72.58827570199681,-36.03600952699992,0 -72.58826578899686,-36.0359735559997,0 -72.58826293899658,-36.03594666899999,0 -72.58823165299658,-36.03588939999997,0 -72.5881956099967,-36.03586780799994,0 -72.58815965899655,-36.03584323699994,0 -72.58812361399706,-36.03582164399984,0 -72.5881147249971,-36.03581556999992,0 -72.58808766399667,-36.03579707099974,0 -72.58808010899699,-36.03579308399996,0 -72.58804070499662,-36.03577227899987,0 -72.5880159369967,-36.03574196999992,0 -72.58800235599652,-36.03570592399993,0 -72.58801812199663,-36.03567046999988,0 -72.58803520599673,-36.03563743799987,0 -72.58804803899675,-36.03561263999995,0 -72.58805322099671,-36.0356026119997,0 -72.58807632199662,-36.03556730499978,0 -72.58810308699685,-36.03553207199988,0 -72.5881260959965,-36.03549974399994,0 -72.58814919299689,-36.03546443899986,0 -72.5881758689967,-36.03543218299993,0 -72.58818796299674,-36.03539665399973,0 -72.58819281699682,-36.03535799799989,0 -72.58819348699693,-36.03533587899995,0 -72.58819399399681,-36.03531926900004,0 -72.58819517899677,-36.03528054000009,0 -72.58819635699709,-36.03524181100011,0 -72.58819762899688,-36.03520010499991,0 -72.58820605599706,-36.03516449999987,0 -72.58822181799661,-36.03512904599979,0 -72.58824840399679,-36.03509977099989,0 -72.58828589999654,-36.03507369899994,0 -72.58832321899679,-36.03505357899976,0 -72.5883268829968,-36.03505365499991,0 -72.58840464099708,-36.03503137299972,0 -72.58844552999663,-36.03501430599977,0 -72.58850842999671,-36.03499768599991,0 -72.5885533529966,-36.03496878299968,0 -72.58859067099701,-36.03494866700007,0 -72.58862101199661,-36.03491648400003,0 -72.58865144799708,-36.03488132399988,0 -72.58867445399687,-36.03484899599994,0 -72.58867196899689,-36.03481019200007,0 -72.58867314799696,-36.03477146299964,0 -72.58867171399675,-36.03474908899977,0 -72.5886706609971,-36.0347326619998,0 -72.58866826599657,-36.03469087899998,0 -72.58865835199701,-36.03465490799999,0 -72.58864843899654,-36.03461893699993,0 -72.58863852499712,-36.03458296600011,0 -72.58863228099693,-36.03454706799997,0 -72.58863345999687,-36.03450844799982,0 -72.58864280899711,-36.03447002899992,0 -72.58865398299679,-36.03443720499976,0 -72.58866240799658,-36.03440160300011,0 -72.5886745039966,-36.03436607399987,0 -72.58869393199674,-36.03433069399976,0 -72.58871693899702,-36.03429836699984,0 -72.58873994599671,-36.03426604100002,0 -72.58876295199649,-36.03423371299991,0 -72.58878595899698,-36.03420137999995,0 -72.58880905699699,-36.03416607299982,0 -72.58883206399705,-36.03413374499965,0 -72.58885864799684,-36.03410446899994,0 -72.58886707399679,-36.03406886699977,0 -72.58887550099693,-36.03403326399991,0 -72.58888392599668,-36.0339976619999,0 -72.58889235299702,-36.03396206000007,0 -72.5889007779969,-36.03392645799963,0 -72.58890562999669,-36.03388780599977,0 -72.58891047499712,-36.03384914599985,0 -72.58891890299671,-36.03381354299982,0 -72.58892374999658,-36.03377489000002,0 -72.58893584399665,-36.03373936000011,0 -72.58895527399683,-36.03370398199982,0 -72.5889747249969,-36.03367424699994,0 -72.58897837199697,-36.03366867099964,0 -72.58901219999701,-36.03364252199997,0 -72.58901416399677,-36.03364171599995,0 -72.58906051799666,-36.03362262699969,0 -72.58909792399683,-36.03359953099997,0 -72.58913881499683,-36.03358247000002,0 -72.58914248499677,-36.03358254199988,0 -72.58920398799653,-36.03356350900007,0 -72.58925122699699,-36.03355492399988,0 -72.58930447999654,-36.03354168199996,0 -72.58935186499707,-36.03352832899998,0 -72.5894762679966,-36.03349267299986,0 -72.58951792999706,-36.03347443400003,0 -72.58955401299687,-36.03344654400011,0 -72.5895961109966,-36.03341399899975,0 -72.58962632499683,-36.03338598899983,0 -72.58966269899666,-36.03334856300001,0 -72.58968719099677,-36.0333156689999,0 -72.58971740499673,-36.03328766000019,0 -72.58974189699668,-36.03325476599996,0 -72.58976638899665,-36.03322187100008,0 -72.58979689399686,-36.03318432800001,0 -72.58982710799664,-36.03315631799973,0 -72.5898457309967,-36.03312330599966,0 -72.58987594599684,-36.03309529599988,0 -72.58989456899684,-36.03306228299983,0 -72.58993655899658,-36.03293842499999,0 -72.59006593899711,-36.03276237599987,0 -72.59025131499689,-36.0325069879997,0 -72.59035601899697,-36.03230874800003,0 -72.59043771499712,-36.03211004499985,0 -72.590462885997,-36.03193157500002,0 -72.59046502799666,-36.0319110489997,0 -72.59046564199669,-36.03190515699987,0 -72.59046845499677,-36.03187817899971,0 -72.5904710049969,-36.03185372400011,0 -72.59047325599673,-36.03183214099982,0 -72.5904781569966,-36.03178515199971,0 -72.59048016499699,-36.03176589299984,0 -72.59048021899682,-36.03176537399985,0 -72.59048188899703,-36.03174936099973,0 -72.59048410199701,-36.03172813699967,0 -72.59048423799685,-36.0317268349998,0 -72.59049310299687,-36.03164183099998,0 -72.59055037499687,-36.03162876899992,0 -72.59056098299709,-36.03162634899974,0 -72.59063660199661,-36.03161290899967,0 -72.59078049599671,-36.03158733299967,0 -72.59086989299692,-36.03157144399972,0 -72.59088503199666,-36.03156875299971,0 -72.59113364899673,-36.03150429699978,0 -72.59131194999698,-36.03142720099989,0 -72.59134027099699,-36.03141495500012,0 -72.59150063399657,-36.03133269599982,0 -72.5915754819968,-36.03128285399984,0 -72.59159798099695,-36.03126787099968,0 -72.59183512399666,-36.03104023400011,0 -72.59188583499676,-36.03100103399968,0 -72.59192269199687,-36.03097254099996,0 -72.59200672799682,-36.0309127899998,0 -72.59210589699674,-36.03089608399997,0 -72.5921454179967,-36.03089420599984,0 -72.59224672899705,-36.03089624200004,0 -72.59226373999685,-36.03089658299981,0 -72.59230840199703,-36.0309072689999,0 -72.59244656899682,-36.03094032499971,0 -72.59245263299665,-36.0309413139999,0 -72.592577471997,-36.03096165399996,0 -72.59267867699661,-36.03096634299977,0 -72.59267927799679,-36.03096637099991,0 -72.59272906599679,-36.03095134299969,0 -72.59277580899655,-36.03092824000003,0 
							</coordinates>
						</LinearRing>
					</outerBoundaryIs>
				</Polygon>
			</Placemark>
		</Folder>
	</Document>
	<Document>
		<name>Canchas.shp</name>
		<Schema name="Canchas" id="S_Canchas_SSSSSSSSSSSSSSSSSSII">
			<SimpleField type="long" name="OBJECTID"><displayName>&lt;b&gt;OBJECTID&lt;/b&gt;</displayName>
</SimpleField>
			<SimpleField type="long" name="IDCANCHA"><displayName>&lt;b&gt;IDCANCHA&lt;/b&gt;</displayName>
</SimpleField>
			<SimpleField type="long" name="IDESTADOCO"><displayName>&lt;b&gt;IDESTADOCO&lt;/b&gt;</displayName>
</SimpleField>
			<SimpleField type="long" name="IDESTADOMA"><displayName>&lt;b&gt;IDESTADOMA&lt;/b&gt;</displayName>
</SimpleField>
			<SimpleField type="long" name="IDTIPOCANC"><displayName>&lt;b&gt;IDTIPOCANC&lt;/b&gt;</displayName>
</SimpleField>
			<SimpleField type="long" name="IDTIPOFORM"><displayName>&lt;b&gt;IDTIPOFORM&lt;/b&gt;</displayName>
</SimpleField>
			<SimpleField type="string" name="CARPETA"><displayName>&lt;b&gt;CARPETA&lt;/b&gt;</displayName>
</SimpleField>
			<SimpleField type="string" name="CARPETAOBJ"><displayName>&lt;b&gt;CARPETAOBJ&lt;/b&gt;</displayName>
</SimpleField>
			<SimpleField type="string" name="REQUERIMIE"><displayName>&lt;b&gt;REQUERIMIE&lt;/b&gt;</displayName>
</SimpleField>
			<SimpleField type="long" name="LARGO"><displayName>&lt;b&gt;LARGO&lt;/b&gt;</displayName>
</SimpleField>
			<SimpleField type="long" name="ANCHO"><displayName>&lt;b&gt;ANCHO&lt;/b&gt;</displayName>
</SimpleField>
			<SimpleField type="long" name="IDREQUERIM"><displayName>&lt;b&gt;IDREQUERIM&lt;/b&gt;</displayName>
</SimpleField>
			<SimpleField type="long" name="NUM_EST1"><displayName>&lt;b&gt;NUM_EST1&lt;/b&gt;</displayName>
</SimpleField>
			<SimpleField type="long" name="NUM_EST2"><displayName>&lt;b&gt;NUM_EST2&lt;/b&gt;</displayName>
</SimpleField>
			<SimpleField type="long" name="NUM_EST3"><displayName>&lt;b&gt;NUM_EST3&lt;/b&gt;</displayName>
</SimpleField>
			<SimpleField type="long" name="NUM_EST4"><displayName>&lt;b&gt;NUM_EST4&lt;/b&gt;</displayName>
</SimpleField>
			<SimpleField type="string" name="CODIGOPROY"><displayName>&lt;b&gt;CODIGOPROY&lt;/b&gt;</displayName>
</SimpleField>
			<SimpleField type="string" name="CREATED_US"><displayName>&lt;b&gt;CREATED_US&lt;/b&gt;</displayName>
</SimpleField>
			<SimpleField type="string" name="CREATED_DA"><displayName>&lt;b&gt;CREATED_DA&lt;/b&gt;</displayName>
</SimpleField>
			<SimpleField type="string" name="LAST_EDITE"><displayName>&lt;b&gt;LAST_EDITE&lt;/b&gt;</displayName>
</SimpleField>
			<SimpleField type="string" name="LAST_EDI_1"><displayName>&lt;b&gt;LAST_EDI_1&lt;/b&gt;</displayName>
</SimpleField>
			<SimpleField type="string" name="ORIGEN"><displayName>&lt;b&gt;ORIGEN&lt;/b&gt;</displayName>
</SimpleField>
			<SimpleField type="string" name="SUPERVISOR"><displayName>&lt;b&gt;SUPERVISOR&lt;/b&gt;</displayName>
</SimpleField>
			<SimpleField type="string" name="EMSEFORTIE"><displayName>&lt;b&gt;EMSEFORTIE&lt;/b&gt;</displayName>
</SimpleField>
			<SimpleField type="string" name="EMSEFORRIP"><displayName>&lt;b&gt;EMSEFORRIP&lt;/b&gt;</displayName>
</SimpleField>
			<SimpleField type="string" name="FECHAAVANC"><displayName>&lt;b&gt;FECHAAVANC&lt;/b&gt;</displayName>
</SimpleField>
			<SimpleField type="string" name="FECHAAVA_1"><displayName>&lt;b&gt;FECHAAVA_1&lt;/b&gt;</displayName>
</SimpleField>
			<SimpleField type="string" name="ESTADOAVAN"><displayName>&lt;b&gt;ESTADOAVAN&lt;/b&gt;</displayName>
</SimpleField>
			<SimpleField type="string" name="ESTADOAV_1"><displayName>&lt;b&gt;ESTADOAV_1&lt;/b&gt;</displayName>
</SimpleField>
			<SimpleField type="string" name="TEMPORADA"><displayName>&lt;b&gt;TEMPORADA&lt;/b&gt;</displayName>
</SimpleField>
			<SimpleField type="string" name="ID_PREDIO"><displayName>&lt;b&gt;ID_PREDIO&lt;/b&gt;</displayName>
</SimpleField>
			<SimpleField type="int" name="PMOC"><displayName>&lt;b&gt;PMOC&lt;/b&gt;</displayName>
</SimpleField>
			<SimpleField type="int" name="ACTA"><displayName>&lt;b&gt;ACTA&lt;/b&gt;</displayName>
</SimpleField>
		</Schema>
		<Style id="hlightPointStyle">
			<IconStyle>
				<Icon>
					<href>http://maps.google.com/mapfiles/kml/shapes/placemark_circle_highlight.png</href>
				</Icon>
			</IconStyle>
			<BalloonStyle>
				<text><![CDATA[<table border="0">
  <tr><td><b>OBJECTID</b></td><td>$[Canchas/OBJECTID]</td></tr>
  <tr><td><b>IDCANCHA</b></td><td>$[Canchas/IDCANCHA]</td></tr>
  <tr><td><b>IDESTADOCO</b></td><td>$[Canchas/IDESTADOCO]</td></tr>
  <tr><td><b>IDESTADOMA</b></td><td>$[Canchas/IDESTADOMA]</td></tr>
  <tr><td><b>IDTIPOCANC</b></td><td>$[Canchas/IDTIPOCANC]</td></tr>
  <tr><td><b>IDTIPOFORM</b></td><td>$[Canchas/IDTIPOFORM]</td></tr>
  <tr><td><b>CARPETA</b></td><td>$[Canchas/CARPETA]</td></tr>
  <tr><td><b>CARPETAOBJ</b></td><td>$[Canchas/CARPETAOBJ]</td></tr>
  <tr><td><b>REQUERIMIE</b></td><td>$[Canchas/REQUERIMIE]</td></tr>
  <tr><td><b>LARGO</b></td><td>$[Canchas/LARGO]</td></tr>
  <tr><td><b>ANCHO</b></td><td>$[Canchas/ANCHO]</td></tr>
  <tr><td><b>IDREQUERIM</b></td><td>$[Canchas/IDREQUERIM]</td></tr>
  <tr><td><b>NUM_EST1</b></td><td>$[Canchas/NUM_EST1]</td></tr>
  <tr><td><b>NUM_EST2</b></td><td>$[Canchas/NUM_EST2]</td></tr>
  <tr><td><b>NUM_EST3</b></td><td>$[Canchas/NUM_EST3]</td></tr>
  <tr><td><b>NUM_EST4</b></td><td>$[Canchas/NUM_EST4]</td></tr>
  <tr><td><b>CODIGOPROY</b></td><td>$[Canchas/CODIGOPROY]</td></tr>
  <tr><td><b>CREATED_US</b></td><td>$[Canchas/CREATED_US]</td></tr>
  <tr><td><b>CREATED_DA</b></td><td>$[Canchas/CREATED_DA]</td></tr>
  <tr><td><b>LAST_EDITE</b></td><td>$[Canchas/LAST_EDITE]</td></tr>
  <tr><td><b>LAST_EDI_1</b></td><td>$[Canchas/LAST_EDI_1]</td></tr>
  <tr><td><b>ORIGEN</b></td><td>$[Canchas/ORIGEN]</td></tr>
  <tr><td><b>SUPERVISOR</b></td><td>$[Canchas/SUPERVISOR]</td></tr>
  <tr><td><b>EMSEFORTIE</b></td><td>$[Canchas/EMSEFORTIE]</td></tr>
  <tr><td><b>EMSEFORRIP</b></td><td>$[Canchas/EMSEFORRIP]</td></tr>
  <tr><td><b>FECHAAVANC</b></td><td>$[Canchas/FECHAAVANC]</td></tr>
  <tr><td><b>FECHAAVA_1</b></td><td>$[Canchas/FECHAAVA_1]</td></tr>
  <tr><td><b>ESTADOAVAN</b></td><td>$[Canchas/ESTADOAVAN]</td></tr>
  <tr><td><b>ESTADOAV_1</b></td><td>$[Canchas/ESTADOAV_1]</td></tr>
  <tr><td><b>TEMPORADA</b></td><td>$[Canchas/TEMPORADA]</td></tr>
  <tr><td><b>ID_PREDIO</b></td><td>$[Canchas/ID_PREDIO]</td></tr>
  <tr><td><b>PMOC</b></td><td>$[Canchas/PMOC]</td></tr>
  <tr><td><b>ACTA</b></td><td>$[Canchas/ACTA]</td></tr>
</table>
]]></text>
			</BalloonStyle>
		</Style>
		<Style id="normPointStyle">
			<IconStyle>
				<Icon>
					<href>http://maps.google.com/mapfiles/kml/shapes/placemark_circle.png</href>
				</Icon>
			</IconStyle>
			<BalloonStyle>
				<text><![CDATA[<table border="0">
  <tr><td><b>OBJECTID</b></td><td>$[Canchas/OBJECTID]</td></tr>
  <tr><td><b>IDCANCHA</b></td><td>$[Canchas/IDCANCHA]</td></tr>
  <tr><td><b>IDESTADOCO</b></td><td>$[Canchas/IDESTADOCO]</td></tr>
  <tr><td><b>IDESTADOMA</b></td><td>$[Canchas/IDESTADOMA]</td></tr>
  <tr><td><b>IDTIPOCANC</b></td><td>$[Canchas/IDTIPOCANC]</td></tr>
  <tr><td><b>IDTIPOFORM</b></td><td>$[Canchas/IDTIPOFORM]</td></tr>
  <tr><td><b>CARPETA</b></td><td>$[Canchas/CARPETA]</td></tr>
  <tr><td><b>CARPETAOBJ</b></td><td>$[Canchas/CARPETAOBJ]</td></tr>
  <tr><td><b>REQUERIMIE</b></td><td>$[Canchas/REQUERIMIE]</td></tr>
  <tr><td><b>LARGO</b></td><td>$[Canchas/LARGO]</td></tr>
  <tr><td><b>ANCHO</b></td><td>$[Canchas/ANCHO]</td></tr>
  <tr><td><b>IDREQUERIM</b></td><td>$[Canchas/IDREQUERIM]</td></tr>
  <tr><td><b>NUM_EST1</b></td><td>$[Canchas/NUM_EST1]</td></tr>
  <tr><td><b>NUM_EST2</b></td><td>$[Canchas/NUM_EST2]</td></tr>
  <tr><td><b>NUM_EST3</b></td><td>$[Canchas/NUM_EST3]</td></tr>
  <tr><td><b>NUM_EST4</b></td><td>$[Canchas/NUM_EST4]</td></tr>
  <tr><td><b>CODIGOPROY</b></td><td>$[Canchas/CODIGOPROY]</td></tr>
  <tr><td><b>CREATED_US</b></td><td>$[Canchas/CREATED_US]</td></tr>
  <tr><td><b>CREATED_DA</b></td><td>$[Canchas/CREATED_DA]</td></tr>
  <tr><td><b>LAST_EDITE</b></td><td>$[Canchas/LAST_EDITE]</td></tr>
  <tr><td><b>LAST_EDI_1</b></td><td>$[Canchas/LAST_EDI_1]</td></tr>
  <tr><td><b>ORIGEN</b></td><td>$[Canchas/ORIGEN]</td></tr>
  <tr><td><b>SUPERVISOR</b></td><td>$[Canchas/SUPERVISOR]</td></tr>
  <tr><td><b>EMSEFORTIE</b></td><td>$[Canchas/EMSEFORTIE]</td></tr>
  <tr><td><b>EMSEFORRIP</b></td><td>$[Canchas/EMSEFORRIP]</td></tr>
  <tr><td><b>FECHAAVANC</b></td><td>$[Canchas/FECHAAVANC]</td></tr>
  <tr><td><b>FECHAAVA_1</b></td><td>$[Canchas/FECHAAVA_1]</td></tr>
  <tr><td><b>ESTADOAVAN</b></td><td>$[Canchas/ESTADOAVAN]</td></tr>
  <tr><td><b>ESTADOAV_1</b></td><td>$[Canchas/ESTADOAV_1]</td></tr>
  <tr><td><b>TEMPORADA</b></td><td>$[Canchas/TEMPORADA]</td></tr>
  <tr><td><b>ID_PREDIO</b></td><td>$[Canchas/ID_PREDIO]</td></tr>
  <tr><td><b>PMOC</b></td><td>$[Canchas/PMOC]</td></tr>
  <tr><td><b>ACTA</b></td><td>$[Canchas/ACTA]</td></tr>
</table>
]]></text>
			</BalloonStyle>
		</Style>
		<StyleMap id="pointStyleMap">
			<Pair>
				<key>normal</key>
				<styleUrl>#normPointStyle</styleUrl>
			</Pair>
			<Pair>
				<key>highlight</key>
				<styleUrl>#hlightPointStyle</styleUrl>
			</Pair>
		</StyleMap>
		<Folder id="layer 0">
			<name>Canchas</name>
			<Placemark>
				<styleUrl>#pointStyleMap</styleUrl>
				<ExtendedData>
					<SchemaData schemaUrl="#S_Canchas_SSSSSSSSSSSSSSSSSSII">
						<SimpleData name="OBJECTID">1360</SimpleData>
						<SimpleData name="IDCANCHA">449</SimpleData>
						<SimpleData name="IDESTADOCO">8</SimpleData>
						<SimpleData name="IDESTADOMA">3</SimpleData>
						<SimpleData name="IDTIPOCANC">1</SimpleData>
						<SimpleData name="IDTIPOFORM">1</SimpleData>
						<SimpleData name="CARPETA">2</SimpleData>
						<SimpleData name="CARPETAOBJ">2</SimpleData>
						<SimpleData name="REQUERIMIE">1</SimpleData>
						<SimpleData name="LARGO">36</SimpleData>
						<SimpleData name="ANCHO">34</SimpleData>
						<SimpleData name="IDREQUERIM">0</SimpleData>
						<SimpleData name="NUM_EST1">449</SimpleData>
						<SimpleData name="NUM_EST2">0</SimpleData>
						<SimpleData name="NUM_EST3">0</SimpleData>
						<SimpleData name="NUM_EST4">0</SimpleData>
						<SimpleData name="CODIGOPROY">10728</SimpleData>
						<SimpleData name="CREATED_US">ARAUCARIA</SimpleData>
						<SimpleData name="CREATED_DA">2021/07/21</SimpleData>
						<SimpleData name="LAST_EDITE">ext.ealeen.valdes@arauco.com</SimpleData>
						<SimpleData name="LAST_EDI_1">2024/11/08</SimpleData>
						<SimpleData name="ORIGEN"></SimpleData>
						<SimpleData name="SUPERVISOR"></SimpleData>
						<SimpleData name="EMSEFORTIE"></SimpleData>
						<SimpleData name="EMSEFORRIP"></SimpleData>
						<SimpleData name="FECHAAVANC"></SimpleData>
						<SimpleData name="FECHAAVA_1"></SimpleData>
						<SimpleData name="ESTADOAVAN">F</SimpleData>
						<SimpleData name="ESTADOAV_1">F</SimpleData>
						<SimpleData name="TEMPORADA"></SimpleData>
						<SimpleData name="ID_PREDIO">10728</SimpleData>
						<SimpleData name="PMOC">0</SimpleData>
						<SimpleData name="ACTA">0</SimpleData>
					</SchemaData>
				</ExtendedData>
				<Point>
					<coordinates>-72.59303140199688,-36.03259463199996,0</coordinates>
				</Point>
			</Placemark>
			<Placemark>
				<styleUrl>#pointStyleMap</styleUrl>
				<ExtendedData>
					<SchemaData schemaUrl="#S_Canchas_SSSSSSSSSSSSSSSSSSII">
						<SimpleData name="OBJECTID">1361</SimpleData>
						<SimpleData name="IDCANCHA">450</SimpleData>
						<SimpleData name="IDESTADOCO">8</SimpleData>
						<SimpleData name="IDESTADOMA">3</SimpleData>
						<SimpleData name="IDTIPOCANC">1</SimpleData>
						<SimpleData name="IDTIPOFORM">1</SimpleData>
						<SimpleData name="CARPETA">2</SimpleData>
						<SimpleData name="CARPETAOBJ">2</SimpleData>
						<SimpleData name="REQUERIMIE">1</SimpleData>
						<SimpleData name="LARGO">36</SimpleData>
						<SimpleData name="ANCHO">34</SimpleData>
						<SimpleData name="IDREQUERIM">0</SimpleData>
						<SimpleData name="NUM_EST1">450</SimpleData>
						<SimpleData name="NUM_EST2">0</SimpleData>
						<SimpleData name="NUM_EST3">0</SimpleData>
						<SimpleData name="NUM_EST4">0</SimpleData>
						<SimpleData name="CODIGOPROY">10728</SimpleData>
						<SimpleData name="CREATED_US">ARAUCARIA</SimpleData>
						<SimpleData name="CREATED_DA">2021/07/21</SimpleData>
						<SimpleData name="LAST_EDITE">ext.ealeen.valdes@arauco.com</SimpleData>
						<SimpleData name="LAST_EDI_1">2024/11/08</SimpleData>
						<SimpleData name="ORIGEN"></SimpleData>
						<SimpleData name="SUPERVISOR"></SimpleData>
						<SimpleData name="EMSEFORTIE"></SimpleData>
						<SimpleData name="EMSEFORRIP"></SimpleData>
						<SimpleData name="FECHAAVANC"></SimpleData>
						<SimpleData name="FECHAAVA_1"></SimpleData>
						<SimpleData name="ESTADOAVAN">F</SimpleData>
						<SimpleData name="ESTADOAV_1">F</SimpleData>
						<SimpleData name="TEMPORADA"></SimpleData>
						<SimpleData name="ID_PREDIO">10728</SimpleData>
						<SimpleData name="PMOC">0</SimpleData>
						<SimpleData name="ACTA">0</SimpleData>
					</SchemaData>
				</ExtendedData>
				<Point>
					<coordinates>-72.59183692899687,-36.03388266399994,0</coordinates>
				</Point>
			</Placemark>
			<Placemark>
				<styleUrl>#pointStyleMap</styleUrl>
				<ExtendedData>
					<SchemaData schemaUrl="#S_Canchas_SSSSSSSSSSSSSSSSSSII">
						<SimpleData name="OBJECTID">1362</SimpleData>
						<SimpleData name="IDCANCHA">451</SimpleData>
						<SimpleData name="IDESTADOCO">8</SimpleData>
						<SimpleData name="IDESTADOMA">3</SimpleData>
						<SimpleData name="IDTIPOCANC">1</SimpleData>
						<SimpleData name="IDTIPOFORM">1</SimpleData>
						<SimpleData name="CARPETA">2</SimpleData>
						<SimpleData name="CARPETAOBJ">2</SimpleData>
						<SimpleData name="REQUERIMIE">1</SimpleData>
						<SimpleData name="LARGO">36</SimpleData>
						<SimpleData name="ANCHO">34</SimpleData>
						<SimpleData name="IDREQUERIM">0</SimpleData>
						<SimpleData name="NUM_EST1">451</SimpleData>
						<SimpleData name="NUM_EST2">0</SimpleData>
						<SimpleData name="NUM_EST3">0</SimpleData>
						<SimpleData name="NUM_EST4">0</SimpleData>
						<SimpleData name="CODIGOPROY">10728</SimpleData>
						<SimpleData name="CREATED_US">ARAUCARIA</SimpleData>
						<SimpleData name="CREATED_DA">2021/07/21</SimpleData>
						<SimpleData name="LAST_EDITE">ext.ealeen.valdes@arauco.com</SimpleData>
						<SimpleData name="LAST_EDI_1">2024/11/08</SimpleData>
						<SimpleData name="ORIGEN"></SimpleData>
						<SimpleData name="SUPERVISOR"></SimpleData>
						<SimpleData name="EMSEFORTIE"></SimpleData>
						<SimpleData name="EMSEFORRIP"></SimpleData>
						<SimpleData name="FECHAAVANC"></SimpleData>
						<SimpleData name="FECHAAVA_1"></SimpleData>
						<SimpleData name="ESTADOAVAN">F</SimpleData>
						<SimpleData name="ESTADOAV_1">F</SimpleData>
						<SimpleData name="TEMPORADA"></SimpleData>
						<SimpleData name="ID_PREDIO">10728</SimpleData>
						<SimpleData name="PMOC">0</SimpleData>
						<SimpleData name="ACTA">0</SimpleData>
					</SchemaData>
				</ExtendedData>
				<Point>
					<coordinates>-72.59103724099691,-36.03635770199995,0</coordinates>
				</Point>
			</Placemark>
			<Placemark>
				<styleUrl>#pointStyleMap</styleUrl>
				<ExtendedData>
					<SchemaData schemaUrl="#S_Canchas_SSSSSSSSSSSSSSSSSSII">
						<SimpleData name="OBJECTID">1363</SimpleData>
						<SimpleData name="IDCANCHA">452</SimpleData>
						<SimpleData name="IDESTADOCO">8</SimpleData>
						<SimpleData name="IDESTADOMA">3</SimpleData>
						<SimpleData name="IDTIPOCANC">1</SimpleData>
						<SimpleData name="IDTIPOFORM">1</SimpleData>
						<SimpleData name="CARPETA">2</SimpleData>
						<SimpleData name="CARPETAOBJ">2</SimpleData>
						<SimpleData name="REQUERIMIE">1</SimpleData>
						<SimpleData name="LARGO">36</SimpleData>
						<SimpleData name="ANCHO">34</SimpleData>
						<SimpleData name="IDREQUERIM">0</SimpleData>
						<SimpleData name="NUM_EST1">452</SimpleData>
						<SimpleData name="NUM_EST2">0</SimpleData>
						<SimpleData name="NUM_EST3">0</SimpleData>
						<SimpleData name="NUM_EST4">0</SimpleData>
						<SimpleData name="CODIGOPROY">10728</SimpleData>
						<SimpleData name="CREATED_US">ARAUCARIA</SimpleData>
						<SimpleData name="CREATED_DA">2021/07/21</SimpleData>
						<SimpleData name="LAST_EDITE">ext.ealeen.valdes@arauco.com</SimpleData>
						<SimpleData name="LAST_EDI_1">2024/11/08</SimpleData>
						<SimpleData name="ORIGEN"></SimpleData>
						<SimpleData name="SUPERVISOR"></SimpleData>
						<SimpleData name="EMSEFORTIE"></SimpleData>
						<SimpleData name="EMSEFORRIP"></SimpleData>
						<SimpleData name="FECHAAVANC"></SimpleData>
						<SimpleData name="FECHAAVA_1"></SimpleData>
						<SimpleData name="ESTADOAVAN">F</SimpleData>
						<SimpleData name="ESTADOAV_1">F</SimpleData>
						<SimpleData name="TEMPORADA"></SimpleData>
						<SimpleData name="ID_PREDIO">10728</SimpleData>
						<SimpleData name="PMOC">0</SimpleData>
						<SimpleData name="ACTA">0</SimpleData>
					</SchemaData>
				</ExtendedData>
				<Point>
					<coordinates>-72.59049281999687,-36.03807757099992,0</coordinates>
				</Point>
			</Placemark>
			<Placemark>
				<styleUrl>#pointStyleMap</styleUrl>
				<ExtendedData>
					<SchemaData schemaUrl="#S_Canchas_SSSSSSSSSSSSSSSSSSII">
						<SimpleData name="OBJECTID">1364</SimpleData>
						<SimpleData name="IDCANCHA">453</SimpleData>
						<SimpleData name="IDESTADOCO">3</SimpleData>
						<SimpleData name="IDESTADOMA">3</SimpleData>
						<SimpleData name="IDTIPOCANC">2</SimpleData>
						<SimpleData name="IDTIPOFORM">3</SimpleData>
						<SimpleData name="CARPETA">1</SimpleData>
						<SimpleData name="CARPETAOBJ">1</SimpleData>
						<SimpleData name="REQUERIMIE">1</SimpleData>
						<SimpleData name="LARGO">30</SimpleData>
						<SimpleData name="ANCHO">34</SimpleData>
						<SimpleData name="IDREQUERIM">0</SimpleData>
						<SimpleData name="NUM_EST1">2</SimpleData>
						<SimpleData name="NUM_EST2">0</SimpleData>
						<SimpleData name="NUM_EST3">0</SimpleData>
						<SimpleData name="NUM_EST4">0</SimpleData>
						<SimpleData name="CODIGOPROY">PVR-10728-20</SimpleData>
						<SimpleData name="CREATED_US">ARAUCARIA</SimpleData>
						<SimpleData name="CREATED_DA">2021/07/21</SimpleData>
						<SimpleData name="LAST_EDITE">ext.braulio.munoz@arauco.com</SimpleData>
						<SimpleData name="LAST_EDI_1">2022/10/24</SimpleData>
						<SimpleData name="ORIGEN"></SimpleData>
						<SimpleData name="SUPERVISOR"></SimpleData>
						<SimpleData name="EMSEFORTIE"></SimpleData>
						<SimpleData name="EMSEFORRIP"></SimpleData>
						<SimpleData name="FECHAAVANC"></SimpleData>
						<SimpleData name="FECHAAVA_1"></SimpleData>
						<SimpleData name="ESTADOAVAN">F</SimpleData>
						<SimpleData name="ESTADOAV_1">F</SimpleData>
						<SimpleData name="TEMPORADA"></SimpleData>
						<SimpleData name="ID_PREDIO">10728</SimpleData>
						<SimpleData name="PMOC">0</SimpleData>
						<SimpleData name="ACTA">0</SimpleData>
					</SchemaData>
				</ExtendedData>
				<Point>
					<coordinates>-72.58639153799685,-36.04096437599991,0</coordinates>
				</Point>
			</Placemark>
			<Placemark>
				<styleUrl>#pointStyleMap</styleUrl>
				<ExtendedData>
					<SchemaData schemaUrl="#S_Canchas_SSSSSSSSSSSSSSSSSSII">
						<SimpleData name="OBJECTID">1365</SimpleData>
						<SimpleData name="IDCANCHA">454</SimpleData>
						<SimpleData name="IDESTADOCO">3</SimpleData>
						<SimpleData name="IDESTADOMA">3</SimpleData>
						<SimpleData name="IDTIPOCANC">2</SimpleData>
						<SimpleData name="IDTIPOFORM">3</SimpleData>
						<SimpleData name="CARPETA">1</SimpleData>
						<SimpleData name="CARPETAOBJ">1</SimpleData>
						<SimpleData name="REQUERIMIE">1</SimpleData>
						<SimpleData name="LARGO">30</SimpleData>
						<SimpleData name="ANCHO">34</SimpleData>
						<SimpleData name="IDREQUERIM">0</SimpleData>
						<SimpleData name="NUM_EST1">1</SimpleData>
						<SimpleData name="NUM_EST2">0</SimpleData>
						<SimpleData name="NUM_EST3">0</SimpleData>
						<SimpleData name="NUM_EST4">0</SimpleData>
						<SimpleData name="CODIGOPROY">PVR-10728-20</SimpleData>
						<SimpleData name="CREATED_US">ARAUCARIA</SimpleData>
						<SimpleData name="CREATED_DA">2021/07/21</SimpleData>
						<SimpleData name="LAST_EDITE">ext.braulio.munoz@arauco.com</SimpleData>
						<SimpleData name="LAST_EDI_1">2022/10/24</SimpleData>
						<SimpleData name="ORIGEN"></SimpleData>
						<SimpleData name="SUPERVISOR"></SimpleData>
						<SimpleData name="EMSEFORTIE"></SimpleData>
						<SimpleData name="EMSEFORRIP"></SimpleData>
						<SimpleData name="FECHAAVANC"></SimpleData>
						<SimpleData name="FECHAAVA_1"></SimpleData>
						<SimpleData name="ESTADOAVAN">F</SimpleData>
						<SimpleData name="ESTADOAV_1">F</SimpleData>
						<SimpleData name="TEMPORADA"></SimpleData>
						<SimpleData name="ID_PREDIO">10728</SimpleData>
						<SimpleData name="PMOC">0</SimpleData>
						<SimpleData name="ACTA">0</SimpleData>
					</SchemaData>
				</ExtendedData>
				<Point>
					<coordinates>-72.58590536199684,-36.04367702199988,0</coordinates>
				</Point>
			</Placemark>
			<Placemark>
				<styleUrl>#pointStyleMap</styleUrl>
				<ExtendedData>
					<SchemaData schemaUrl="#S_Canchas_SSSSSSSSSSSSSSSSSSII">
						<SimpleData name="OBJECTID">86141</SimpleData>
						<SimpleData name="IDCANCHA">0</SimpleData>
						<SimpleData name="IDESTADOCO">8</SimpleData>
						<SimpleData name="IDESTADOMA">3</SimpleData>
						<SimpleData name="IDTIPOCANC">1</SimpleData>
						<SimpleData name="IDTIPOFORM">1</SimpleData>
						<SimpleData name="CARPETA">2</SimpleData>
						<SimpleData name="CARPETAOBJ">2</SimpleData>
						<SimpleData name="REQUERIMIE">1</SimpleData>
						<SimpleData name="LARGO">36</SimpleData>
						<SimpleData name="ANCHO">34</SimpleData>
						<SimpleData name="IDREQUERIM">0</SimpleData>
						<SimpleData name="NUM_EST1">0</SimpleData>
						<SimpleData name="NUM_EST2">0</SimpleData>
						<SimpleData name="NUM_EST3">0</SimpleData>
						<SimpleData name="NUM_EST4">0</SimpleData>
						<SimpleData name="CODIGOPROY">10728</SimpleData>
						<SimpleData name="CREATED_US">ext.ealeen.valdes@arauco.com</SimpleData>
						<SimpleData name="CREATED_DA">2022/09/26</SimpleData>
						<SimpleData name="LAST_EDITE">ext.ealeen.valdes@arauco.com</SimpleData>
						<SimpleData name="LAST_EDI_1">2024/11/08</SimpleData>
						<SimpleData name="ORIGEN"></SimpleData>
						<SimpleData name="SUPERVISOR"></SimpleData>
						<SimpleData name="EMSEFORTIE"></SimpleData>
						<SimpleData name="EMSEFORRIP"></SimpleData>
						<SimpleData name="FECHAAVANC"></SimpleData>
						<SimpleData name="FECHAAVA_1"></SimpleData>
						<SimpleData name="ESTADOAVAN"></SimpleData>
						<SimpleData name="ESTADOAV_1"></SimpleData>
						<SimpleData name="TEMPORADA"></SimpleData>
						<SimpleData name="ID_PREDIO">10728</SimpleData>
						<SimpleData name="PMOC">0</SimpleData>
						<SimpleData name="ACTA">0</SimpleData>
					</SchemaData>
				</ExtendedData>
				<Point>
					<coordinates>-72.59101108599688,-36.03234432499988,0</coordinates>
				</Point>
			</Placemark>
		</Folder>
	</Document>
	<Document>
		<name>Caminos.shp</name>
		<Schema name="Caminos" id="S_Caminos_SDSDSSSSSSSSSSSSSSIID">
			<SimpleField type="long" name="OBJECTID"><displayName>&lt;b&gt;OBJECTID&lt;/b&gt;</displayName>
</SimpleField>
			<SimpleField type="long" name="IDCAMINO"><displayName>&lt;b&gt;IDCAMINO&lt;/b&gt;</displayName>
</SimpleField>
			<SimpleField type="long" name="IDCANCHA"><displayName>&lt;b&gt;IDCANCHA&lt;/b&gt;</displayName>
</SimpleField>
			<SimpleField type="long" name="IDCARACTOB"><displayName>&lt;b&gt;IDCARACTOB&lt;/b&gt;</displayName>
</SimpleField>
			<SimpleField type="long" name="IDCARPETAO"><displayName>&lt;b&gt;IDCARPETAO&lt;/b&gt;</displayName>
</SimpleField>
			<SimpleField type="long" name="IDESTADOCO"><displayName>&lt;b&gt;IDESTADOCO&lt;/b&gt;</displayName>
</SimpleField>
			<SimpleField type="long" name="IDESTADOMA"><displayName>&lt;b&gt;IDESTADOMA&lt;/b&gt;</displayName>
</SimpleField>
			<SimpleField type="long" name="IDESTADOOB"><displayName>&lt;b&gt;IDESTADOOB&lt;/b&gt;</displayName>
</SimpleField>
			<SimpleField type="long" name="IDMATERIAL"><displayName>&lt;b&gt;IDMATERIAL&lt;/b&gt;</displayName>
</SimpleField>
			<SimpleField type="long" name="IDPROPIETA"><displayName>&lt;b&gt;IDPROPIETA&lt;/b&gt;</displayName>
</SimpleField>
			<SimpleField type="long" name="IDREQUERIM"><displayName>&lt;b&gt;IDREQUERIM&lt;/b&gt;</displayName>
</SimpleField>
			<SimpleField type="long" name="IDTIPOCAMI"><displayName>&lt;b&gt;IDTIPOCAMI&lt;/b&gt;</displayName>
</SimpleField>
			<SimpleField type="long" name="IDTIPOCARP"><displayName>&lt;b&gt;IDTIPOCARP&lt;/b&gt;</displayName>
</SimpleField>
			<SimpleField type="long" name="IDTIPOOBRA"><displayName>&lt;b&gt;IDTIPOOBRA&lt;/b&gt;</displayName>
</SimpleField>
			<SimpleField type="long" name="IDTIPOOB_1"><displayName>&lt;b&gt;IDTIPOOB_1&lt;/b&gt;</displayName>
</SimpleField>
			<SimpleField type="long" name="IDTIPOPROP"><displayName>&lt;b&gt;IDTIPOPROP&lt;/b&gt;</displayName>
</SimpleField>
			<SimpleField type="long" name="IDTOPCAMIN"><displayName>&lt;b&gt;IDTOPCAMIN&lt;/b&gt;</displayName>
</SimpleField>
			<SimpleField type="string" name="NOMBRE"><displayName>&lt;b&gt;NOMBRE&lt;/b&gt;</displayName>
</SimpleField>
			<SimpleField type="double" name="ANCHO"><displayName>&lt;b&gt;ANCHO&lt;/b&gt;</displayName>
</SimpleField>
			<SimpleField type="string" name="INTERVENCI"><displayName>&lt;b&gt;INTERVENCI&lt;/b&gt;</displayName>
</SimpleField>
			<SimpleField type="double" name="LARGO"><displayName>&lt;b&gt;LARGO&lt;/b&gt;</displayName>
</SimpleField>
			<SimpleField type="long" name="IDARCO"><displayName>&lt;b&gt;IDARCO&lt;/b&gt;</displayName>
</SimpleField>
			<SimpleField type="string" name="CODIGOPROY"><displayName>&lt;b&gt;CODIGOPROY&lt;/b&gt;</displayName>
</SimpleField>
			<SimpleField type="long" name="ESTADOEDIC"><displayName>&lt;b&gt;ESTADOEDIC&lt;/b&gt;</displayName>
</SimpleField>
			<SimpleField type="string" name="ORIGEN"><displayName>&lt;b&gt;ORIGEN&lt;/b&gt;</displayName>
</SimpleField>
			<SimpleField type="string" name="SUPERVISOR"><displayName>&lt;b&gt;SUPERVISOR&lt;/b&gt;</displayName>
</SimpleField>
			<SimpleField type="string" name="EMSEFORTIE"><displayName>&lt;b&gt;EMSEFORTIE&lt;/b&gt;</displayName>
</SimpleField>
			<SimpleField type="string" name="FECHAAVANC"><displayName>&lt;b&gt;FECHAAVANC&lt;/b&gt;</displayName>
</SimpleField>
			<SimpleField type="string" name="FECHAAVA_1"><displayName>&lt;b&gt;FECHAAVA_1&lt;/b&gt;</displayName>
</SimpleField>
			<SimpleField type="string" name="ESTADOAVAN"><displayName>&lt;b&gt;ESTADOAVAN&lt;/b&gt;</displayName>
</SimpleField>
			<SimpleField type="string" name="ESTADOAV_1"><displayName>&lt;b&gt;ESTADOAV_1&lt;/b&gt;</displayName>
</SimpleField>
			<SimpleField type="string" name="TEMPORADA"><displayName>&lt;b&gt;TEMPORADA&lt;/b&gt;</displayName>
</SimpleField>
			<SimpleField type="string" name="EMSEFORRIP"><displayName>&lt;b&gt;EMSEFORRIP&lt;/b&gt;</displayName>
</SimpleField>
			<SimpleField type="string" name="CREATED_US"><displayName>&lt;b&gt;CREATED_US&lt;/b&gt;</displayName>
</SimpleField>
			<SimpleField type="string" name="CREATED_DA"><displayName>&lt;b&gt;CREATED_DA&lt;/b&gt;</displayName>
</SimpleField>
			<SimpleField type="string" name="LAST_EDITE"><displayName>&lt;b&gt;LAST_EDITE&lt;/b&gt;</displayName>
</SimpleField>
			<SimpleField type="string" name="LAST_EDI_1"><displayName>&lt;b&gt;LAST_EDI_1&lt;/b&gt;</displayName>
</SimpleField>
			<SimpleField type="int" name="PMOC"><displayName>&lt;b&gt;PMOC&lt;/b&gt;</displayName>
</SimpleField>
			<SimpleField type="int" name="ACTA"><displayName>&lt;b&gt;ACTA&lt;/b&gt;</displayName>
</SimpleField>
			<SimpleField type="double" name="Shape_Leng"><displayName>&lt;b&gt;Shape_Leng&lt;/b&gt;</displayName>
</SimpleField>
		</Schema>
		<Style id="style5">
			<BalloonStyle>
				<text><![CDATA[<table border="0">
  <tr><td><b>OBJECTID</b></td><td>$[Caminos/OBJECTID]</td></tr>
  <tr><td><b>IDCAMINO</b></td><td>$[Caminos/IDCAMINO]</td></tr>
  <tr><td><b>IDCANCHA</b></td><td>$[Caminos/IDCANCHA]</td></tr>
  <tr><td><b>IDCARACTOB</b></td><td>$[Caminos/IDCARACTOB]</td></tr>
  <tr><td><b>IDCARPETAO</b></td><td>$[Caminos/IDCARPETAO]</td></tr>
  <tr><td><b>IDESTADOCO</b></td><td>$[Caminos/IDESTADOCO]</td></tr>
  <tr><td><b>IDESTADOMA</b></td><td>$[Caminos/IDESTADOMA]</td></tr>
  <tr><td><b>IDESTADOOB</b></td><td>$[Caminos/IDESTADOOB]</td></tr>
  <tr><td><b>IDMATERIAL</b></td><td>$[Caminos/IDMATERIAL]</td></tr>
  <tr><td><b>IDPROPIETA</b></td><td>$[Caminos/IDPROPIETA]</td></tr>
  <tr><td><b>IDREQUERIM</b></td><td>$[Caminos/IDREQUERIM]</td></tr>
  <tr><td><b>IDTIPOCAMI</b></td><td>$[Caminos/IDTIPOCAMI]</td></tr>
  <tr><td><b>IDTIPOCARP</b></td><td>$[Caminos/IDTIPOCARP]</td></tr>
  <tr><td><b>IDTIPOOBRA</b></td><td>$[Caminos/IDTIPOOBRA]</td></tr>
  <tr><td><b>IDTIPOOB_1</b></td><td>$[Caminos/IDTIPOOB_1]</td></tr>
  <tr><td><b>IDTIPOPROP</b></td><td>$[Caminos/IDTIPOPROP]</td></tr>
  <tr><td><b>IDTOPCAMIN</b></td><td>$[Caminos/IDTOPCAMIN]</td></tr>
  <tr><td><b>NOMBRE</b></td><td>$[Caminos/NOMBRE]</td></tr>
  <tr><td><b>ANCHO</b></td><td>$[Caminos/ANCHO]</td></tr>
  <tr><td><b>INTERVENCI</b></td><td>$[Caminos/INTERVENCI]</td></tr>
  <tr><td><b>LARGO</b></td><td>$[Caminos/LARGO]</td></tr>
  <tr><td><b>IDARCO</b></td><td>$[Caminos/IDARCO]</td></tr>
  <tr><td><b>CODIGOPROY</b></td><td>$[Caminos/CODIGOPROY]</td></tr>
  <tr><td><b>ESTADOEDIC</b></td><td>$[Caminos/ESTADOEDIC]</td></tr>
  <tr><td><b>ORIGEN</b></td><td>$[Caminos/ORIGEN]</td></tr>
  <tr><td><b>SUPERVISOR</b></td><td>$[Caminos/SUPERVISOR]</td></tr>
  <tr><td><b>EMSEFORTIE</b></td><td>$[Caminos/EMSEFORTIE]</td></tr>
  <tr><td><b>FECHAAVANC</b></td><td>$[Caminos/FECHAAVANC]</td></tr>
  <tr><td><b>FECHAAVA_1</b></td><td>$[Caminos/FECHAAVA_1]</td></tr>
  <tr><td><b>ESTADOAVAN</b></td><td>$[Caminos/ESTADOAVAN]</td></tr>
  <tr><td><b>ESTADOAV_1</b></td><td>$[Caminos/ESTADOAV_1]</td></tr>
  <tr><td><b>TEMPORADA</b></td><td>$[Caminos/TEMPORADA]</td></tr>
  <tr><td><b>EMSEFORRIP</b></td><td>$[Caminos/EMSEFORRIP]</td></tr>
  <tr><td><b>CREATED_US</b></td><td>$[Caminos/CREATED_US]</td></tr>
  <tr><td><b>CREATED_DA</b></td><td>$[Caminos/CREATED_DA]</td></tr>
  <tr><td><b>LAST_EDITE</b></td><td>$[Caminos/LAST_EDITE]</td></tr>
  <tr><td><b>LAST_EDI_1</b></td><td>$[Caminos/LAST_EDI_1]</td></tr>
  <tr><td><b>PMOC</b></td><td>$[Caminos/PMOC]</td></tr>
  <tr><td><b>ACTA</b></td><td>$[Caminos/ACTA]</td></tr>
  <tr><td><b>Shape_Leng</b></td><td>$[Caminos/Shape_Leng]</td></tr>
</table>
]]></text>
			</BalloonStyle>
			<PolyStyle>
				<color>ff00ffff</color>
			</PolyStyle>
		</Style>
		<Folder id="layer 0">
			<name>Caminos</name>
			<Placemark>
				<styleUrl>#style5</styleUrl>
				<ExtendedData>
					<SchemaData schemaUrl="#S_Caminos_SDSDSSSSSSSSSSSSSSIID">
						<SimpleData name="OBJECTID">5522990</SimpleData>
						<SimpleData name="IDCAMINO">0</SimpleData>
						<SimpleData name="IDCANCHA">0</SimpleData>
						<SimpleData name="IDCARACTOB">0</SimpleData>
						<SimpleData name="IDCARPETAO">2</SimpleData>
						<SimpleData name="IDESTADOCO">4</SimpleData>
						<SimpleData name="IDESTADOMA">99</SimpleData>
						<SimpleData name="IDESTADOOB">0</SimpleData>
						<SimpleData name="IDMATERIAL">0</SimpleData>
						<SimpleData name="IDPROPIETA">0</SimpleData>
						<SimpleData name="IDREQUERIM">5</SimpleData>
						<SimpleData name="IDTIPOCAMI">3</SimpleData>
						<SimpleData name="IDTIPOCARP">2</SimpleData>
						<SimpleData name="IDTIPOOBRA">0</SimpleData>
						<SimpleData name="IDTIPOOB_1">0</SimpleData>
						<SimpleData name="IDTIPOPROP">1</SimpleData>
						<SimpleData name="IDTOPCAMIN">0</SimpleData>
						<SimpleData name="NOMBRE"></SimpleData>
						<SimpleData name="ANCHO">0</SimpleData>
						<SimpleData name="INTERVENCI">F</SimpleData>
						<SimpleData name="LARGO">549.084</SimpleData>
						<SimpleData name="IDARCO">0</SimpleData>
						<SimpleData name="CODIGOPROY"></SimpleData>
						<SimpleData name="ESTADOEDIC">1</SimpleData>
						<SimpleData name="ORIGEN"></SimpleData>
						<SimpleData name="SUPERVISOR"></SimpleData>
						<SimpleData name="EMSEFORTIE"></SimpleData>
						<SimpleData name="FECHAAVANC"></SimpleData>
						<SimpleData name="FECHAAVA_1"></SimpleData>
						<SimpleData name="ESTADOAVAN"></SimpleData>
						<SimpleData name="ESTADOAV_1"></SimpleData>
						<SimpleData name="TEMPORADA"></SimpleData>
						<SimpleData name="EMSEFORRIP"></SimpleData>
						<SimpleData name="CREATED_US">ARAUCARIA</SimpleData>
						<SimpleData name="CREATED_DA">2023/07/31</SimpleData>
						<SimpleData name="LAST_EDITE">ARAUCARIA</SimpleData>
						<SimpleData name="LAST_EDI_1">2023/07/31</SimpleData>
						<SimpleData name="PMOC">0</SimpleData>
						<SimpleData name="ACTA">0</SimpleData>
						<SimpleData name="Shape_Leng">0</SimpleData>
					</SchemaData>
				</ExtendedData>
				<LineString>
					<coordinates>
						-72.58590332399682,-36.04362907299995,0 -72.58604568399683,-36.04374651799993,0 -72.58613653599683,-36.04384850999992,0 -72.58623456799681,-36.04390771999988,0 -72.58645071499681,-36.04394546099994,0 -72.58671527299686,-36.0439364799999,0 -72.5869152669968,-36.04392619899989,0 -72.58719170799687,-36.04391268799995,0 -72.58742735599684,-36.0438888149999,0 -72.58768177499682,-36.04382716199991,0 -72.58780764999682,-36.04374384299991,0 -72.58793924799683,-36.04366540899991,0 -72.58804809599687,-36.04356266799989,0 -72.58815209299685,-36.04342644399993,0 -72.58823848199683,-36.04328986399994,0 -72.58829508699685,-36.04316699399988,0 -72.58833966399689,-36.04305341999996,0 -72.58836163499684,-36.04291077399989,0 -72.58838098799689,-36.04285392899988,0 
					</coordinates>
				</LineString>
			</Placemark>
			<Placemark>
				<styleUrl>#style5</styleUrl>
				<ExtendedData>
					<SchemaData schemaUrl="#S_Caminos_SDSDSSSSSSSSSSSSSSIID">
						<SimpleData name="OBJECTID">5522993</SimpleData>
						<SimpleData name="IDCAMINO">0</SimpleData>
						<SimpleData name="IDCANCHA">0</SimpleData>
						<SimpleData name="IDCARACTOB">0</SimpleData>
						<SimpleData name="IDCARPETAO">2</SimpleData>
						<SimpleData name="IDESTADOCO">4</SimpleData>
						<SimpleData name="IDESTADOMA">99</SimpleData>
						<SimpleData name="IDESTADOOB">0</SimpleData>
						<SimpleData name="IDMATERIAL">0</SimpleData>
						<SimpleData name="IDPROPIETA">0</SimpleData>
						<SimpleData name="IDREQUERIM">5</SimpleData>
						<SimpleData name="IDTIPOCAMI">3</SimpleData>
						<SimpleData name="IDTIPOCARP">2</SimpleData>
						<SimpleData name="IDTIPOOBRA">0</SimpleData>
						<SimpleData name="IDTIPOOB_1">0</SimpleData>
						<SimpleData name="IDTIPOPROP">1</SimpleData>
						<SimpleData name="IDTOPCAMIN">0</SimpleData>
						<SimpleData name="NOMBRE"></SimpleData>
						<SimpleData name="ANCHO">0</SimpleData>
						<SimpleData name="INTERVENCI">F</SimpleData>
						<SimpleData name="LARGO">549.084</SimpleData>
						<SimpleData name="IDARCO">0</SimpleData>
						<SimpleData name="CODIGOPROY">PVR-10728-20</SimpleData>
						<SimpleData name="ESTADOEDIC">1</SimpleData>
						<SimpleData name="ORIGEN"></SimpleData>
						<SimpleData name="SUPERVISOR"></SimpleData>
						<SimpleData name="EMSEFORTIE"></SimpleData>
						<SimpleData name="FECHAAVANC"></SimpleData>
						<SimpleData name="FECHAAVA_1"></SimpleData>
						<SimpleData name="ESTADOAVAN"></SimpleData>
						<SimpleData name="ESTADOAV_1"></SimpleData>
						<SimpleData name="TEMPORADA"></SimpleData>
						<SimpleData name="EMSEFORRIP"></SimpleData>
						<SimpleData name="CREATED_US">ARAUCARIA</SimpleData>
						<SimpleData name="CREATED_DA">2023/07/31</SimpleData>
						<SimpleData name="LAST_EDITE">ARAUCARIA</SimpleData>
						<SimpleData name="LAST_EDI_1">2023/07/31</SimpleData>
						<SimpleData name="PMOC">0</SimpleData>
						<SimpleData name="ACTA">0</SimpleData>
						<SimpleData name="Shape_Leng">0</SimpleData>
					</SchemaData>
				</ExtendedData>
				<LineString>
					<coordinates>
						-72.58409230599678,-36.04226069399991,0 -72.58414011699679,-36.04244297999991,0 -72.5841693239968,-36.04252695899986,0 -72.58423057399679,-36.04260577699989,0 -72.58428744499683,-36.04266654399986,0 -72.58432121399679,-36.0427626159999,0 -72.58433837299685,-36.04280171499988,0 -72.58437856699682,-36.04292772799989,0 -72.58449891899679,-36.04307324099992,0 -72.58466732299684,-36.04320779999992,0 -72.58481068699683,-36.04332098599991,0 -72.58496614799685,-36.0433986449999,0 -72.58517485699682,-36.04344629599989,0 -72.58545973199681,-36.04346224899991,0 -72.58565572799682,-36.04353476199991,0 -72.58587382599683,-36.04360473799989,0 -72.58590332399682,-36.04362907299995,0 
					</coordinates>
				</LineString>
			</Placemark>
			<Placemark>
				<styleUrl>#style5</styleUrl>
				<ExtendedData>
					<SchemaData schemaUrl="#S_Caminos_SDSDSSSSSSSSSSSSSSIID">
						<SimpleData name="OBJECTID">5523060</SimpleData>
						<SimpleData name="IDCAMINO">0</SimpleData>
						<SimpleData name="IDCANCHA">0</SimpleData>
						<SimpleData name="IDCARACTOB">0</SimpleData>
						<SimpleData name="IDCARPETAO">2</SimpleData>
						<SimpleData name="IDESTADOCO">4</SimpleData>
						<SimpleData name="IDESTADOMA">99</SimpleData>
						<SimpleData name="IDESTADOOB">0</SimpleData>
						<SimpleData name="IDMATERIAL">0</SimpleData>
						<SimpleData name="IDPROPIETA">0</SimpleData>
						<SimpleData name="IDREQUERIM">5</SimpleData>
						<SimpleData name="IDTIPOCAMI">3</SimpleData>
						<SimpleData name="IDTIPOCARP">2</SimpleData>
						<SimpleData name="IDTIPOOBRA">0</SimpleData>
						<SimpleData name="IDTIPOOB_1">0</SimpleData>
						<SimpleData name="IDTIPOPROP">99</SimpleData>
						<SimpleData name="IDTOPCAMIN">0</SimpleData>
						<SimpleData name="NOMBRE"></SimpleData>
						<SimpleData name="ANCHO">0</SimpleData>
						<SimpleData name="INTERVENCI"></SimpleData>
						<SimpleData name="LARGO">339.59</SimpleData>
						<SimpleData name="IDARCO">0</SimpleData>
						<SimpleData name="CODIGOPROY">PVR-10728-20</SimpleData>
						<SimpleData name="ESTADOEDIC">1</SimpleData>
						<SimpleData name="ORIGEN"></SimpleData>
						<SimpleData name="SUPERVISOR"></SimpleData>
						<SimpleData name="EMSEFORTIE"></SimpleData>
						<SimpleData name="FECHAAVANC"></SimpleData>
						<SimpleData name="FECHAAVA_1"></SimpleData>
						<SimpleData name="ESTADOAVAN"></SimpleData>
						<SimpleData name="ESTADOAV_1"></SimpleData>
						<SimpleData name="TEMPORADA"></SimpleData>
						<SimpleData name="EMSEFORRIP"></SimpleData>
						<SimpleData name="CREATED_US">ARAUCARIA</SimpleData>
						<SimpleData name="CREATED_DA">2023/07/31</SimpleData>
						<SimpleData name="LAST_EDITE">ARAUCARIA</SimpleData>
						<SimpleData name="LAST_EDI_1">2023/07/31</SimpleData>
						<SimpleData name="PMOC">0</SimpleData>
						<SimpleData name="ACTA">0</SimpleData>
						<SimpleData name="Shape_Leng">0</SimpleData>
					</SchemaData>
				</ExtendedData>
				<LineString>
					<coordinates>
						-72.58409230599678,-36.04226069399991,0 -72.58408278599678,-36.04212103899991,0 -72.5840799979968,-36.04198171099991,0 -72.58408807299683,-36.04187121899994,0 -72.58413569499685,-36.0418354119999,0 -72.58417703499684,-36.04180432899989,0 -72.58433337899682,-36.04176169299989,0 -72.58444947099682,-36.04172468399991,0 -72.58458050999681,-36.0416885729999,0 -72.58468327299681,-36.04165971299989,0 -72.58482425199684,-36.04163982799994,0 -72.58494859699678,-36.04160656199991,0 -72.58505115099683,-36.04156570199991,0 -72.58509918399682,-36.0415035659999,0 -72.58513828199682,-36.04145298799989,0 -72.58520394899681,-36.04132195499988,0 -72.58525386899686,-36.04126927099992,0 -72.58532467099683,-36.04123383599993,0 -72.58541768099685,-36.04116893499991,0 -72.58548341699684,-36.04111295399991,0 -72.5855569669968,-36.04103103899993,0 -72.58560389799686,-36.04093659199995,0 -72.58561612299683,-36.04082475299993,0 -72.58564023199679,-36.04070838399991,0 -72.58566252099682,-36.04065159799989,0 -72.58571650799684,-36.04061452799988,0 -72.58576704999682,-36.04059408399991,0 -72.58579119999682,-36.04059261299991,0 -72.58585530499681,-36.04058870699993,0 -72.58593845199684,-36.04063562199991,0 -72.58604598699685,-36.04072006399992,0 -72.58615803199682,-36.0408010189999,0 -72.58624080299683,-36.04087166299991,0 -72.58624388499689,-36.04087429299991,0 -72.58638685299687,-36.04095229299991,0 
					</coordinates>
				</LineString>
			</Placemark>
			<Placemark>
				<styleUrl>#style5</styleUrl>
				<ExtendedData>
					<SchemaData schemaUrl="#S_Caminos_SDSDSSSSSSSSSSSSSSIID">
						<SimpleData name="OBJECTID">5523164</SimpleData>
						<SimpleData name="IDCAMINO">1</SimpleData>
						<SimpleData name="IDCANCHA">0</SimpleData>
						<SimpleData name="IDCARACTOB">0</SimpleData>
						<SimpleData name="IDCARPETAO">2</SimpleData>
						<SimpleData name="IDESTADOCO">8</SimpleData>
						<SimpleData name="IDESTADOMA">99</SimpleData>
						<SimpleData name="IDESTADOOB">0</SimpleData>
						<SimpleData name="IDMATERIAL">0</SimpleData>
						<SimpleData name="IDPROPIETA">0</SimpleData>
						<SimpleData name="IDREQUERIM">1</SimpleData>
						<SimpleData name="IDTIPOCAMI">3</SimpleData>
						<SimpleData name="IDTIPOCARP">2</SimpleData>
						<SimpleData name="IDTIPOOBRA">0</SimpleData>
						<SimpleData name="IDTIPOOB_1">0</SimpleData>
						<SimpleData name="IDTIPOPROP">99</SimpleData>
						<SimpleData name="IDTOPCAMIN">0</SimpleData>
						<SimpleData name="NOMBRE"></SimpleData>
						<SimpleData name="ANCHO">5.5</SimpleData>
						<SimpleData name="INTERVENCI"></SimpleData>
						<SimpleData name="LARGO">143.511</SimpleData>
						<SimpleData name="IDARCO">0</SimpleData>
						<SimpleData name="CODIGOPROY">10728</SimpleData>
						<SimpleData name="ESTADOEDIC">1</SimpleData>
						<SimpleData name="ORIGEN"></SimpleData>
						<SimpleData name="SUPERVISOR"></SimpleData>
						<SimpleData name="EMSEFORTIE"></SimpleData>
						<SimpleData name="FECHAAVANC"></SimpleData>
						<SimpleData name="FECHAAVA_1"></SimpleData>
						<SimpleData name="ESTADOAVAN"></SimpleData>
						<SimpleData name="ESTADOAV_1"></SimpleData>
						<SimpleData name="TEMPORADA"></SimpleData>
						<SimpleData name="EMSEFORRIP"></SimpleData>
						<SimpleData name="CREATED_US">ARAUCARIA</SimpleData>
						<SimpleData name="CREATED_DA">2023/07/31</SimpleData>
						<SimpleData name="LAST_EDITE">ext.ealeen.valdes@arauco.com</SimpleData>
						<SimpleData name="LAST_EDI_1">2024/11/08</SimpleData>
						<SimpleData name="PMOC">0</SimpleData>
						<SimpleData name="ACTA">0</SimpleData>
						<SimpleData name="Shape_Leng">0</SimpleData>
					</SchemaData>
				</ExtendedData>
				<LineString>
					<coordinates>
						-72.59063549999688,-36.03676727699995,0 -72.59063956799687,-36.03663380999989,0 -72.59062229599685,-36.03652614599991,0 -72.59059995299687,-36.0363921479999,0 -72.59061032599683,-36.03624449799992,0 -72.59064982399688,-36.03610458899991,0 -72.5907039939969,-36.03596497499991,0 -72.59080018899685,-36.03579520299991,0 -72.5908417499969,-36.03568395199991,0 -72.59088806099689,-36.03551317699996,0 
					</coordinates>
				</LineString>
			</Placemark>
			<Placemark>
				<styleUrl>#style5</styleUrl>
				<ExtendedData>
					<SchemaData schemaUrl="#S_Caminos_SDSDSSSSSSSSSSSSSSIID">
						<SimpleData name="OBJECTID">5523165</SimpleData>
						<SimpleData name="IDCAMINO">1</SimpleData>
						<SimpleData name="IDCANCHA">0</SimpleData>
						<SimpleData name="IDCARACTOB">0</SimpleData>
						<SimpleData name="IDCARPETAO">2</SimpleData>
						<SimpleData name="IDESTADOCO">8</SimpleData>
						<SimpleData name="IDESTADOMA">99</SimpleData>
						<SimpleData name="IDESTADOOB">0</SimpleData>
						<SimpleData name="IDMATERIAL">0</SimpleData>
						<SimpleData name="IDPROPIETA">0</SimpleData>
						<SimpleData name="IDREQUERIM">1</SimpleData>
						<SimpleData name="IDTIPOCAMI">3</SimpleData>
						<SimpleData name="IDTIPOCARP">2</SimpleData>
						<SimpleData name="IDTIPOOBRA">0</SimpleData>
						<SimpleData name="IDTIPOOB_1">0</SimpleData>
						<SimpleData name="IDTIPOPROP">99</SimpleData>
						<SimpleData name="IDTOPCAMIN">0</SimpleData>
						<SimpleData name="NOMBRE"></SimpleData>
						<SimpleData name="ANCHO">5.5</SimpleData>
						<SimpleData name="INTERVENCI"></SimpleData>
						<SimpleData name="LARGO">176.986</SimpleData>
						<SimpleData name="IDARCO">0</SimpleData>
						<SimpleData name="CODIGOPROY">10728</SimpleData>
						<SimpleData name="ESTADOEDIC">1</SimpleData>
						<SimpleData name="ORIGEN"></SimpleData>
						<SimpleData name="SUPERVISOR"></SimpleData>
						<SimpleData name="EMSEFORTIE"></SimpleData>
						<SimpleData name="FECHAAVANC"></SimpleData>
						<SimpleData name="FECHAAVA_1"></SimpleData>
						<SimpleData name="ESTADOAVAN"></SimpleData>
						<SimpleData name="ESTADOAV_1"></SimpleData>
						<SimpleData name="TEMPORADA"></SimpleData>
						<SimpleData name="EMSEFORRIP"></SimpleData>
						<SimpleData name="CREATED_US">ARAUCARIA</SimpleData>
						<SimpleData name="CREATED_DA">2023/07/31</SimpleData>
						<SimpleData name="LAST_EDITE">ext.ealeen.valdes@arauco.com</SimpleData>
						<SimpleData name="LAST_EDI_1">2024/11/08</SimpleData>
						<SimpleData name="PMOC">0</SimpleData>
						<SimpleData name="ACTA">0</SimpleData>
						<SimpleData name="Shape_Leng">0</SimpleData>
					</SchemaData>
				</ExtendedData>
				<LineString>
					<coordinates>
						-72.59088806099689,-36.03551317699996,0 -72.59089289699688,-36.03525809999991,0 -72.59089863499689,-36.03506981599993,0 -72.59093139099689,-36.03495838899988,0 -72.59097537699687,-36.03486388099993,0 -72.59104167599688,-36.03480797799988,0 -72.5910767859969,-36.03471567699989,0 -72.59108834799687,-36.03462528599987,0 -72.5910374609969,-36.03446448199992,0 -72.59095737699685,-36.0342983199999,0 -72.59094876299687,-36.03419559999991,0 -72.5909581159969,-36.03408131799989,0 -72.59099264599688,-36.03400808299993,0 -72.5910188149969,-36.03398658999993,0 
					</coordinates>
				</LineString>
			</Placemark>
			<Placemark>
				<styleUrl>#style5</styleUrl>
				<ExtendedData>
					<SchemaData schemaUrl="#S_Caminos_SDSDSSSSSSSSSSSSSSIID">
						<SimpleData name="OBJECTID">5523166</SimpleData>
						<SimpleData name="IDCAMINO">1</SimpleData>
						<SimpleData name="IDCANCHA">0</SimpleData>
						<SimpleData name="IDCARACTOB">0</SimpleData>
						<SimpleData name="IDCARPETAO">2</SimpleData>
						<SimpleData name="IDESTADOCO">8</SimpleData>
						<SimpleData name="IDESTADOMA">99</SimpleData>
						<SimpleData name="IDESTADOOB">0</SimpleData>
						<SimpleData name="IDMATERIAL">0</SimpleData>
						<SimpleData name="IDPROPIETA">0</SimpleData>
						<SimpleData name="IDREQUERIM">1</SimpleData>
						<SimpleData name="IDTIPOCAMI">3</SimpleData>
						<SimpleData name="IDTIPOCARP">2</SimpleData>
						<SimpleData name="IDTIPOOBRA">0</SimpleData>
						<SimpleData name="IDTIPOOB_1">0</SimpleData>
						<SimpleData name="IDTIPOPROP">99</SimpleData>
						<SimpleData name="IDTOPCAMIN">0</SimpleData>
						<SimpleData name="NOMBRE"></SimpleData>
						<SimpleData name="ANCHO">5.5</SimpleData>
						<SimpleData name="INTERVENCI"></SimpleData>
						<SimpleData name="LARGO">92.2841</SimpleData>
						<SimpleData name="IDARCO">0</SimpleData>
						<SimpleData name="CODIGOPROY">10728</SimpleData>
						<SimpleData name="ESTADOEDIC">1</SimpleData>
						<SimpleData name="ORIGEN"></SimpleData>
						<SimpleData name="SUPERVISOR"></SimpleData>
						<SimpleData name="EMSEFORTIE"></SimpleData>
						<SimpleData name="FECHAAVANC"></SimpleData>
						<SimpleData name="FECHAAVA_1"></SimpleData>
						<SimpleData name="ESTADOAVAN"></SimpleData>
						<SimpleData name="ESTADOAV_1"></SimpleData>
						<SimpleData name="TEMPORADA"></SimpleData>
						<SimpleData name="EMSEFORRIP"></SimpleData>
						<SimpleData name="CREATED_US">ARAUCARIA</SimpleData>
						<SimpleData name="CREATED_DA">2023/07/31</SimpleData>
						<SimpleData name="LAST_EDITE">ext.ealeen.valdes@arauco.com</SimpleData>
						<SimpleData name="LAST_EDI_1">2024/11/08</SimpleData>
						<SimpleData name="PMOC">0</SimpleData>
						<SimpleData name="ACTA">0</SimpleData>
						<SimpleData name="Shape_Leng">0</SimpleData>
					</SchemaData>
				</ExtendedData>
				<LineString>
					<coordinates>
						-72.5910188149969,-36.03398658999993,0 -72.59108901199686,-36.03392893699993,0 -72.59114034799687,-36.03388227299993,0 -72.59124479199686,-36.03382713699988,0 -72.59126758299684,-36.03375366599992,0 -72.59126631799687,-36.03369878899991,0 -72.59123585699687,-36.03363855699993,0 -72.59108052699689,-36.03353288799992,0 -72.5909265039969,-36.03338431899991,0 -72.59091020799688,-36.03335503599987,0 
					</coordinates>
				</LineString>
			</Placemark>
			<Placemark>
				<styleUrl>#style5</styleUrl>
				<ExtendedData>
					<SchemaData schemaUrl="#S_Caminos_SDSDSSSSSSSSSSSSSSIID">
						<SimpleData name="OBJECTID">5523167</SimpleData>
						<SimpleData name="IDCAMINO">1</SimpleData>
						<SimpleData name="IDCANCHA">0</SimpleData>
						<SimpleData name="IDCARACTOB">0</SimpleData>
						<SimpleData name="IDCARPETAO">2</SimpleData>
						<SimpleData name="IDESTADOCO">8</SimpleData>
						<SimpleData name="IDESTADOMA">99</SimpleData>
						<SimpleData name="IDESTADOOB">0</SimpleData>
						<SimpleData name="IDMATERIAL">0</SimpleData>
						<SimpleData name="IDPROPIETA">0</SimpleData>
						<SimpleData name="IDREQUERIM">1</SimpleData>
						<SimpleData name="IDTIPOCAMI">3</SimpleData>
						<SimpleData name="IDTIPOCARP">2</SimpleData>
						<SimpleData name="IDTIPOOBRA">0</SimpleData>
						<SimpleData name="IDTIPOOB_1">0</SimpleData>
						<SimpleData name="IDTIPOPROP">99</SimpleData>
						<SimpleData name="IDTOPCAMIN">0</SimpleData>
						<SimpleData name="NOMBRE"></SimpleData>
						<SimpleData name="ANCHO">5.5</SimpleData>
						<SimpleData name="INTERVENCI"></SimpleData>
						<SimpleData name="LARGO">107.51</SimpleData>
						<SimpleData name="IDARCO">0</SimpleData>
						<SimpleData name="CODIGOPROY">10728</SimpleData>
						<SimpleData name="ESTADOEDIC">1</SimpleData>
						<SimpleData name="ORIGEN"></SimpleData>
						<SimpleData name="SUPERVISOR"></SimpleData>
						<SimpleData name="EMSEFORTIE"></SimpleData>
						<SimpleData name="FECHAAVANC"></SimpleData>
						<SimpleData name="FECHAAVA_1"></SimpleData>
						<SimpleData name="ESTADOAVAN"></SimpleData>
						<SimpleData name="ESTADOAV_1"></SimpleData>
						<SimpleData name="TEMPORADA"></SimpleData>
						<SimpleData name="EMSEFORRIP"></SimpleData>
						<SimpleData name="CREATED_US">ARAUCARIA</SimpleData>
						<SimpleData name="CREATED_DA">2023/07/31</SimpleData>
						<SimpleData name="LAST_EDITE">ext.ealeen.valdes@arauco.com</SimpleData>
						<SimpleData name="LAST_EDI_1">2024/11/08</SimpleData>
						<SimpleData name="PMOC">0</SimpleData>
						<SimpleData name="ACTA">0</SimpleData>
						<SimpleData name="Shape_Leng">0</SimpleData>
					</SchemaData>
				</ExtendedData>
				<LineString>
					<coordinates>
						-72.59091020799688,-36.03335503599987,0 -72.59085134599687,-36.03324925899991,0 -72.59083715299685,-36.03313688799988,0 -72.59082397699686,-36.03299115099992,0 -72.59084492399685,-36.03288186999993,0 -72.59089768099683,-36.0326921459999,0 -72.59095691799688,-36.03257886699993,0 -72.59095761399681,-36.0324596399999,0 -72.5909431249969,-36.03241500599993,0 
					</coordinates>
				</LineString>
			</Placemark>
			<Placemark>
				<styleUrl>#style5</styleUrl>
				<ExtendedData>
					<SchemaData schemaUrl="#S_Caminos_SDSDSSSSSSSSSSSSSSIID">
						<SimpleData name="OBJECTID">5523168</SimpleData>
						<SimpleData name="IDCAMINO">1</SimpleData>
						<SimpleData name="IDCANCHA">0</SimpleData>
						<SimpleData name="IDCARACTOB">0</SimpleData>
						<SimpleData name="IDCARPETAO">2</SimpleData>
						<SimpleData name="IDESTADOCO">8</SimpleData>
						<SimpleData name="IDESTADOMA">99</SimpleData>
						<SimpleData name="IDESTADOOB">0</SimpleData>
						<SimpleData name="IDMATERIAL">0</SimpleData>
						<SimpleData name="IDPROPIETA">0</SimpleData>
						<SimpleData name="IDREQUERIM">1</SimpleData>
						<SimpleData name="IDTIPOCAMI">3</SimpleData>
						<SimpleData name="IDTIPOCARP">2</SimpleData>
						<SimpleData name="IDTIPOOBRA">0</SimpleData>
						<SimpleData name="IDTIPOOB_1">0</SimpleData>
						<SimpleData name="IDTIPOPROP">99</SimpleData>
						<SimpleData name="IDTOPCAMIN">0</SimpleData>
						<SimpleData name="NOMBRE"></SimpleData>
						<SimpleData name="ANCHO">5.5</SimpleData>
						<SimpleData name="INTERVENCI"></SimpleData>
						<SimpleData name="LARGO">169.923</SimpleData>
						<SimpleData name="IDARCO">0</SimpleData>
						<SimpleData name="CODIGOPROY">10728</SimpleData>
						<SimpleData name="ESTADOEDIC">1</SimpleData>
						<SimpleData name="ORIGEN"></SimpleData>
						<SimpleData name="SUPERVISOR"></SimpleData>
						<SimpleData name="EMSEFORTIE"></SimpleData>
						<SimpleData name="FECHAAVANC"></SimpleData>
						<SimpleData name="FECHAAVA_1"></SimpleData>
						<SimpleData name="ESTADOAVAN"></SimpleData>
						<SimpleData name="ESTADOAV_1"></SimpleData>
						<SimpleData name="TEMPORADA"></SimpleData>
						<SimpleData name="EMSEFORRIP"></SimpleData>
						<SimpleData name="CREATED_US">ARAUCARIA</SimpleData>
						<SimpleData name="CREATED_DA">2023/07/31</SimpleData>
						<SimpleData name="LAST_EDITE">ext.ealeen.valdes@arauco.com</SimpleData>
						<SimpleData name="LAST_EDI_1">2024/11/08</SimpleData>
						<SimpleData name="PMOC">0</SimpleData>
						<SimpleData name="ACTA">0</SimpleData>
						<SimpleData name="Shape_Leng">0</SimpleData>
					</SchemaData>
				</ExtendedData>
				<LineString>
					<coordinates>
						-72.59048997899689,-36.03807360799988,0 -72.59035688299689,-36.0380089279999,0 -72.59028015799689,-36.03795252099993,0 -72.59025349499687,-36.03793291999989,0 -72.59017108299686,-36.03784302399996,0 -72.59013283499685,-36.0377492479999,0 -72.59013574199687,-36.03765391399993,0 -72.59016422999686,-36.0374899349999,0 -72.59023329199685,-36.03734346599992,0 -72.59032840099687,-36.0372094459999,0 -72.5904471069969,-36.0370657979999,0 -72.59055868599685,-36.0369177319999,0 -72.59063549999688,-36.03676727699995,0 
					</coordinates>
				</LineString>
			</Placemark>
			<Placemark>
				<styleUrl>#style5</styleUrl>
				<ExtendedData>
					<SchemaData schemaUrl="#S_Caminos_SDSDSSSSSSSSSSSSSSIID">
						<SimpleData name="OBJECTID">5523169</SimpleData>
						<SimpleData name="IDCAMINO">1</SimpleData>
						<SimpleData name="IDCANCHA">0</SimpleData>
						<SimpleData name="IDCARACTOB">0</SimpleData>
						<SimpleData name="IDCARPETAO">2</SimpleData>
						<SimpleData name="IDESTADOCO">8</SimpleData>
						<SimpleData name="IDESTADOMA">99</SimpleData>
						<SimpleData name="IDESTADOOB">0</SimpleData>
						<SimpleData name="IDMATERIAL">0</SimpleData>
						<SimpleData name="IDPROPIETA">0</SimpleData>
						<SimpleData name="IDREQUERIM">1</SimpleData>
						<SimpleData name="IDTIPOCAMI">3</SimpleData>
						<SimpleData name="IDTIPOCARP">2</SimpleData>
						<SimpleData name="IDTIPOOBRA">0</SimpleData>
						<SimpleData name="IDTIPOOB_1">0</SimpleData>
						<SimpleData name="IDTIPOPROP">99</SimpleData>
						<SimpleData name="IDTOPCAMIN">0</SimpleData>
						<SimpleData name="NOMBRE"></SimpleData>
						<SimpleData name="ANCHO">5.5</SimpleData>
						<SimpleData name="INTERVENCI"></SimpleData>
						<SimpleData name="LARGO">82.5494</SimpleData>
						<SimpleData name="IDARCO">0</SimpleData>
						<SimpleData name="CODIGOPROY">10728</SimpleData>
						<SimpleData name="ESTADOEDIC">1</SimpleData>
						<SimpleData name="ORIGEN"></SimpleData>
						<SimpleData name="SUPERVISOR"></SimpleData>
						<SimpleData name="EMSEFORTIE"></SimpleData>
						<SimpleData name="FECHAAVANC"></SimpleData>
						<SimpleData name="FECHAAVA_1"></SimpleData>
						<SimpleData name="ESTADOAVAN"></SimpleData>
						<SimpleData name="ESTADOAV_1"></SimpleData>
						<SimpleData name="TEMPORADA"></SimpleData>
						<SimpleData name="EMSEFORRIP"></SimpleData>
						<SimpleData name="CREATED_US">ARAUCARIA</SimpleData>
						<SimpleData name="CREATED_DA">2023/07/31</SimpleData>
						<SimpleData name="LAST_EDITE">ext.ealeen.valdes@arauco.com</SimpleData>
						<SimpleData name="LAST_EDI_1">2024/11/08</SimpleData>
						<SimpleData name="PMOC">0</SimpleData>
						<SimpleData name="ACTA">0</SimpleData>
						<SimpleData name="Shape_Leng">0</SimpleData>
					</SchemaData>
				</ExtendedData>
				<LineString>
					<coordinates>
						-72.5909431249969,-36.03241500599993,0 -72.59093345799685,-36.03238522599994,0 -72.59084738999688,-36.03231910599987,0 -72.59072784599682,-36.03219856399991,0 -72.59064411299686,-36.0320526909999,0 -72.5904753589969,-36.0318249049999,0 
					</coordinates>
				</LineString>
			</Placemark>
			<Placemark>
				<styleUrl>#style5</styleUrl>
				<ExtendedData>
					<SchemaData schemaUrl="#S_Caminos_SDSDSSSSSSSSSSSSSSIID">
						<SimpleData name="OBJECTID">5523170</SimpleData>
						<SimpleData name="IDCAMINO">3</SimpleData>
						<SimpleData name="IDCANCHA">0</SimpleData>
						<SimpleData name="IDCARACTOB">0</SimpleData>
						<SimpleData name="IDCARPETAO">2</SimpleData>
						<SimpleData name="IDESTADOCO">8</SimpleData>
						<SimpleData name="IDESTADOMA">99</SimpleData>
						<SimpleData name="IDESTADOOB">0</SimpleData>
						<SimpleData name="IDMATERIAL">0</SimpleData>
						<SimpleData name="IDPROPIETA">0</SimpleData>
						<SimpleData name="IDREQUERIM">1</SimpleData>
						<SimpleData name="IDTIPOCAMI">3</SimpleData>
						<SimpleData name="IDTIPOCARP">2</SimpleData>
						<SimpleData name="IDTIPOOBRA">0</SimpleData>
						<SimpleData name="IDTIPOOB_1">0</SimpleData>
						<SimpleData name="IDTIPOPROP">0</SimpleData>
						<SimpleData name="IDTOPCAMIN">0</SimpleData>
						<SimpleData name="NOMBRE"></SimpleData>
						<SimpleData name="ANCHO">5.5</SimpleData>
						<SimpleData name="INTERVENCI"></SimpleData>
						<SimpleData name="LARGO">110.964</SimpleData>
						<SimpleData name="IDARCO">0</SimpleData>
						<SimpleData name="CODIGOPROY">10728</SimpleData>
						<SimpleData name="ESTADOEDIC">1</SimpleData>
						<SimpleData name="ORIGEN"></SimpleData>
						<SimpleData name="SUPERVISOR"></SimpleData>
						<SimpleData name="EMSEFORTIE"></SimpleData>
						<SimpleData name="FECHAAVANC"></SimpleData>
						<SimpleData name="FECHAAVA_1"></SimpleData>
						<SimpleData name="ESTADOAVAN"></SimpleData>
						<SimpleData name="ESTADOAV_1"></SimpleData>
						<SimpleData name="TEMPORADA"></SimpleData>
						<SimpleData name="EMSEFORRIP"></SimpleData>
						<SimpleData name="CREATED_US">ARAUCARIA</SimpleData>
						<SimpleData name="CREATED_DA">2023/07/31</SimpleData>
						<SimpleData name="LAST_EDITE">ext.ealeen.valdes@arauco.com</SimpleData>
						<SimpleData name="LAST_EDI_1">2024/11/08</SimpleData>
						<SimpleData name="PMOC">0</SimpleData>
						<SimpleData name="ACTA">0</SimpleData>
						<SimpleData name="Shape_Leng">0</SimpleData>
					</SchemaData>
				</ExtendedData>
				<LineString>
					<coordinates>
						-72.59181217199685,-36.0338730649999,0 -72.59170300399687,-36.03379454999993,0 -72.5916969609969,-36.03379097699991,0 -72.59154437599686,-36.03370073999992,0 -72.59134158799689,-36.03361081099992,0 -72.59113630299692,-36.03350652399993,0 -72.59089733299687,-36.03336544799995,0 
					</coordinates>
				</LineString>
			</Placemark>
			<Placemark>
				<styleUrl>#style5</styleUrl>
				<ExtendedData>
					<SchemaData schemaUrl="#S_Caminos_SDSDSSSSSSSSSSSSSSIID">
						<SimpleData name="OBJECTID">5523171</SimpleData>
						<SimpleData name="IDCAMINO">2</SimpleData>
						<SimpleData name="IDCANCHA">0</SimpleData>
						<SimpleData name="IDCARACTOB">0</SimpleData>
						<SimpleData name="IDCARPETAO">2</SimpleData>
						<SimpleData name="IDESTADOCO">8</SimpleData>
						<SimpleData name="IDESTADOMA">99</SimpleData>
						<SimpleData name="IDESTADOOB">0</SimpleData>
						<SimpleData name="IDMATERIAL">0</SimpleData>
						<SimpleData name="IDPROPIETA">0</SimpleData>
						<SimpleData name="IDREQUERIM">1</SimpleData>
						<SimpleData name="IDTIPOCAMI">3</SimpleData>
						<SimpleData name="IDTIPOCARP">2</SimpleData>
						<SimpleData name="IDTIPOOBRA">0</SimpleData>
						<SimpleData name="IDTIPOOB_1">0</SimpleData>
						<SimpleData name="IDTIPOPROP">0</SimpleData>
						<SimpleData name="IDTOPCAMIN">0</SimpleData>
						<SimpleData name="NOMBRE"></SimpleData>
						<SimpleData name="ANCHO">5.5</SimpleData>
						<SimpleData name="INTERVENCI"></SimpleData>
						<SimpleData name="LARGO">286.797</SimpleData>
						<SimpleData name="IDARCO">0</SimpleData>
						<SimpleData name="CODIGOPROY">10728</SimpleData>
						<SimpleData name="ESTADOEDIC">1</SimpleData>
						<SimpleData name="ORIGEN"></SimpleData>
						<SimpleData name="SUPERVISOR"></SimpleData>
						<SimpleData name="EMSEFORTIE"></SimpleData>
						<SimpleData name="FECHAAVANC"></SimpleData>
						<SimpleData name="FECHAAVA_1"></SimpleData>
						<SimpleData name="ESTADOAVAN"></SimpleData>
						<SimpleData name="ESTADOAV_1"></SimpleData>
						<SimpleData name="TEMPORADA"></SimpleData>
						<SimpleData name="EMSEFORRIP"></SimpleData>
						<SimpleData name="CREATED_US">ARAUCARIA</SimpleData>
						<SimpleData name="CREATED_DA">2023/07/31</SimpleData>
						<SimpleData name="LAST_EDITE">ext.ealeen.valdes@arauco.com</SimpleData>
						<SimpleData name="LAST_EDI_1">2024/11/08</SimpleData>
						<SimpleData name="PMOC">0</SimpleData>
						<SimpleData name="ACTA">0</SimpleData>
						<SimpleData name="Shape_Leng">0</SimpleData>
					</SchemaData>
				</ExtendedData>
				<LineString>
					<coordinates>
						-72.59303239799685,-36.03260490099989,0 -72.59282890799686,-36.03258754899993,0 -72.59266618399685,-36.03256313199989,0 -72.59251476299686,-36.03252193399988,0 -72.59238051299688,-36.03249538799992,0 -72.59228103799688,-36.03248385099989,0 -72.59216931799686,-36.03248876099991,0 -72.59210602999691,-36.03254233999991,0 -72.59207443699687,-36.0326156339999,0 -72.5920796109969,-36.0327349779999,0 -72.59206996799691,-36.03285879399991,0 -72.59205070899691,-36.03296149299994,0 -72.59196738099689,-36.03302685299993,0 -72.59189907599688,-36.0330916349999,0 -72.59181431699687,-36.03313299199988,0 -72.59166232599686,-36.03313617299992,0 -72.59151656899689,-36.03309807799993,0 -72.59137989299688,-36.03305478999989,0 -72.5912371069969,-36.03299214899988,0 -72.59114197799684,-36.03293372899994,0 -72.5910826119969,-36.0328585349999,0 -72.59104866599687,-36.03274764699993,0 -72.59100178799689,-36.03262601299992,0 -72.5909431249969,-36.03241500599993,0 
					</coordinates>
				</LineString>
			</Placemark>
			<Placemark>
				<styleUrl>#style5</styleUrl>
				<ExtendedData>
					<SchemaData schemaUrl="#S_Caminos_SDSDSSSSSSSSSSSSSSIID">
						<SimpleData name="OBJECTID">5523172</SimpleData>
						<SimpleData name="IDCAMINO">4</SimpleData>
						<SimpleData name="IDCANCHA">0</SimpleData>
						<SimpleData name="IDCARACTOB">0</SimpleData>
						<SimpleData name="IDCARPETAO">2</SimpleData>
						<SimpleData name="IDESTADOCO">8</SimpleData>
						<SimpleData name="IDESTADOMA">99</SimpleData>
						<SimpleData name="IDESTADOOB">0</SimpleData>
						<SimpleData name="IDMATERIAL">0</SimpleData>
						<SimpleData name="IDPROPIETA">0</SimpleData>
						<SimpleData name="IDREQUERIM">1</SimpleData>
						<SimpleData name="IDTIPOCAMI">3</SimpleData>
						<SimpleData name="IDTIPOCARP">2</SimpleData>
						<SimpleData name="IDTIPOOBRA">0</SimpleData>
						<SimpleData name="IDTIPOOB_1">0</SimpleData>
						<SimpleData name="IDTIPOPROP">0</SimpleData>
						<SimpleData name="IDTOPCAMIN">0</SimpleData>
						<SimpleData name="NOMBRE"></SimpleData>
						<SimpleData name="ANCHO">5.5</SimpleData>
						<SimpleData name="INTERVENCI"></SimpleData>
						<SimpleData name="LARGO">105.509</SimpleData>
						<SimpleData name="IDARCO">0</SimpleData>
						<SimpleData name="CODIGOPROY">10728</SimpleData>
						<SimpleData name="ESTADOEDIC">1</SimpleData>
						<SimpleData name="ORIGEN"></SimpleData>
						<SimpleData name="SUPERVISOR"></SimpleData>
						<SimpleData name="EMSEFORTIE"></SimpleData>
						<SimpleData name="FECHAAVANC"></SimpleData>
						<SimpleData name="FECHAAVA_1"></SimpleData>
						<SimpleData name="ESTADOAVAN"></SimpleData>
						<SimpleData name="ESTADOAV_1"></SimpleData>
						<SimpleData name="TEMPORADA"></SimpleData>
						<SimpleData name="EMSEFORRIP"></SimpleData>
						<SimpleData name="CREATED_US">ARAUCARIA</SimpleData>
						<SimpleData name="CREATED_DA">2023/07/31</SimpleData>
						<SimpleData name="LAST_EDITE">ext.ealeen.valdes@arauco.com</SimpleData>
						<SimpleData name="LAST_EDI_1">2024/11/08</SimpleData>
						<SimpleData name="PMOC">0</SimpleData>
						<SimpleData name="ACTA">0</SimpleData>
						<SimpleData name="Shape_Leng">0</SimpleData>
					</SchemaData>
				</ExtendedData>
				<LineString>
					<coordinates>
						-72.59103218599685,-36.03634860099989,0 -72.59094401999684,-36.03618204799992,0 -72.59093725899689,-36.03616063699993,0 -72.59090385199684,-36.03605484499991,0 -72.59087840599685,-36.03592464199991,0 -72.59087232599688,-36.03576876599988,0 -72.59088806099689,-36.03551317699996,0 
					</coordinates>
				</LineString>
			</Placemark>
		</Folder>
	</Document>
	<atom:link rel="app" href="https://www.google.com/earth/about/versions/#earth-pro" title="Google Earth Pro 7.3.6.10441"></atom:link>
</Folder>
</kml>
