<?xml version="1.0" encoding="UTF-8"?>
<kml xmlns="http://www.opengis.net/kml/2.2" xmlns:gx="http://www.google.com/kml/ext/2.2" xmlns:kml="http://www.opengis.net/kml/2.2" xmlns:atom="http://www.w3.org/2005/Atom">
<Document>
	<name>UsoSuelo.shp</name>
	<atom:link rel="app" href="https://www.google.com/earth/about/versions/#earth-pro" title="Google Earth Pro 7.3.6.10441"></atom:link>
	<Schema name="UsoSuelo" id="S_UsoSuelo_SDSDDD">
		<SimpleField type="long" name="OBJECTID"><displayName>&lt;b&gt;OBJECTID&lt;/b&gt;</displayName>
</SimpleField>
		<SimpleField type="long" name="ZONA"><displayName>&lt;b&gt;ZONA&lt;/b&gt;</displayName>
</SimpleField>
		<SimpleField type="long" name="AREA"><displayName>&lt;b&gt;AREA&lt;/b&gt;</displayName>
</SimpleField>
		<SimpleField type="long" name="ID_PREDIO"><displayName>&lt;b&gt;ID_PREDIO&lt;/b&gt;</displayName>
</SimpleField>
		<SimpleField type="string" name="NOM_PREDIO"><displayName>&lt;b&gt;NOM_PREDIO&lt;/b&gt;</displayName>
</SimpleField>
		<SimpleField type="long" name="ID_SECCION"><displayName>&lt;b&gt;ID_SECCION&lt;/b&gt;</displayName>
</SimpleField>
		<SimpleField type="long" name="ID_RODAL"><displayName>&lt;b&gt;ID_RODAL&lt;/b&gt;</displayName>
</SimpleField>
		<SimpleField type="long" name="TIPO_USO"><displayName>&lt;b&gt;TIPO_USO&lt;/b&gt;</displayName>
</SimpleField>
		<SimpleField type="long" name="APL"><displayName>&lt;b&gt;APL&lt;/b&gt;</displayName>
</SimpleField>
		<SimpleField type="long" name="MPL"><displayName>&lt;b&gt;MPL&lt;/b&gt;</displayName>
</SimpleField>
		<SimpleField type="double" name="SUP_M2"><displayName>&lt;b&gt;SUP_M2&lt;/b&gt;</displayName>
</SimpleField>
		<SimpleField type="string" name="TIPOUSO"><displayName>&lt;b&gt;TIPOUSO&lt;/b&gt;</displayName>
</SimpleField>
		<SimpleField type="double" name="PORC_PROP"><displayName>&lt;b&gt;PORC_PROP&lt;/b&gt;</displayName>
</SimpleField>
		<SimpleField type="double" name="Shape_Leng"><displayName>&lt;b&gt;Shape_Leng&lt;/b&gt;</displayName>
</SimpleField>
		<SimpleField type="double" name="Shape_Area"><displayName>&lt;b&gt;Shape_Area&lt;/b&gt;</displayName>
</SimpleField>
	</Schema>
	<Style id="falseColor">
		<BalloonStyle>
			<text><![CDATA[<table border="0">
  <tr><td><b>OBJECTID</b></td><td>$[UsoSuelo/OBJECTID]</td></tr>
  <tr><td><b>ZONA</b></td><td>$[UsoSuelo/ZONA]</td></tr>
  <tr><td><b>AREA</b></td><td>$[UsoSuelo/AREA]</td></tr>
  <tr><td><b>ID_PREDIO</b></td><td>$[UsoSuelo/ID_PREDIO]</td></tr>
  <tr><td><b>NOM_PREDIO</b></td><td>$[UsoSuelo/NOM_PREDIO]</td></tr>
  <tr><td><b>ID_SECCION</b></td><td>$[UsoSuelo/ID_SECCION]</td></tr>
  <tr><td><b>ID_RODAL</b></td><td>$[UsoSuelo/ID_RODAL]</td></tr>
  <tr><td><b>TIPO_USO</b></td><td>$[UsoSuelo/TIPO_USO]</td></tr>
  <tr><td><b>APL</b></td><td>$[UsoSuelo/APL]</td></tr>
  <tr><td><b>MPL</b></td><td>$[UsoSuelo/MPL]</td></tr>
  <tr><td><b>SUP_M2</b></td><td>$[UsoSuelo/SUP_M2]</td></tr>
  <tr><td><b>TIPOUSO</b></td><td>$[UsoSuelo/TIPOUSO]</td></tr>
  <tr><td><b>PORC_PROP</b></td><td>$[UsoSuelo/PORC_PROP]</td></tr>
  <tr><td><b>Shape_Leng</b></td><td>$[UsoSuelo/Shape_Leng]</td></tr>
  <tr><td><b>Shape_Area</b></td><td>$[UsoSuelo/Shape_Area]</td></tr>
</table>
]]></text>
		</BalloonStyle>
		<PolyStyle>
			<colorMode>random</colorMode>
		</PolyStyle>
	</Style>
	<Folder id="layer 0">
		<name>UsoSuelo</name>
		<Placemark>
			<styleUrl>#falseColor</styleUrl>
			<ExtendedData>
				<SchemaData schemaUrl="#S_UsoSuelo_SDSDDD">
					<SimpleData name="OBJECTID">595007580</SimpleData>
					<SimpleData name="ZONA">4</SimpleData>
					<SimpleData name="AREA">5</SimpleData>
					<SimpleData name="ID_PREDIO">10728</SimpleData>
					<SimpleData name="NOM_PREDIO">CHAMIZAL</SimpleData>
					<SimpleData name="ID_SECCION">1</SimpleData>
					<SimpleData name="ID_RODAL">5</SimpleData>
					<SimpleData name="TIPO_USO">94</SimpleData>
					<SimpleData name="APL">2010</SimpleData>
					<SimpleData name="MPL">8</SimpleData>
					<SimpleData name="SUP_M2">4272.33</SimpleData>
					<SimpleData name="TIPOUSO">PIRA</SimpleData>
					<SimpleData name="PORC_PROP">100</SimpleData>
					<SimpleData name="Shape_Leng">0</SimpleData>
					<SimpleData name="Shape_Area">0</SimpleData>
				</SchemaData>
			</ExtendedData>
			<Polygon>
				<outerBoundaryIs>
					<LinearRing>
						<coordinates>
							-72.58398662399675,-36.04492336999988,0 -72.58393812199679,-36.04490646933323,0 -72.58393968399677,-36.04489379899987,0 -72.58394186799674,-36.0448760864999,0 -72.58399981299677,-36.04440624849988,0 -72.58402061899679,-36.04423754999987,0 -72.58406270599681,-36.0438962909999,0 -72.58407601033012,-36.04346103133324,0 -72.58407701149676,-36.04342828449986,0 -72.58407781120525,-36.04339316700301,0 -72.58411403799678,-36.04347984699993,0 -72.58428100699675,-36.04353803199993,0 -72.58428428999677,-36.04356991699991,0 -72.58429066999676,-36.04360124299992,0 -72.58429870899677,-36.04362270999986,0 -72.58431246599675,-36.04364602199985,0 -72.58436996399678,-36.04371799899989,0 -72.58438712999677,-36.04374259499985,0 -72.58439859699676,-36.04376585899985,0 -72.58440359499673,-36.04378742599988,0 -72.58440183099675,-36.04381031599986,0 -72.58439256499676,-36.04383622899986,0 -72.58437905599678,-36.04386096999985,0 -72.58434297999676,-36.0439180599999,0 -72.58432958299679,-36.04394466599988,0 -72.58432287799677,-36.04396701099993,0 -72.58432200599675,-36.0439872049999,0 -72.58432589499679,-36.04400439199986,0 -72.58433420299674,-36.0440229449999,0 -72.5843471369968,-36.04404359299985,0 -72.58439233999674,-36.04410668599988,0 -72.58440300199676,-36.0441274649999,0 -72.58440879199679,-36.04414659099994,0 -72.5844137779968,-36.04418892499991,0 -72.58441364699675,-36.04420786799989,0 -72.58441177299682,-36.04422546599989,0 -72.58440662299678,-36.04425234299988,0 -72.58439965899677,-36.04426900699988,0 -72.58439165999678,-36.04427796399992,0 -72.58437932799673,-36.04428587399985,0 -72.5843211969968,-36.0443079399999,0 -72.58430106399679,-36.04431956399986,0 -72.58428785499673,-36.04433218399987,0 -72.5842760839968,-36.04434691899989,0 -72.5842657109968,-36.04436382099991,0 -72.58425666799677,-36.04438299699989,0 -72.58424904199681,-36.04440409299988,0 -72.58424246999679,-36.04442790699991,0 -72.5842311869968,-36.04448892499989,0 -72.58422359299676,-36.04452814299987,0 -72.58422163299677,-36.04454636299988,0 -72.58422304299678,-36.04456314399991,0 -72.58422851199678,-36.04457644499985,0 -72.58423365199677,-36.04458249099986,0 -72.58424122899677,-36.04458834199988,0 -72.5842823629968,-36.04460997999987,0 -72.58429722299675,-36.04462161799989,0 -72.58430641399674,-36.04463401099988,0 -72.5843144459968,-36.04464900899993,0 -72.58432137499679,-36.04466668599986,0 -72.58432754699678,-36.04468790899988,0 -72.5843321199968,-36.04471488999988,0 -72.58433210899679,-36.04474172799988,0 -72.58432750999677,-36.04476841999985,0 -72.58431832499676,-36.04479497399993,0 -72.58430455299677,-36.0448213849999,0 -72.58428619499682,-36.04484765699991,0 -72.58426324999678,-36.0448737839999,0 -72.58423571799682,-36.04489976999989,0 -72.58419771699678,-36.04489900199988,0 -72.58415002599676,-36.0448980429999,0 -72.58410233699676,-36.0448970789999,0 -72.5840546489968,-36.04489612099984,0 -72.58403254999675,-36.04489567399989,0 -72.58401030157682,-36.04493689333,0 -72.58398662399675,-36.04492336999988,0 
						</coordinates>
					</LinearRing>
				</outerBoundaryIs>
			</Polygon>
		</Placemark>
		<Placemark>
			<styleUrl>#falseColor</styleUrl>
			<ExtendedData>
				<SchemaData schemaUrl="#S_UsoSuelo_SDSDDD">
					<SimpleData name="OBJECTID">595007600</SimpleData>
					<SimpleData name="ZONA">4</SimpleData>
					<SimpleData name="AREA">5</SimpleData>
					<SimpleData name="ID_PREDIO">10728</SimpleData>
					<SimpleData name="NOM_PREDIO">CHAMIZAL</SimpleData>
					<SimpleData name="ID_SECCION">1</SimpleData>
					<SimpleData name="ID_RODAL">5</SimpleData>
					<SimpleData name="TIPO_USO">94</SimpleData>
					<SimpleData name="APL">2010</SimpleData>
					<SimpleData name="MPL">8</SimpleData>
					<SimpleData name="SUP_M2">4323.96</SimpleData>
					<SimpleData name="TIPOUSO">PIRA</SimpleData>
					<SimpleData name="PORC_PROP">100</SimpleData>
					<SimpleData name="Shape_Leng">0</SimpleData>
					<SimpleData name="Shape_Area">0</SimpleData>
				</SchemaData>
			</ExtendedData>
			<Polygon>
				<outerBoundaryIs>
					<LinearRing>
						<coordinates>
							-72.58729801999681,-36.04512537299985,0 -72.58729461499676,-36.04511068799987,0 -72.58727547399678,-36.04505831099988,0 -72.58726989699683,-36.0450380749999,0 -72.58726847299684,-36.04501816099989,0 -72.58727262899679,-36.04500121199987,0 -72.58728118499683,-36.04498475999988,0 -72.58729210999678,-36.04496838999989,0 -72.58730452499681,-36.04495341199987,0 -72.58731761199681,-36.04494081399987,0 -72.58732763699683,-36.04493379999988,0 -72.58733945799679,-36.04492825199988,0 -72.5873690359968,-36.04492130299985,0 -72.58740308799679,-36.04491937099987,0 -72.58750408499682,-36.04492065499988,0 -72.58753262499683,-36.04491726599988,0 -72.58755576799679,-36.04491058199992,0 -72.58757381999679,-36.04490195999989,0 -72.58759250199684,-36.04489040999992,0 -72.58766463399679,-36.04483398399986,0 -72.58769893499681,-36.04481275299986,0 -72.58774433799681,-36.04479186999987,0 -72.58778767599682,-36.04477524199989,0 -72.58782887099682,-36.04476289099991,0 -72.58786784599681,-36.04475484899993,0 -72.58789534799678,-36.04475271999985,0 -72.58792692499681,-36.04475435799989,0 -72.5880274779968,-36.04477082499989,0 -72.58805954199683,-36.04477459999986,0 -72.58808626399677,-36.04477523499985,0 -72.58810992299682,-36.0447728579999,0 -72.58815288199681,-36.04476404099989,0 -72.5881941209968,-36.04475292499993,0 -72.5882314629968,-36.04474010299987,0 -72.58826410799679,-36.04472585999989,0 -72.58829122799683,-36.04471061799993,0 -72.58831297999677,-36.04469436699986,0 -72.58832920899684,-36.04467722099988,0 -72.58833984099682,-36.04465925999991,0 -72.58834641199678,-36.04463900399985,0 -72.58835013599682,-36.04461616499987,0 -72.58835064999681,-36.04459302899988,0 -72.5883478999968,-36.04457184799989,0 -72.58834030599679,-36.04455335199986,0 -72.58832547499679,-36.04453456699986,0 -72.58830606799683,-36.04451703299989,0 -72.5882477669968,-36.04447112999989,0 -72.58823301299682,-36.04445641599992,0 -72.5882224519968,-36.04444234099987,0 -72.58820543099681,-36.04440972299989,0 -72.58819149099679,-36.04437173199988,0 -72.58818026199681,-36.04432803799993,0 -72.58816852399681,-36.04426610699988,0 -72.58816555899683,-36.04423516899988,0 -72.58816700799682,-36.04419997199992,0 -72.58817160299681,-36.04416556399985,0 -72.58818628399679,-36.04408202099989,0 -72.58819028999685,-36.04403967199988,0 -72.58819002599684,-36.04401855299989,0 -72.58818787299681,-36.04399912999987,0 -72.58818379099682,-36.04398105799987,0 -72.58817773599682,-36.0439641619999,0 -72.58816940699685,-36.04394785699989,0 -72.5881581859968,-36.04393093199988,0 -72.58812481199682,-36.04389204699988,0 -72.58854762499683,-36.04390942199992,0 -72.58851716699681,-36.04392504299989,0 -72.58850716299679,-36.04396418899989,0 -72.58851487799677,-36.04400011299987,0 -72.58853590399679,-36.04403273199991,0 -72.58853910999684,-36.04407214899987,0 -72.5885201909968,-36.0441146909999,0 -72.58848420999684,-36.04413900699989,0 -72.58846121999682,-36.0441707419999,0 -72.58845132299678,-36.04420631699988,0 -72.58844572099682,-36.0442455549999,0 -72.58844892299683,-36.04428496499986,0 -72.58847886699681,-36.04431418499986,0 -72.58851379199679,-36.04431488899988,0 -72.58850860199682,-36.0443429339999,0 -72.5885074389968,-36.04438106699985,0 -72.58850040699684,-36.04441908099992,0 -72.58848750399682,-36.04445697799986,0 -72.58848047399685,-36.04449499899989,0 -72.58847930799681,-36.04453313199988,0 -72.58847814799681,-36.04457126499989,0 -72.58847698099682,-36.04460939799986,0 -72.58847582099678,-36.04464753199992,0 -72.58847436299681,-36.04469519699992,0 -72.58846733199684,-36.04473321099992,0 -72.5884371089968,-36.04476122299985,0 -72.58842486299682,-36.04477256999986,0 -72.58840688899681,-36.04478922799989,0 -72.58838826299679,-36.04482223999987,0 -72.58836963699682,-36.04485525299986,0 -72.58835673499682,-36.04489314999992,0 -72.5883381109968,-36.04492616099989,0 -72.58833527999678,-36.04494145299986,0 -72.58832760299678,-36.0449407319999,0 -72.58827037699679,-36.0449395769999,0 -72.58822184399681,-36.0449421789999,0 -72.58817760599683,-36.04494844099986,0 -72.58812918499677,-36.04494746799985,0 -72.58808075999681,-36.04494649599986,0 -72.58801010799682,-36.04495222599987,0 -72.58796575999681,-36.04496206299993,0 -72.58792141299682,-36.04497190199988,0 -72.58787717799682,-36.0449781659999,0 -72.58783293499681,-36.0449844319999,0 -72.58777967399682,-36.04499766599985,0 -72.58773543299681,-36.04500393099991,0 -72.58769108699683,-36.04501376899987,0 -72.58764685099682,-36.04502003299993,0 -72.58759820699682,-36.04502620799985,0 -72.58755374899681,-36.04503962399985,0 -72.58751358799681,-36.0450566989999,0 -72.58747760199681,-36.04508101499992,0 -72.58744591799676,-36.04510899599993,0 -72.5874099349968,-36.04513331099989,0 -72.58740359199682,-36.04514532099992,0 -72.5873833039968,-36.04513992899985,0 -72.58733488099682,-36.04513895399987,0 -72.58729908699678,-36.04513823299988,0 -72.58729801999681,-36.04512537299985,0 
						</coordinates>
					</LinearRing>
				</outerBoundaryIs>
			</Polygon>
		</Placemark>
		<Placemark>
			<styleUrl>#falseColor</styleUrl>
			<ExtendedData>
				<SchemaData schemaUrl="#S_UsoSuelo_SDSDDD">
					<SimpleData name="OBJECTID">595007620</SimpleData>
					<SimpleData name="ZONA">4</SimpleData>
					<SimpleData name="AREA">5</SimpleData>
					<SimpleData name="ID_PREDIO">10728</SimpleData>
					<SimpleData name="NOM_PREDIO">CHAMIZAL</SimpleData>
					<SimpleData name="ID_SECCION">1</SimpleData>
					<SimpleData name="ID_RODAL">6</SimpleData>
					<SimpleData name="TIPO_USO">94</SimpleData>
					<SimpleData name="APL">2010</SimpleData>
					<SimpleData name="MPL">8</SimpleData>
					<SimpleData name="SUP_M2">25545.2</SimpleData>
					<SimpleData name="TIPOUSO">PIRA</SimpleData>
					<SimpleData name="PORC_PROP">100</SimpleData>
					<SimpleData name="Shape_Leng">0</SimpleData>
					<SimpleData name="Shape_Area">0</SimpleData>
				</SchemaData>
			</ExtendedData>
			<Polygon>
				<outerBoundaryIs>
					<LinearRing>
						<coordinates>
							-72.58759258899684,-36.04203555599989,0 -72.5876316619968,-36.04205422699988,0 -72.5876706199968,-36.04207647599986,0 -72.58773996499681,-36.04211364399988,0 -72.58777440999683,-36.04213937799989,0 -72.58781348399678,-36.0421580499999,0 -72.5878133759968,-36.04216162499989,0 -72.58790087199681,-36.0421812729999,0 -72.58793994299681,-36.04219994599986,0 -72.58798363299678,-36.04221155699989,0 -72.58802721399678,-36.04222674299992,0 -72.58809753999682,-36.04223173599986,0 -72.5881503629968,-36.04223279899988,0 -72.58819888899677,-36.04223019899987,0 -72.5882473099968,-36.04223117299991,0 -72.58829584099679,-36.04222857199989,0 -72.58834007799685,-36.04222230799988,0 -72.5883844239968,-36.04221246999986,0 -72.58842877099683,-36.04220262899987,0 -72.58847311899677,-36.04219278999991,0 -72.5885175749968,-36.04217937599986,0 -72.58855773499681,-36.04216229799989,0 -72.58859800699682,-36.04214164599992,0 -72.58863827999683,-36.04212099099988,0 -72.58863933599679,-36.04212067399988,0 -72.58868273599681,-36.04210757799989,0 -72.58870245699678,-36.04210219899991,0 -72.58873159299682,-36.04209425299985,0 -72.58874391399681,-36.0420890129999,0 -72.5887717559968,-36.04207717399988,0 -72.58878549699682,-36.04207133199986,0 -72.58881191799679,-36.04206009699988,0 -72.58885207999683,-36.04204301899991,0 -72.58892811199682,-36.04200519899984,0 -72.58896827499679,-36.04198812199989,0 -72.58900854699682,-36.04196746899989,0 -72.58904452499681,-36.04194315199988,0 -72.58908050399684,-36.04191883499987,0 -72.58911229799681,-36.04188728099985,0 -72.5891439849968,-36.04185929999988,0 -72.58917566999682,-36.04183131999988,0 -72.58921583399678,-36.04181424199991,0 -72.58925181099681,-36.04178992499988,0 -72.58929197399685,-36.04177284799992,0 -72.58934039399682,-36.0417738219999,0 -72.5893747369968,-36.04180312999993,0 -72.58938685199681,-36.04183914599989,0 -72.58939456599684,-36.04187507299986,0 -72.58939336699679,-36.04191439799988,0 -72.58939216699682,-36.04195372299989,0 -72.58939096799682,-36.04199304899987,0 -72.5893897699968,-36.04203237299987,0 -72.58938856899682,-36.04207169799987,0 -72.58938296699687,-36.04211093499988,0 -72.58937285599679,-36.04215365799987,0 -72.58936583699685,-36.04223937099989,0 -72.5893602349968,-36.0422786069999,0 -72.58935903599679,-36.04231793199992,0 -72.5893622389968,-36.04235734599984,0 -72.58936092999683,-36.04240024599989,0 -72.5893685339968,-36.04243974799988,0 -72.58937624799682,-36.0424756759999,0 -72.58939727699682,-36.0425082909999,0 -72.58941379399684,-36.04254439699987,0 -72.58941237699679,-36.04259086999988,0 -72.58940248199681,-36.04262644599988,0 -72.58936210099685,-36.04265067299985,0 -72.58931775499683,-36.0426605129999,0 -72.58926471299681,-36.04266659999985,0 -72.58922444299681,-36.04268725399988,0 -72.58920144999684,-36.04271898499989,0 -72.58920916399686,-36.04275491299992,0 -72.58925361899684,-36.04274149899987,0 -72.58930193199681,-36.04274604799986,0 -72.58934551499684,-36.04276123299988,0 -72.58938447899682,-36.04278347999986,0 -72.5894189309968,-36.04280921099986,0 -72.58943544799681,-36.04284531799991,0 -72.58944756399679,-36.04288133399993,0 -72.58946408099678,-36.04291743799984,0 -72.58947619799685,-36.04295345399988,0 -72.58948831299685,-36.04298946599988,0 -72.58950042799685,-36.04302548299992,0 -72.58951254499685,-36.04306149999984,0 -72.58952906099685,-36.04309760099991,0 -72.58954557999685,-36.04313370999989,0 -72.58955769499683,-36.04316972499987,0 -72.5895563869968,-36.04321262499988,0 -72.5895507849968,-36.04325186299985,0 -72.58953648899677,-36.04328734599989,0 -72.58951779099685,-36.04332274099988,0 -72.5894814849968,-36.04335778299986,0 -72.58945849299684,-36.04338951599987,0 -72.5894266979968,-36.04342106999986,0 -72.58939930399681,-36.04345271299988,0 -72.58936761799681,-36.04348069399986,0 -72.58933593099681,-36.04350867499988,0 -72.58930424499682,-36.04353665599989,0 -72.58927255899681,-36.04356463599987,0 -72.5892494589968,-36.04359994099985,0 -72.58923956399681,-36.04363551599992,0 -72.5892339629968,-36.04367475299989,0 -72.58922406799682,-36.04371032299989,0 -72.58920977199683,-36.04374581099993,0 -72.58918677999679,-36.04377754199988,0 -72.58915938699684,-36.04380918399992,0 -72.58913639499679,-36.04384091799991,0 -72.58911340499682,-36.04387264799988,0 -72.58907742399683,-36.04389696599989,0 -72.58907302199681,-36.04389687799988,0 -72.58904970299685,-36.04393933599992,0 -72.58902660299682,-36.04397464299992,0 -72.58898632999677,-36.04399529099991,0 -72.58893768899679,-36.04400146799986,0 -72.58888937599681,-36.04399692199985,0 -72.58885041199682,-36.04397467499984,0 -72.58882498199685,-36.04394196599986,0 -72.58879503999681,-36.04391274599988,0 -72.58875607699682,-36.04389050099985,0 -72.58871238399679,-36.04387889099987,0 -72.58866396199684,-36.04387791599987,0 -72.5885977129968,-36.04388373599989,0 -72.58855743999682,-36.04390438999988,0 -72.58854762499683,-36.04390942199992,0 -72.58812481199682,-36.04389204699988,0 -72.58807029299678,-36.04383410399986,0 -72.5880545779968,-36.04381394899985,0 -72.58804271399681,-36.04379504899987,0 -72.58802737799681,-36.04376488499989,0 -72.58801394099682,-36.04373401299991,0 -72.58800240199677,-36.0437024369999,0 -72.58799276499678,-36.04367015699989,0 -72.58808173799682,-36.0435861769999,0 -72.58808581599681,-36.04358165999986,0 -72.58818988699683,-36.04344533499991,0 -72.58819156799679,-36.04344291399985,0 -72.5882779599968,-36.04330632999992,0 -72.5882799209968,-36.04330275599992,0 -72.58833665199684,-36.04317962499989,0 -72.58833737499683,-36.04317794099989,0 -72.58838194999682,-36.04306436699992,0 -72.58838316499681,-36.04306055699991,0 -72.58838369899679,-36.04305788999989,0 -72.58840526999683,-36.04291785299989,0 -72.58842376199681,-36.04286353399987,0 -72.58842448799683,-36.04286106499989,0 -72.58842535299682,-36.04285482299985,0 -72.58842486899682,-36.04284855199993,0 -72.58842305399682,-36.04284244499985,0 -72.58841995899678,-36.04283668699989,0 -72.58841568399683,-36.04283145099988,0 -72.5884103479968,-36.04282689999988,0 -72.58840412199683,-36.04282317199989,0 -72.58839719599678,-36.04282037599992,0 -72.58838977399685,-36.04281860099987,0 -72.58838208799682,-36.04281789799992,0 -72.58837436599683,-36.04281828999991,0 -72.5883668459968,-36.04281976199989,0 -72.58835975599681,-36.04282227899992,0 -72.58835331099682,-36.04282575299987,0 -72.58834770699681,-36.04283008199985,0 -72.58834311599682,-36.04283513899986,0 -72.58833967199679,-36.04284076699987,0 -72.58833821199683,-36.04284432499988,0 -72.58831885799681,-36.04290117099987,0 -72.5883181329968,-36.0429036389999,0 -72.58831759799683,-36.04290629999988,0 -72.5883009329968,-36.04301449999986,0 -72.58827396599679,-36.04302302599992,0 -72.58826144099682,-36.04302452699989,0 -72.58824955399676,-36.04302418499989,0 -72.58823652599683,-36.04301955899987,0 -72.58822450299684,-36.0430084659999,0 -72.58821419699677,-36.04299310999988,0 -72.58818677999683,-36.04294331699986,0 -72.58817678799682,-36.04293059799988,0 -72.58816641199677,-36.04292180199986,0 -72.58815584499679,-36.04291634999991,0 -72.58814312599681,-36.04291236399984,0 -72.58811063099682,-36.04290862399989,0 -72.58807501999679,-36.04290959699989,0 -72.58799041599681,-36.04291669599988,0 -72.58795510899685,-36.04291619499985,0 -72.58794031199682,-36.04291357799988,0 -72.58792861899678,-36.04290919499987,0 -72.58791982199682,-36.04290296599988,0 -72.58791383099681,-36.04289482199989,0 -72.58790867499683,-36.0428812159999,0 -72.58790531599684,-36.04286459899986,0 -72.58790405399679,-36.04284640799992,0 -72.58790505999681,-36.04282896699987,0 -72.5879098589968,-36.04281423599989,0 -72.58792065299681,-36.04279875199989,0 -72.58793443399679,-36.04278471299993,0 -72.58796956599681,-36.04275341999988,0 -72.58798323299682,-36.0427384979999,0 -72.5879913659968,-36.04272527299987,0 -72.58799487899684,-36.04271254999987,0 -72.58799487399682,-36.04269321999987,0 -72.58799136899682,-36.0426720809999,0 -72.58798473799679,-36.04265132299986,0 -72.58797572599678,-36.04263334799987,0 -72.58796796699683,-36.04262373099988,0 -72.58795746199678,-36.04261544299987,0 -72.58794410199684,-36.04260840099991,0 -72.58792762999678,-36.04260246199991,0 -72.58789180199685,-36.04259451599992,0 -72.58778882599684,-36.04257925199991,0 -72.58776176399681,-36.04257202299991,0 -72.58774064699679,-36.0425629349999,0 -72.58770077499679,-36.04253781699986,0 -72.5876625329968,-36.04250718499986,0 -72.58762667599677,-36.0424716389999,0 -72.58759409399681,-36.04243206099989,0 -72.58756557099677,-36.04238935899989,0 -72.58754207599678,-36.04234492799987,0 -72.5875243069968,-36.04230011799992,0 -72.58751278299678,-36.04225621699988,0 -72.58750689099679,-36.04221709599989,0 -72.58750473799682,-36.0421804749999,0 -72.58750632899682,-36.0421467389999,0 -72.58751166899681,-36.04211607499986,0 -72.58751854599677,-36.04209271899987,0 -72.58752753299677,-36.0420697079999,0 -72.5875386259968,-36.04204704299986,0 -72.58755182699679,-36.04202472299988,0 -72.58759258899684,-36.04203555599989,0 
						</coordinates>
					</LinearRing>
				</outerBoundaryIs>
			</Polygon>
		</Placemark>
		<Placemark>
			<styleUrl>#falseColor</styleUrl>
			<ExtendedData>
				<SchemaData schemaUrl="#S_UsoSuelo_SDSDDD">
					<SimpleData name="OBJECTID">595007640</SimpleData>
					<SimpleData name="ZONA">4</SimpleData>
					<SimpleData name="AREA">5</SimpleData>
					<SimpleData name="ID_PREDIO">10728</SimpleData>
					<SimpleData name="NOM_PREDIO">CHAMIZAL</SimpleData>
					<SimpleData name="ID_SECCION">1</SimpleData>
					<SimpleData name="ID_RODAL">6</SimpleData>
					<SimpleData name="TIPO_USO">94</SimpleData>
					<SimpleData name="APL">2010</SimpleData>
					<SimpleData name="MPL">8</SimpleData>
					<SimpleData name="SUP_M2">27841.6</SimpleData>
					<SimpleData name="TIPOUSO">PIRA</SimpleData>
					<SimpleData name="PORC_PROP">100</SimpleData>
					<SimpleData name="Shape_Leng">0</SimpleData>
					<SimpleData name="Shape_Area">0</SimpleData>
				</SchemaData>
			</ExtendedData>
			<Polygon>
				<outerBoundaryIs>
					<LinearRing>
						<coordinates>
							-72.58524278599678,-36.04134006699986,0 -72.58528407799676,-36.04129648899991,0 -72.5853479529968,-36.04126452099987,0 -72.58535234499679,-36.04126201299992,0 -72.58535359199681,-36.04126117399989,0 -72.58544660199678,-36.04119627299985,0 -72.58544979699677,-36.04119380999989,0 -72.58551553299677,-36.04113782799991,0 -72.5855166919968,-36.04113679899991,0 -72.58551927099683,-36.04113418999989,0 -72.58559282199677,-36.04105227499985,0 -72.58559483799675,-36.04104982899987,0 -72.58559812099679,-36.04104452799987,0 -72.58564513099677,-36.04094991799987,0 -72.58564739399679,-36.0409437289999,0 -72.58564810299681,-36.04093977899987,0 -72.5856601749968,-36.04082934199991,0 -72.58568347199677,-36.04071688999992,0 -72.5857009219968,-36.0406724269999,0 -72.58574107699678,-36.04064485599985,0 -72.58577904599679,-36.0406294959999,0 -72.58578668699681,-36.04062903199986,0 -72.58584291299678,-36.0406256049999,0 -72.58591018299683,-36.04066356099988,0 -72.5860151379968,-36.04074597599987,0 -72.58601648899678,-36.04074699299989,0 -72.58612715699675,-36.04082695299985,0 -72.5862077559968,-36.04089574199989,0 -72.58618899599678,-36.04090140299986,0 -72.5861616029968,-36.04093304599988,0 -72.58616931299679,-36.04096897199989,0 -72.58619034099679,-36.04100159099991,0 -72.5862113679968,-36.04103420899985,0 -72.5862323949968,-36.04106682799988,0 -72.58626233299677,-36.0410960489999,0 -72.58628336199678,-36.0411286669999,0 -72.58630438899678,-36.04116128499987,0 -72.58633432299675,-36.04119050399989,0 -72.58642779899679,-36.0413108949999,0 -72.5867459439968,-36.04107332099991,0 -72.5866838929968,-36.04099364499989,0 -72.58666748399681,-36.04095396599987,0 -72.58664205699681,-36.04092125899984,0 -72.5866210319968,-36.04088864099986,0 -72.58659658999682,-36.0408572049999,0 -72.58664375299675,-36.0408594539999,0 -72.58668517599682,-36.04086750199985,0 -72.5867037419968,-36.04087369899988,0 -72.58672086899681,-36.04088134599991,0 -72.58673656099683,-36.04089044299985,0 -72.58675082099683,-36.04090098799986,0 -72.5867600509968,-36.04091041099989,0 -72.5867683349968,-36.04092261099989,0 -72.58679334899682,-36.04097713299991,0 -72.58680714999679,-36.04099845399985,0 -72.5868197869968,-36.04101135999989,0 -72.58683592799677,-36.04102431499985,0 -72.58691875799678,-36.04107619899989,0 -72.58693619399678,-36.04108929099991,0 -72.58694955999682,-36.04110203199989,0 -72.58696289199681,-36.04111984499988,0 -72.58697255499682,-36.04113981699988,0 -72.58697862299681,-36.04116211499984,0 -72.58698119099682,-36.04118705199989,0 -72.58698036599679,-36.04121440799985,0 -72.58697621399682,-36.04124577499987,0 -72.58694594399678,-36.04137857299987,0 -72.58694079699673,-36.04140877899987,0 -72.5869382569968,-36.04143526299986,0 -72.58693858199678,-36.0414647079999,0 -72.5869428049968,-36.04149098699986,0 -72.5869510069968,-36.04151460499985,0 -72.58696327499678,-36.04153580099989,0 -72.58698989899683,-36.04157342699988,0 -72.58700735999682,-36.04159469399985,0 -72.58702473899676,-36.04161074999985,0 -72.58704155599679,-36.04162057199989,0 -72.58705314199682,-36.04162381699984,0 -72.58706607399681,-36.04162463899984,0 -72.58708049799679,-36.0416230489999,0 -72.58709672899681,-36.04161901499986,0 -72.5871277659968,-36.0416071579999,0 -72.58720526299682,-36.04157129999987,0 -72.58724292299677,-36.04155894599992,0 -72.58727384999679,-36.04155386599984,0 -72.58730973799679,-36.04155133099987,0 -72.58743961199677,-36.04155280099987,0 -72.58748859499681,-36.04155058099985,0 -72.5875133899968,-36.04154713999989,0 -72.58753544099686,-36.04154198899988,0 -72.58755517399679,-36.04153502799988,0 -72.58757280599679,-36.04152617899987,0 -72.58759216699681,-36.04151064499985,0 -72.58763461099683,-36.04146423599986,0 -72.58764790699679,-36.04145469499985,0 -72.58766141699681,-36.04144914699987,0 -72.58768326599682,-36.04144569699987,0 -72.58770918499683,-36.04144567999989,0 -72.58773723999678,-36.04144912299989,0 -72.58776365999682,-36.04145558299987,0 -72.58777820499681,-36.04146195799994,0 -72.58779271199681,-36.04147192799986,0 -72.58784134199682,-36.04152013699985,0 -72.58786362999679,-36.04153641299984,0 -72.58789819899681,-36.04155125799989,0 -72.58793814899678,-36.04156156699988,0 -72.5879833319968,-36.04156729899989,0 -72.58803349499682,-36.04156842199989,0 -72.58808872499681,-36.04156488099991,0 -72.5881479869968,-36.0415566909999,0 -72.58821036399681,-36.04154396699988,0 -72.58827366599681,-36.04152715099989,0 -72.58836942299679,-36.0414963769999,0 -72.58840531499682,-36.04148208699984,0 -72.58843603299682,-36.04146747099989,0 -72.58846268899681,-36.0414518979999,0 -72.58848463399683,-36.04143561699987,0 -72.5885019749968,-36.0414185459999,0 -72.58851475099682,-36.04140064099987,0 -72.58853211899681,-36.0413664399999,0 -72.58854211499681,-36.04133733899987,0 -72.58854458399682,-36.04131380499985,0 -72.58854298799679,-36.04130419599989,0 -72.58853950799681,-36.04129604999986,0 -72.5885327689968,-36.0412885559999,0 -72.58852179499679,-36.04128174499991,0 -72.58846045799682,-36.0412591749999,0 -72.58844777899679,-36.04125274799987,0 -72.58843860299682,-36.0412458539999,0 -72.58842859599682,-36.04123383499992,0 -72.58842047799681,-36.04121854499988,0 -72.58840247399679,-36.04116069299989,0 -72.58839331399682,-36.04113985299988,0 -72.58836689199686,-36.0410978299999,0 -72.5883362039968,-36.04105701799993,0 -72.58830208199682,-36.04101851499988,0 -72.58826526499679,-36.04098315999989,0 -72.58822669499685,-36.04095180099989,0 -72.58818673699682,-36.0409246899999,0 -72.58814590199682,-36.04090217099986,0 -72.58810457599679,-36.04088445599993,0 -72.58808388999682,-36.04087900399988,0 -72.58805654999681,-36.04087551399991,0 -72.58794978899682,-36.04087215199986,0 -72.58791562799678,-36.04086878699986,0 -72.58790104099683,-36.04086506199985,0 -72.58789115499678,-36.04085993299987,0 -72.58788574399684,-36.04085327599989,0 -72.5878847299968,-36.04084500099987,0 -72.58788782999683,-36.04083361699988,0 -72.58789429499677,-36.04081983999986,0 -72.58790327899682,-36.04080550499987,0 -72.58791327399678,-36.04079303099988,0 -72.58792148199677,-36.04078612099991,0 -72.58793274399682,-36.04077998999986,0 -72.58799164599682,-36.04076026299989,0 -72.58800353999682,-36.0407546339999,0 -72.58801220299681,-36.04074841399993,0 -72.58820992699681,-36.04073688199989,0 -72.5884306869968,-36.04070620099987,0 -72.58856547799678,-36.04070118599986,0 -72.58857088299682,-36.04070189099986,0 -72.58862190399682,-36.04070853899987,0 -72.58873547899681,-36.04072333799985,0 -72.58890029699683,-36.04076411899987,0 -72.58900046399683,-36.04080734799991,0 -72.5890024009968,-36.0408076629999,0 -72.58904938899681,-36.04081537799991,0 -72.58905224499684,-36.0408236429999,0 -72.58905995899683,-36.04085956999993,0 -72.5890676729968,-36.04089549799988,0 -72.58907538499683,-36.0409314249999,0 -72.58908749999685,-36.04096744099984,0 -72.58910852799684,-36.04100005899991,0 -72.5891295569968,-36.04103267599987,0 -72.58914607399683,-36.04106878099989,0 -72.58915378599684,-36.04110470799987,0 -72.58917448699681,-36.0411480509999,0 -72.58919551699684,-36.04118066799986,0 -72.58922996699683,-36.04120640199989,0 -72.58926441899678,-36.04123213599984,0 -72.58930338099681,-36.04125438299985,0 -72.58934245299683,-36.04127305399991,0 -72.5893814159968,-36.0412953019999,0 -72.58941135699681,-36.04132452199988,0 -72.5894234719968,-36.04136053799988,0 -72.58942227199681,-36.04139986199991,0 -72.58941667099683,-36.04143909899988,0 -72.5894110709968,-36.04147833599993,0 -72.58939160999684,-36.04153875599985,0 -72.58937280299683,-36.04157772799988,0 -72.58935532399686,-36.04160185199988,0 -72.5893498119968,-36.04160945999987,0 -72.58930943099681,-36.04163368799988,0 -72.58927345299681,-36.04165800399988,0 -72.58924176799682,-36.04168598399986,0 -72.58920567999678,-36.04171387599985,0 -72.58917399399681,-36.04174185599987,0 -72.58916803499686,-36.04174646199987,0 -72.58913790699683,-36.04176974799986,0 -72.58910181899684,-36.04179763999985,0 -72.58906584099682,-36.04182195599989,0 -72.58902975299684,-36.04184984799989,0 -72.58901678299682,-36.04185875399985,0 -72.5889892629968,-36.04187765099988,0 -72.58895328499682,-36.04190196699991,0 -72.58891290399684,-36.0419261949999,0 -72.58887263199684,-36.04194684799989,0 -72.58883247099682,-36.04196392599988,0 -72.58878812399678,-36.04197376499987,0 -72.58874377699684,-36.04198360499987,0 -72.58869943399679,-36.04199344399991,0 -72.58865497499681,-36.04200685799989,0 -72.58861481299684,-36.04202393599987,0 -72.58857024799684,-36.04204092499987,0 -72.58853008499683,-36.04205800299985,0 -72.58848563399681,-36.04207141699988,0 -72.58844117699681,-36.04208483099993,0 -72.58839682899682,-36.04209467099989,0 -72.58839242699679,-36.0420945819999,0 -72.58830416899681,-36.04209995999989,0 -72.5882603689968,-36.04209192499988,0 -72.58818135199682,-36.04208317899985,0 -72.58813755199679,-36.04207514299987,0 -72.58809375399684,-36.04206710599988,0 -72.58804994899681,-36.0420590709999,0 -72.58800614799677,-36.04205103499987,0 -72.5879623509968,-36.04204299899987,0 -72.5879185469968,-36.0420349629999,0 -72.58787485499681,-36.0420233509999,0 -72.5878311639968,-36.04201174099992,0 -72.58778736099681,-36.04200370499989,0 -72.58774829299682,-36.04198503199991,0 -72.58770471199684,-36.04196984599985,0 -72.58766101499681,-36.04195823499987,0 -72.58762194799682,-36.04193956299989,0 -72.58757836499677,-36.04192437499989,0 -72.58752619799681,-36.04190186299984,0 -72.58747369699684,-36.04189007399987,0 -72.58742989699684,-36.04188203799986,0 -72.58738148099681,-36.04188106399992,0 -72.58733294899676,-36.04188366299985,0 -72.58728859899679,-36.04189350199989,0 -72.58724436199681,-36.04189976599987,0 -72.58719990599678,-36.04191317799984,0 -72.58715974999676,-36.04193025699991,0 -72.58711958699679,-36.04194733399986,0 -72.58707942599682,-36.04196441199986,0 -72.58703925499681,-36.04198148899987,0 -72.5870117339968,-36.04199319099988,0 -72.58699909199677,-36.04199856599987,0 -72.58695671499682,-36.04200796699987,0 -72.5869270609968,-36.04199184599985,0 -72.58690141899677,-36.04197242599987,0 -72.58689262699683,-36.04196305099989,0 -72.58688477799677,-36.04195138499988,0 -72.58685747599681,-36.04189051299988,0 -72.58684920799683,-36.04187696099992,0 -72.58683996699682,-36.04186609899992,0 -72.58682078599678,-36.04184948699987,0 -72.58679745499683,-36.04183327099986,0 -72.58677017099676,-36.04181760099991,0 -72.58673945999681,-36.04180277299989,0 -72.58670915399684,-36.04179249299988,0 -72.5866731199968,-36.04178615099992,0 -72.5866338569968,-36.04178341399989,0 -72.58652163599679,-36.04178085999984,0 -72.58648847799678,-36.04177711399989,0 -72.58646007299677,-36.04177087399992,0 -72.58643118299679,-36.0417607229999,0 -72.58640022699674,-36.04174610799986,0 -72.58630630999681,-36.04169052499986,0 -72.58627421199679,-36.04167332599987,0 -72.58624414499678,-36.04166049399989,0 -72.58621569699682,-36.04165210599984,0 -72.58618037799681,-36.04164792599988,0 -72.58613786999676,-36.04164980399989,0 -72.58609491899681,-36.04165600199988,0 -72.58599387499679,-36.04167504799992,0 -72.5859473839968,-36.04168016699986,0 -72.58592574399682,-36.0416801339999,0 -72.58590675599679,-36.04167798099984,0 -72.58589008999678,-36.0416736679999,0 -72.5858755739968,-36.04166714799987,0 -72.58585698699679,-36.04165270599989,0 -72.58584075999683,-36.04163160499984,0 -72.58582694899675,-36.04160516299987,0 -72.58580200899678,-36.0415445709999,0 -72.58578985199679,-36.04151906899988,0 -72.58577451599677,-36.04149491999988,0 -72.58575739099676,-36.04147648199991,0 -72.5857238109968,-36.04145120899992,0 -72.58568218599679,-36.04142684899989,0 -72.58563192599676,-36.04140293999991,0 -72.5855663589968,-36.04137630199988,0 -72.58551248499678,-36.0413559749999,0 -72.58547370499679,-36.04134326699992,0 -72.5854383399968,-36.04133434499991,0 -72.58540605299679,-36.04132928499985,0 -72.58536559599676,-36.04132698199988,0 -72.58532473599678,-36.04132833799985,0 -72.58528347299682,-36.04133335099991,0 -72.58524180399677,-36.04134202299986,0 -72.58524278599678,-36.04134006699986,0 
						</coordinates>
					</LinearRing>
				</outerBoundaryIs>
			</Polygon>
		</Placemark>
		<Placemark>
			<styleUrl>#falseColor</styleUrl>
			<ExtendedData>
				<SchemaData schemaUrl="#S_UsoSuelo_SDSDDD">
					<SimpleData name="OBJECTID">595007660</SimpleData>
					<SimpleData name="ZONA">4</SimpleData>
					<SimpleData name="AREA">5</SimpleData>
					<SimpleData name="ID_PREDIO">10728</SimpleData>
					<SimpleData name="NOM_PREDIO">CHAMIZAL</SimpleData>
					<SimpleData name="ID_SECCION">1</SimpleData>
					<SimpleData name="ID_RODAL">2</SimpleData>
					<SimpleData name="TIPO_USO">94</SimpleData>
					<SimpleData name="APL">2010</SimpleData>
					<SimpleData name="MPL">8</SimpleData>
					<SimpleData name="SUP_M2">46683.9</SimpleData>
					<SimpleData name="TIPOUSO">PIRA</SimpleData>
					<SimpleData name="PORC_PROP">100</SimpleData>
					<SimpleData name="Shape_Leng">0</SimpleData>
					<SimpleData name="Shape_Area">0</SimpleData>
				</SchemaData>
			</ExtendedData>
			<Polygon>
				<outerBoundaryIs>
					<LinearRing>
						<coordinates>
							-72.58426324999678,-36.0448737839999,0 -72.58428619499682,-36.04484765699991,0 -72.58430455299677,-36.0448213849999,0 -72.58431832499676,-36.04479497399993,0 -72.58432750999677,-36.04476841999985,0 -72.58433210899679,-36.04474172799988,0 -72.5843321199968,-36.04471488999988,0 -72.58432754699678,-36.04468790899988,0 -72.58432137499679,-36.04466668599986,0 -72.5843144459968,-36.04464900899993,0 -72.58430641399674,-36.04463401099988,0 -72.58429722299675,-36.04462161799989,0 -72.5842823629968,-36.04460997999987,0 -72.58424122899677,-36.04458834199988,0 -72.58423365199677,-36.04458249099986,0 -72.58422851199678,-36.04457644499985,0 -72.58422304299678,-36.04456314399991,0 -72.58422163299677,-36.04454636299988,0 -72.58422359299676,-36.04452814299987,0 -72.5842311869968,-36.04448892499989,0 -72.58424246999679,-36.04442790699991,0 -72.58424904199681,-36.04440409299988,0 -72.58425666799677,-36.04438299699989,0 -72.5842657109968,-36.04436382099991,0 -72.5842760839968,-36.04434691899989,0 -72.58428785499673,-36.04433218399987,0 -72.58430106399679,-36.04431956399986,0 -72.5843211969968,-36.0443079399999,0 -72.58437932799673,-36.04428587399985,0 -72.58439165999678,-36.04427796399992,0 -72.58439965899677,-36.04426900699988,0 -72.58440662299678,-36.04425234299988,0 -72.58441177299682,-36.04422546599989,0 -72.58441364699675,-36.04420786799989,0 -72.5844137779968,-36.04418892499991,0 -72.58440879199679,-36.04414659099994,0 -72.58440300199676,-36.0441274649999,0 -72.58439233999674,-36.04410668599988,0 -72.5843471369968,-36.04404359299985,0 -72.58433420299674,-36.0440229449999,0 -72.58432589499679,-36.04400439199986,0 -72.58432200599675,-36.0439872049999,0 -72.58432287799677,-36.04396701099993,0 -72.58432958299679,-36.04394466599988,0 -72.58434297999676,-36.0439180599999,0 -72.58437905599678,-36.04386096999985,0 -72.58439256499676,-36.04383622899986,0 -72.58440183099675,-36.04381031599986,0 -72.58440359499673,-36.04378742599988,0 -72.58439859699676,-36.04376585899985,0 -72.58438712999677,-36.04374259499985,0 -72.58436996399678,-36.04371799899989,0 -72.58431246599675,-36.04364602199985,0 -72.58429870899677,-36.04362270999986,0 -72.58429066999676,-36.04360124299992,0 -72.58428428999677,-36.04356991699991,0 -72.58428100699675,-36.04353803199993,0 -72.58473984199678,-36.04369792099987,0 -72.5852862589968,-36.04386260799986,0 -72.58567899899678,-36.04384341199989,0 -72.58569371899682,-36.04384976999992,0 -72.58574203099681,-36.04385431899988,0 -72.58578637799675,-36.0438444819999,0 -72.58583480099676,-36.0438454549999,0 -72.5858444969968,-36.04384565099986,0 -72.58588322299681,-36.04384643299989,0 -72.58593164199679,-36.04384740599991,0 -72.58597995799678,-36.04385195999986,0 -72.58602837699679,-36.04385293399987,0 -72.58607680099679,-36.0438539099999,0 -72.58608547699679,-36.04385267899988,0 -72.58610057899679,-36.04386963099989,0 -72.58610494799676,-36.04387382699989,0 -72.58611005099681,-36.04387742999989,0 -72.58613453099682,-36.04389221299988,0 -72.58620808199677,-36.04393663799988,0 -72.58621340599677,-36.04393940299986,0 -72.58621916799677,-36.04394152299988,0 -72.58622523599676,-36.04394295399987,0 -72.58644165599678,-36.04398074399992,0 -72.58644961399681,-36.04398149099993,0 -72.58645256799676,-36.04398147199986,0 -72.58671759799681,-36.04397246699992,0 -72.5869180039968,-36.04396217299989,0 -72.58719437699681,-36.04394866499985,0 -72.58719719999678,-36.04394844899985,0 -72.58743285299681,-36.0439245779999,0 -72.58743397999679,-36.04392445199989,0 -72.58744005099679,-36.04392335199989,0 -72.58764975999679,-36.04387253099988,0 -72.58812481199682,-36.04389204699988,0 -72.5881581859968,-36.04393093199988,0 -72.58816940699685,-36.04394785699989,0 -72.58817773599682,-36.0439641619999,0 -72.58818379099682,-36.04398105799987,0 -72.58818787299681,-36.04399912999987,0 -72.58819002599684,-36.04401855299989,0 -72.58819028999685,-36.04403967199988,0 -72.58818628399679,-36.04408202099989,0 -72.58817160299681,-36.04416556399985,0 -72.58816700799682,-36.04419997199992,0 -72.58816555899683,-36.04423516899988,0 -72.58816852399681,-36.04426610699988,0 -72.58818026199681,-36.04432803799993,0 -72.58819149099679,-36.04437173199988,0 -72.58820543099681,-36.04440972299989,0 -72.5882224519968,-36.04444234099987,0 -72.58823301299682,-36.04445641599992,0 -72.5882477669968,-36.04447112999989,0 -72.58830606799683,-36.04451703299989,0 -72.58832547499679,-36.04453456699986,0 -72.58834030599679,-36.04455335199986,0 -72.5883478999968,-36.04457184799989,0 -72.58835064999681,-36.04459302899988,0 -72.58835013599682,-36.04461616499987,0 -72.58834641199678,-36.04463900399985,0 -72.58833984099682,-36.04465925999991,0 -72.58832920899684,-36.04467722099988,0 -72.58831297999677,-36.04469436699986,0 -72.58829122799683,-36.04471061799993,0 -72.58826410799679,-36.04472585999989,0 -72.5882314629968,-36.04474010299987,0 -72.5881941209968,-36.04475292499993,0 -72.58815288199681,-36.04476404099989,0 -72.58810992299682,-36.0447728579999,0 -72.58808626399677,-36.04477523499985,0 -72.58805954199683,-36.04477459999986,0 -72.5880274779968,-36.04477082499989,0 -72.58792692499681,-36.04475435799989,0 -72.58789534799678,-36.04475271999985,0 -72.58786784599681,-36.04475484899993,0 -72.58782887099682,-36.04476289099991,0 -72.58778767599682,-36.04477524199989,0 -72.58774433799681,-36.04479186999987,0 -72.58769893499681,-36.04481275299986,0 -72.58766463399679,-36.04483398399986,0 -72.58759250199684,-36.04489040999992,0 -72.58757381999679,-36.04490195999989,0 -72.58755576799679,-36.04491058199992,0 -72.58753262499683,-36.04491726599988,0 -72.58750408499682,-36.04492065499988,0 -72.58740308799679,-36.04491937099987,0 -72.5873690359968,-36.04492130299985,0 -72.58733945799679,-36.04492825199988,0 -72.58732763699683,-36.04493379999988,0 -72.58731761199681,-36.04494081399987,0 -72.58730452499681,-36.04495341199987,0 -72.58729210999678,-36.04496838999989,0 -72.58728118499683,-36.04498475999988,0 -72.58727262899679,-36.04500121199987,0 -72.58726847299684,-36.04501816099989,0 -72.58726989699683,-36.0450380749999,0 -72.58727547399678,-36.04505831099988,0 -72.58729461499676,-36.04511068799987,0 -72.58729801999681,-36.04512537299985,0 -72.58729908699678,-36.04513823299988,0 -72.58728646099678,-36.04513797899989,0 -72.58724210999678,-36.04514781699987,0 -72.58719787399679,-36.04515408199993,0 -72.58715363199677,-36.04516034599988,0 -72.58711077299682,-36.04516985299989,0 -72.58710928899677,-36.0451701829999,0 -72.58707330499681,-36.04519449899991,0 -72.58704590699679,-36.04522614499985,0 -72.58703437866347,-36.04525740733325,0 -72.58673188899675,-36.04523789249987,0 -72.58656133999681,-36.0452245384999,0 -72.5859303684968,-36.04517513899987,0 -72.58592652199677,-36.04517483799989,0 -72.58581481299676,-36.04516999549988,0 -72.58560434599677,-36.04517373499991,0 -72.58558672699677,-36.04517404733321,0 -72.5855442509968,-36.04515865899987,0 -72.5854569379968,-36.04513305199986,0 -72.5854131899968,-36.04512322899989,0 -72.58536943799679,-36.04511340299984,0 -72.5853256909968,-36.04510357799992,0 -72.58528194499679,-36.04509375599985,0 -72.58523819899681,-36.04508392999985,0 -72.58519444999675,-36.04507410499988,0 -72.58514703499675,-36.04506420799986,0 -72.58510319699677,-36.0450573629999,0 -72.58505568999679,-36.04505044599993,0 -72.58501185099678,-36.04504359599986,0 -72.58496425299683,-36.04503965599989,0 -72.58492050599681,-36.04502983099988,0 -72.5848767579968,-36.04502000599987,0 -72.58483291999681,-36.04501315999988,0 -72.5847891719968,-36.04500333699986,0 -72.58474533299679,-36.04499649099991,0 -72.58469791799676,-36.04498659399986,0 -72.58465407899676,-36.04497974799989,0 -72.58460666299678,-36.04496984599985,0 -72.58456300699677,-36.04495704299989,0 -72.58451568199678,-36.04494416499988,0 -72.58447193399675,-36.04493433999991,0 -72.5844280959968,-36.04492749499988,0 -72.58438434899681,-36.04491766999985,0 -72.58434060099682,-36.04490784499993,0 -72.58429300299677,-36.04490390399989,0 -72.58424540599678,-36.04489996499991,0 -72.58423571799682,-36.04489976999989,0 -72.58426324999678,-36.0448737839999,0 
						</coordinates>
					</LinearRing>
				</outerBoundaryIs>
			</Polygon>
		</Placemark>
		<Placemark>
			<styleUrl>#falseColor</styleUrl>
			<ExtendedData>
				<SchemaData schemaUrl="#S_UsoSuelo_SDSDDD">
					<SimpleData name="OBJECTID">595007680</SimpleData>
					<SimpleData name="ZONA">4</SimpleData>
					<SimpleData name="AREA">5</SimpleData>
					<SimpleData name="ID_PREDIO">10728</SimpleData>
					<SimpleData name="NOM_PREDIO">CHAMIZAL</SimpleData>
					<SimpleData name="ID_SECCION">1</SimpleData>
					<SimpleData name="ID_RODAL">4</SimpleData>
					<SimpleData name="TIPO_USO">94</SimpleData>
					<SimpleData name="APL">2010</SimpleData>
					<SimpleData name="MPL">8</SimpleData>
					<SimpleData name="SUP_M2">7275.69</SimpleData>
					<SimpleData name="TIPOUSO">PIRA</SimpleData>
					<SimpleData name="PORC_PROP">100</SimpleData>
					<SimpleData name="Shape_Leng">0</SimpleData>
					<SimpleData name="Shape_Area">0</SimpleData>
				</SchemaData>
			</ExtendedData>
			<Polygon>
				<outerBoundaryIs>
					<LinearRing>
						<coordinates>
							-72.58408753699672,-36.04296605449986,0 -72.58408235499675,-36.04290222633321,0 -72.58407182699678,-36.04277256549988,0 -72.58406278599679,-36.04259677249991,0 -72.58406395799682,-36.04255842599989,0 -72.5840653019968,-36.04251447049989,0 -72.58406872899674,-36.04240235799988,0 -72.58406884199678,-36.04239867099992,0 -72.58407011799679,-36.04235691949987,0 -72.58406995999675,-36.04235480066655,0 -72.58407289899675,-36.04235938999989,0 -72.58409670999676,-36.04245048999985,0 -72.58409740699678,-36.0424527779999,0 -72.58412661599679,-36.04253675699987,0 -72.58412878399675,-36.04254162599992,0 -72.58413179399678,-36.04254619599988,0 -72.58419304399673,-36.0426250139999,0 -72.58419524099676,-36.04262758799984,0 -72.58424706299675,-36.04268295899988,0 -72.58427853999676,-36.04277250899985,0 -72.5842792769968,-36.04277440899991,0 -72.58429590699674,-36.04281230899989,0 -72.58433560399679,-36.0429367679999,0 -72.58433808899677,-36.04294250599985,0 -72.58434172699677,-36.0429478259999,0 -72.5844620779968,-36.04309333799992,0 -72.58446422399678,-36.04309571799984,0 -72.58446779399677,-36.04309893499987,0 -72.58463629199676,-36.04323356799991,0 -72.58477975099679,-36.04334682899989,0 -72.58478132399681,-36.04334801399989,0 -72.58478743499683,-36.0433516869999,0 -72.58494295199682,-36.04342937299989,0 -72.58494993899674,-36.04343219799988,0 -72.58495413699674,-36.04343334399992,0 -72.58516284599681,-36.04348099399989,0 -72.5851660689968,-36.04348162499988,0 -72.58517180399679,-36.04348224999993,0 -72.58544865299677,-36.04349775799991,0 -72.58563270699682,-36.04356585099989,0 -72.58563533299677,-36.04359818899985,0 -72.58563853399681,-36.04363760299987,0 -72.58564173499676,-36.04367701299986,0 -72.5856449329968,-36.04371642899988,0 -72.58564373399679,-36.04375575099988,0 -72.58564253199681,-36.04379507999991,0 -72.58565024399675,-36.04383100799991,0 -72.58567899899678,-36.04384341199989,0 -72.5852862589968,-36.04386260799986,0 -72.58473984199678,-36.04369792099987,0 -72.58428100699675,-36.04353803199993,0 -72.58411403799678,-36.04347984699993,0 -72.58407781120525,-36.04339316700301,0 -72.58408753699672,-36.04296605449986,0 
						</coordinates>
					</LinearRing>
				</outerBoundaryIs>
			</Polygon>
		</Placemark>
		<Placemark>
			<styleUrl>#falseColor</styleUrl>
			<ExtendedData>
				<SchemaData schemaUrl="#S_UsoSuelo_SDSDDD">
					<SimpleData name="OBJECTID">595007700</SimpleData>
					<SimpleData name="ZONA">4</SimpleData>
					<SimpleData name="AREA">5</SimpleData>
					<SimpleData name="ID_PREDIO">10728</SimpleData>
					<SimpleData name="NOM_PREDIO">CHAMIZAL</SimpleData>
					<SimpleData name="ID_SECCION">1</SimpleData>
					<SimpleData name="ID_RODAL">4</SimpleData>
					<SimpleData name="TIPO_USO">94</SimpleData>
					<SimpleData name="APL">2010</SimpleData>
					<SimpleData name="MPL">8</SimpleData>
					<SimpleData name="SUP_M2">66385.9</SimpleData>
					<SimpleData name="TIPOUSO">PIRA</SimpleData>
					<SimpleData name="PORC_PROP">100</SimpleData>
					<SimpleData name="Shape_Leng">0</SimpleData>
					<SimpleData name="Shape_Area">0</SimpleData>
				</SchemaData>
			</ExtendedData>
			<Polygon>
				<outerBoundaryIs>
					<LinearRing>
						<coordinates>
							-72.58528347299682,-36.04133335099991,0 -72.58532473599678,-36.04132833799985,0 -72.58536559599676,-36.04132698199988,0 -72.58540605299679,-36.04132928499985,0 -72.5854383399968,-36.04133434499991,0 -72.58547370499679,-36.04134326699992,0 -72.58551248499678,-36.0413559749999,0 -72.5855663589968,-36.04137630199988,0 -72.58563192599676,-36.04140293999991,0 -72.58568218599679,-36.04142684899989,0 -72.5857238109968,-36.04145120899992,0 -72.58575739099676,-36.04147648199991,0 -72.58577451599677,-36.04149491999988,0 -72.58578985199679,-36.04151906899988,0 -72.58580200899678,-36.0415445709999,0 -72.58582694899675,-36.04160516299987,0 -72.58584075999683,-36.04163160499984,0 -72.58585698699679,-36.04165270599989,0 -72.5858755739968,-36.04166714799987,0 -72.58589008999678,-36.0416736679999,0 -72.58590675599679,-36.04167798099984,0 -72.58592574399682,-36.0416801339999,0 -72.5859473839968,-36.04168016699986,0 -72.58599387499679,-36.04167504799992,0 -72.58609491899681,-36.04165600199988,0 -72.58613786999676,-36.04164980399989,0 -72.58618037799681,-36.04164792599988,0 -72.58621569699682,-36.04165210599984,0 -72.58624414499678,-36.04166049399989,0 -72.58627421199679,-36.04167332599987,0 -72.58630630999681,-36.04169052499986,0 -72.58640022699674,-36.04174610799986,0 -72.58643118299679,-36.0417607229999,0 -72.58646007299677,-36.04177087399992,0 -72.58648847799678,-36.04177711399989,0 -72.58652163599679,-36.04178085999984,0 -72.5866338569968,-36.04178341399989,0 -72.5866731199968,-36.04178615099992,0 -72.58670915399684,-36.04179249299988,0 -72.58673945999681,-36.04180277299989,0 -72.58677017099676,-36.04181760099991,0 -72.58679745499683,-36.04183327099986,0 -72.58682078599678,-36.04184948699987,0 -72.58683996699682,-36.04186609899992,0 -72.58684920799683,-36.04187696099992,0 -72.58685747599681,-36.04189051299988,0 -72.58688477799677,-36.04195138499988,0 -72.58689262699683,-36.04196305099989,0 -72.58690141899677,-36.04197242599987,0 -72.5869270609968,-36.04199184599985,0 -72.58695671499682,-36.04200796699987,0 -72.58695475099681,-36.0420084029999,0 -72.58692159099678,-36.04200773699993,0 -72.58690632699683,-36.04200742899988,0 -72.58686208899678,-36.04201369299992,0 -72.58681773999679,-36.04202353099988,0 -72.58677328699679,-36.04203694499993,0 -72.58673730799676,-36.04206126099992,0 -72.58671005799681,-36.04207967799989,0 -72.58670132899681,-36.04208557699987,0 -72.58666964099677,-36.04211355699987,0 -72.5866232719968,-36.04213622699991,0 -72.58662045199678,-36.0421376059999,0 -72.58657599899681,-36.04215101799986,0 -72.58654002099675,-36.04217533699993,0 -72.58650832999676,-36.04220331599986,0 -72.58648534099676,-36.04223504699985,0 -72.58645794899677,-36.04226668799987,0 -72.58647790999679,-36.04229765699991,0 -72.58647897499677,-36.04229930899987,0 -72.58651913699677,-36.0422822299999,0 -72.5865551179968,-36.0422579159999,0 -72.58659109599681,-36.04223359899989,0 -72.58662278199682,-36.04220562099992,0 -72.58665017799679,-36.04217397799987,0 -72.58668186299677,-36.04214599699986,0 -72.58671784499683,-36.04212168099986,0 -72.58675801099677,-36.04210460499985,0 -72.58679398599679,-36.04208028799987,0 -72.5868341479968,-36.04206321199988,0 -72.58687871299679,-36.04204622299989,0 -72.58692295099678,-36.04203995899986,0 -72.58697137399679,-36.04204093399991,0 -72.58701968299681,-36.04204548399989,0 -72.58706810499679,-36.04204645899991,0 -72.58711652899676,-36.04204743299992,0 -72.58716494599679,-36.04204840899985,0 -72.58723592199684,-36.0420319519999,0 -72.58727608499682,-36.0420148749999,0 -72.5873162479968,-36.04199779799993,0 -72.58736048599678,-36.04199153399988,0 -72.58740891099677,-36.04199250899993,0 -72.5874569999968,-36.0420042079999,0 -72.58750080099681,-36.04201224499986,0 -72.58754889899679,-36.04202394499989,0 -72.58755182699679,-36.04202472299988,0 -72.5875386259968,-36.04204704299986,0 -72.58752753299677,-36.0420697079999,0 -72.58751854599677,-36.04209271899987,0 -72.58751166899681,-36.04211607499986,0 -72.58750632899682,-36.0421467389999,0 -72.58750473799682,-36.0421804749999,0 -72.58750689099679,-36.04221709599989,0 -72.58751278299678,-36.04225621699988,0 -72.5875243069968,-36.04230011799992,0 -72.58754207599678,-36.04234492799987,0 -72.58756557099677,-36.04238935899989,0 -72.58759409399681,-36.04243206099989,0 -72.58762667599677,-36.0424716389999,0 -72.5876625329968,-36.04250718499986,0 -72.58770077499679,-36.04253781699986,0 -72.58774064699679,-36.0425629349999,0 -72.58776176399681,-36.04257202299991,0 -72.58778882599684,-36.04257925199991,0 -72.58789180199685,-36.04259451599992,0 -72.58792762999678,-36.04260246199991,0 -72.58794410199684,-36.04260840099991,0 -72.58795746199678,-36.04261544299987,0 -72.58796796699683,-36.04262373099988,0 -72.58797572599678,-36.04263334799987,0 -72.58798473799679,-36.04265132299986,0 -72.58799136899682,-36.0426720809999,0 -72.58799487399682,-36.04269321999987,0 -72.58799487899684,-36.04271254999987,0 -72.5879913659968,-36.04272527299987,0 -72.58798323299682,-36.0427384979999,0 -72.58796956599681,-36.04275341999988,0 -72.58793443399679,-36.04278471299993,0 -72.58792065299681,-36.04279875199989,0 -72.5879098589968,-36.04281423599989,0 -72.58790505999681,-36.04282896699987,0 -72.58790405399679,-36.04284640799992,0 -72.58790531599684,-36.04286459899986,0 -72.58790867499683,-36.0428812159999,0 -72.58791383099681,-36.04289482199989,0 -72.58791982199682,-36.04290296599988,0 -72.58792861899678,-36.04290919499987,0 -72.58794031199682,-36.04291357799988,0 -72.58795510899685,-36.04291619499985,0 -72.58799041599681,-36.04291669599988,0 -72.58807501999679,-36.04290959699989,0 -72.58811063099682,-36.04290862399989,0 -72.58814312599681,-36.04291236399984,0 -72.58815584499679,-36.04291634999991,0 -72.58816641199677,-36.04292180199986,0 -72.58817678799682,-36.04293059799988,0 -72.58818677999683,-36.04294331699986,0 -72.58821419699677,-36.04299310999988,0 -72.58822450299684,-36.0430084659999,0 -72.58823652599683,-36.04301955899987,0 -72.58824955399676,-36.04302418499989,0 -72.58826144099682,-36.04302452699989,0 -72.58827396599679,-36.04302302599992,0 -72.5883009329968,-36.04301449999986,0 -72.5882961359968,-36.04304564299986,0 -72.58825313399679,-36.04315520899988,0 -72.58819782499684,-36.04327526199989,0 -72.58811343299682,-36.04340868399988,0 -72.5880121999968,-36.04354129399986,0 -72.58790890999684,-36.04363878499987,0 -72.58778138999681,-36.04371478699989,0 -72.58777978999679,-36.0437157869999,0 -72.5876606009968,-36.04379467599992,0 -72.58741819499683,-36.04385342199991,0 -72.58718763599683,-36.0438767799999,0 -72.58691253399675,-36.04389022099985,0 -72.58671293399678,-36.04390048299988,0 -72.58645451299678,-36.04390925899987,0 -72.58625331999679,-36.04387412899984,0 -72.58619295799677,-36.04383766999984,0 -72.58620125699677,-36.04381706399991,0 -72.58620278799678,-36.04376701799987,0 -72.58620398899676,-36.04372768999989,0 -72.5862052989968,-36.0436847899999,0 -72.5862108989968,-36.04364555299989,0 -72.58621210099682,-36.04360623199992,0 -72.58620889999679,-36.04356681499985,0 -72.58620118699677,-36.04353088999989,0 -72.58619798599682,-36.04349147299985,0 -72.58619027699676,-36.04345554899989,0 -72.58616935399681,-36.04341935599984,0 -72.58613039599676,-36.04339710499988,0 -72.58607800899681,-36.04338173999987,0 -72.58602969399681,-36.04337719199989,0 -72.58598127499681,-36.04337621799989,0 -72.58593284999682,-36.04337524099989,0 -72.58588453799676,-36.04337069199991,0 -72.58583622799679,-36.04336614199988,0 -72.5857876929968,-36.04336874099989,0 -72.58574334999676,-36.04337857899986,0 -72.58569481799678,-36.04338117499986,0 -72.58565057699676,-36.0433874419999,0 -72.58562758499681,-36.04341917099986,0 -72.58562638499676,-36.04345849399988,0 -72.5856256069968,-36.04348401199985,0 -72.58547813099679,-36.04342944999988,0 -72.58547318299678,-36.04342789999991,0 -72.58546804299679,-36.0434268459999,0 -72.58546278499681,-36.04342629299988,0 -72.58518246899678,-36.04341059299986,0 -72.58498412199677,-36.04336530899988,0 -72.58483810999678,-36.04329236999985,0 -72.5846983379968,-36.04318202099989,0 -72.58453325099677,-36.04305011299989,0 -72.58441962999676,-36.04291273599989,0 -72.58438133399679,-36.04279267699989,0 -72.58438030799678,-36.0427899229999,0 -72.58436349399679,-36.04275159799988,0 -72.58433011999681,-36.04265665099985,0 -72.58432828699679,-36.04265244199986,0 -72.5843258269968,-36.04264844899993,0 -72.58432277699674,-36.0426447349999,0 -72.58426706799678,-36.04258520899989,0 -72.58421028599673,-36.04251213999989,0 -72.58418321899681,-36.04243431599985,0 -72.58413642799677,-36.0422559189999,0 -72.58412714299678,-36.04211973499986,0 -72.58412439799676,-36.04198248699988,0 -72.58413131699677,-36.04188782199986,0 -72.58416584399677,-36.04186186099989,0 -72.58420019199676,-36.04183603499987,0 -72.58434751199675,-36.0417958589999,0 -72.58434959499681,-36.04179524299987,0 -72.58446471899677,-36.04175854299994,0 -72.58459489099678,-36.0417226699999,0 -72.5846943949968,-36.04169472599989,0 -72.5848318439968,-36.04167533899988,0 -72.58483813699678,-36.04167406099986,0 -72.58496260599678,-36.0416407599999,0 -72.58496814299679,-36.04163891999989,0 -72.58507069599682,-36.04159805999991,0 -72.58507601199679,-36.04159555899989,0 -72.58508084799675,-36.04159248499986,0 -72.58508511499679,-36.04158889799991,0 -72.58508873499682,-36.04158486699987,0 -72.58513676899679,-36.0415227299999,0 -72.58517600899681,-36.0414719639999,0 -72.5851793859968,-36.04146657499987,0 -72.58524180399677,-36.04134202299986,0 -72.58528347299682,-36.04133335099991,0 
						</coordinates>
					</LinearRing>
				</outerBoundaryIs>
			</Polygon>
		</Placemark>
		<Placemark>
			<styleUrl>#falseColor</styleUrl>
			<ExtendedData>
				<SchemaData schemaUrl="#S_UsoSuelo_SDSDDD">
					<SimpleData name="OBJECTID">595007720</SimpleData>
					<SimpleData name="ZONA">4</SimpleData>
					<SimpleData name="AREA">5</SimpleData>
					<SimpleData name="ID_PREDIO">10728</SimpleData>
					<SimpleData name="NOM_PREDIO">CHAMIZAL</SimpleData>
					<SimpleData name="ID_SECCION">1</SimpleData>
					<SimpleData name="ID_RODAL">4</SimpleData>
					<SimpleData name="TIPO_USO">94</SimpleData>
					<SimpleData name="APL">2010</SimpleData>
					<SimpleData name="MPL">8</SimpleData>
					<SimpleData name="SUP_M2">28094.3</SimpleData>
					<SimpleData name="TIPOUSO">PIRA</SimpleData>
					<SimpleData name="PORC_PROP">100</SimpleData>
					<SimpleData name="Shape_Leng">0</SimpleData>
					<SimpleData name="Shape_Area">0</SimpleData>
				</SchemaData>
			</ExtendedData>
			<Polygon>
				<outerBoundaryIs>
					<LinearRing>
						<coordinates>
							-72.58399503399679,-36.04160323399987,0 -72.58394431399674,-36.04106338299991,0 -72.58395561999676,-36.04091938949988,0 -72.58396951799681,-36.04074240699987,0 -72.58398014599678,-36.0406577339999,0 -72.5839807049968,-36.04065327749987,0 -72.58398058499679,-36.04065112049991,0 -72.58398250699676,-36.04062216249985,0 -72.58404524499679,-36.04061821399988,0 -72.58411980099677,-36.04061351499988,0 -72.58413345799681,-36.0406137929999,0 -72.58429667899678,-36.04061708099992,0 -72.58436470699675,-36.04061845299989,0 -72.5846029439968,-36.04060569399985,0 -72.58488636999681,-36.04052945799986,0 -72.58509668599677,-36.04048686299989,0 -72.58523372699679,-36.04048377299989,0 -72.58546405399682,-36.04046896499989,0 -72.58558036599678,-36.04046148799989,0 -72.58566764399674,-36.04046324599992,0 -72.58570351499678,-36.04045866699992,0 -72.58576951699676,-36.04046093899992,0 -72.58581615999678,-36.04046254299988,0 -72.58589079399677,-36.04046511099989,0 -72.58603148699677,-36.04048931599991,0 -72.5861462729968,-36.04052725999986,0 -72.58639292599679,-36.04060878999984,0 -72.5866481059968,-36.04069710999988,0 -72.58668285899684,-36.04070613999988,0 -72.5868896079968,-36.04078054499987,0 -72.58705403399681,-36.0408248309999,0 -72.58714730899683,-36.04083841699986,0 -72.58726959099683,-36.04084673199989,0 -72.5873848389968,-36.04084905499986,0 -72.58766754199679,-36.04079620699986,0 -72.58798609199681,-36.04074993599988,0 -72.58801220299681,-36.04074841399993,0 -72.58800353999682,-36.0407546339999,0 -72.58799164599682,-36.04076026299989,0 -72.58793274399682,-36.04077998999986,0 -72.58792148199677,-36.04078612099991,0 -72.58791327399678,-36.04079303099988,0 -72.58790327899682,-36.04080550499987,0 -72.58789429499677,-36.04081983999986,0 -72.58788782999683,-36.04083361699988,0 -72.5878847299968,-36.04084500099987,0 -72.58788574399684,-36.04085327599989,0 -72.58789115499678,-36.04085993299987,0 -72.58790104099683,-36.04086506199985,0 -72.58791562799678,-36.04086878699986,0 -72.58794978899682,-36.04087215199986,0 -72.58805654999681,-36.04087551399991,0 -72.58808388999682,-36.04087900399988,0 -72.58810457599679,-36.04088445599993,0 -72.58814590199682,-36.04090217099986,0 -72.58818673699682,-36.0409246899999,0 -72.58822669499685,-36.04095180099989,0 -72.58826526499679,-36.04098315999989,0 -72.58830208199682,-36.04101851499988,0 -72.5883362039968,-36.04105701799993,0 -72.58836689199686,-36.0410978299999,0 -72.58839331399682,-36.04113985299988,0 -72.58840247399679,-36.04116069299989,0 -72.58842047799681,-36.04121854499988,0 -72.58842859599682,-36.04123383499992,0 -72.58843860299682,-36.0412458539999,0 -72.58844777899679,-36.04125274799987,0 -72.58846045799682,-36.0412591749999,0 -72.58852179499679,-36.04128174499991,0 -72.5885327689968,-36.0412885559999,0 -72.58853950799681,-36.04129604999986,0 -72.58854298799679,-36.04130419599989,0 -72.58854458399682,-36.04131380499985,0 -72.58854211499681,-36.04133733899987,0 -72.58853211899681,-36.0413664399999,0 -72.58851475099682,-36.04140064099987,0 -72.5885019749968,-36.0414185459999,0 -72.58848463399683,-36.04143561699987,0 -72.58846268899681,-36.0414518979999,0 -72.58843603299682,-36.04146747099989,0 -72.58840531499682,-36.04148208699984,0 -72.58836942299679,-36.0414963769999,0 -72.58827366599681,-36.04152715099989,0 -72.58821036399681,-36.04154396699988,0 -72.5881479869968,-36.0415566909999,0 -72.58808872499681,-36.04156488099991,0 -72.58803349499682,-36.04156842199989,0 -72.5879833319968,-36.04156729899989,0 -72.58793814899678,-36.04156156699988,0 -72.58789819899681,-36.04155125799989,0 -72.58786362999679,-36.04153641299984,0 -72.58784134199682,-36.04152013699985,0 -72.58779271199681,-36.04147192799986,0 -72.58777820499681,-36.04146195799994,0 -72.58776365999682,-36.04145558299987,0 -72.58773723999678,-36.04144912299989,0 -72.58770918499683,-36.04144567999989,0 -72.58768326599682,-36.04144569699987,0 -72.58766141699681,-36.04144914699987,0 -72.58764790699679,-36.04145469499985,0 -72.58763461099683,-36.04146423599986,0 -72.58759216699681,-36.04151064499985,0 -72.58757280599679,-36.04152617899987,0 -72.58755517399679,-36.04153502799988,0 -72.58753544099686,-36.04154198899988,0 -72.5875133899968,-36.04154713999989,0 -72.58748859499681,-36.04155058099985,0 -72.58743961199677,-36.04155280099987,0 -72.58730973799679,-36.04155133099987,0 -72.58727384999679,-36.04155386599984,0 -72.58724292299677,-36.04155894599992,0 -72.58720526299682,-36.04157129999987,0 -72.5871277659968,-36.0416071579999,0 -72.58709672899681,-36.04161901499986,0 -72.58708049799679,-36.0416230489999,0 -72.58706607399681,-36.04162463899984,0 -72.58705314199682,-36.04162381699984,0 -72.58704155599679,-36.04162057199989,0 -72.58702473899676,-36.04161074999985,0 -72.58700735999682,-36.04159469399985,0 -72.58698989899683,-36.04157342699988,0 -72.58696327499678,-36.04153580099989,0 -72.5869510069968,-36.04151460499985,0 -72.5869428049968,-36.04149098699986,0 -72.58693858199678,-36.0414647079999,0 -72.5869382569968,-36.04143526299986,0 -72.58694079699673,-36.04140877899987,0 -72.58694594399678,-36.04137857299987,0 -72.58697621399682,-36.04124577499987,0 -72.58698036599679,-36.04121440799985,0 -72.58698119099682,-36.04118705199989,0 -72.58697862299681,-36.04116211499984,0 -72.58697255499682,-36.04113981699988,0 -72.58696289199681,-36.04111984499988,0 -72.58694955999682,-36.04110203199989,0 -72.58693619399678,-36.04108929099991,0 -72.58691875799678,-36.04107619899989,0 -72.58683592799677,-36.04102431499985,0 -72.5868197869968,-36.04101135999989,0 -72.58680714999679,-36.04099845399985,0 -72.58679334899682,-36.04097713299991,0 -72.5867683349968,-36.04092261099989,0 -72.5867600509968,-36.04091041099989,0 -72.58675082099683,-36.04090098799986,0 -72.58673656099683,-36.04089044299985,0 -72.58672086899681,-36.04088134599991,0 -72.5867037419968,-36.04087369899988,0 -72.58668517599682,-36.04086750199985,0 -72.58664375299675,-36.0408594539999,0 -72.58659658999682,-36.0408572049999,0 -72.58659560299679,-36.04085593399987,0 -72.58657017399678,-36.04082322699988,0 -72.58654914799678,-36.04079060899988,0 -72.58651018499681,-36.0407683619999,0 -72.58646583999676,-36.04077819899987,0 -72.58642567399681,-36.04079527599987,0 -72.58638551599684,-36.04081235299986,0 -72.58634535099678,-36.0408294319999,0 -72.58630100699682,-36.04083926899991,0 -72.58627413399681,-36.04084737699988,0 -72.58627266999679,-36.04084657799989,0 -72.58619017999676,-36.04077617299991,0 -72.58618752899677,-36.04077409099992,0 -72.58607616699678,-36.04069363099989,0 -72.5859692989968,-36.04060971099988,0 -72.5859678099968,-36.04060859499987,0 -72.58596377299681,-36.04060602199986,0 -72.58588062499679,-36.04055910699987,0 -72.58587843999678,-36.04055794999988,0 -72.58587150999681,-36.04055515399993,0 -72.58586409299683,-36.04055337899984,0 -72.58585640499673,-36.04055267599992,0 -72.58585198399679,-36.04055276599987,0 -72.58578826499675,-36.04055664799989,0 -72.58576373099679,-36.04055814299989,0 -72.58575806199676,-36.04055878799991,0 -72.58575254299676,-36.04056002099987,0 -72.58574726299678,-36.04056182099988,0 -72.58569672299673,-36.04058226699987,0 -72.5856921139968,-36.04058441899985,0 -72.58568785499682,-36.04058700599992,0 -72.58563386899684,-36.04062407399991,0 -72.5856294179968,-36.04062759299993,0 -72.58562561099677,-36.0406315819999,0 -72.58562253399677,-36.04063596399988,0 -72.58562023899678,-36.04064065099988,0 -72.58559794999678,-36.04069743699988,0 -72.58559673299679,-36.04070124699984,0 -72.5855964689968,-36.04070240299992,0 -72.58557235699679,-36.04081877299989,0 -72.58557191799679,-36.04082156599986,0 -72.58556027699676,-36.04092807199991,0 -72.58551787099677,-36.04101341099991,0 -72.58544928299681,-36.04108979699988,0 -72.5853870899968,-36.04114276299986,0 -72.58529840799677,-36.04120464299993,0 -72.58523058699673,-36.04123858599986,0 -72.58522620099676,-36.04124108999991,0 -72.58522221899679,-36.0412440049999,0 -72.58521869799681,-36.0412472889999,0 -72.58516877699675,-36.04129997299986,0 -72.58516607899678,-36.0413031649999,0 -72.58516284499677,-36.04130836699988,0 -72.5850986369968,-36.0414364879999,0 -72.58506159799678,-36.04148440199987,0 -72.58502027599675,-36.04153785799986,0 -72.58493180599679,-36.04157310499992,0 -72.58481344999676,-36.04160476999988,0 -72.58467567899679,-36.04162420199987,0 -72.58466895099679,-36.04162559899986,0 -72.58456605899681,-36.04165449399988,0 -72.58443521099676,-36.04169055299985,0 -72.58443325499675,-36.04169113399987,0 -72.58431820699677,-36.04172781099987,0 -72.58416290099674,-36.04177016299987,0 -72.58415598999677,-36.0417725969999,0 -72.58414968499679,-36.04177594399987,0 -72.58401308999677,-36.04179446799989,0 -72.58399503399679,-36.04160323399987,0 
						</coordinates>
					</LinearRing>
				</outerBoundaryIs>
			</Polygon>
		</Placemark>
		<Placemark>
			<styleUrl>#falseColor</styleUrl>
			<ExtendedData>
				<SchemaData schemaUrl="#S_UsoSuelo_SDSDDD">
					<SimpleData name="OBJECTID">595007740</SimpleData>
					<SimpleData name="ZONA">4</SimpleData>
					<SimpleData name="AREA">5</SimpleData>
					<SimpleData name="ID_PREDIO">10728</SimpleData>
					<SimpleData name="NOM_PREDIO">CHAMIZAL</SimpleData>
					<SimpleData name="ID_SECCION">1</SimpleData>
					<SimpleData name="ID_RODAL">4</SimpleData>
					<SimpleData name="TIPO_USO">94</SimpleData>
					<SimpleData name="APL">2010</SimpleData>
					<SimpleData name="MPL">8</SimpleData>
					<SimpleData name="SUP_M2">445.348</SimpleData>
					<SimpleData name="TIPOUSO">PIRA</SimpleData>
					<SimpleData name="PORC_PROP">100</SimpleData>
					<SimpleData name="Shape_Leng">0</SimpleData>
					<SimpleData name="Shape_Area">0</SimpleData>
				</SchemaData>
			</ExtendedData>
			<Polygon>
				<outerBoundaryIs>
					<LinearRing>
						<coordinates>
							-72.58769446299684,-36.04386169899987,0 -72.58769984999678,-36.04386007599989,0 -72.58770493499681,-36.04385790699988,0 -72.58770963399682,-36.04385521999989,0 -72.58783481799681,-36.04377235699989,0 -72.58796550499683,-36.04369446699986,0 -72.58796692399682,-36.04369358199992,0 -72.58797270799683,-36.0436890849999,0 -72.58799276499678,-36.04367015699989,0 -72.58800240199677,-36.0437024369999,0 -72.58801394099682,-36.04373401299991,0 -72.58802737799681,-36.04376488499989,0 -72.58804271399681,-36.04379504899987,0 -72.5880545779968,-36.04381394899985,0 -72.58807029299678,-36.04383410399986,0 -72.58812481199682,-36.04389204699988,0 -72.58764975999679,-36.04387253099988,0 -72.58769446299684,-36.04386169899987,0 
						</coordinates>
					</LinearRing>
				</outerBoundaryIs>
			</Polygon>
		</Placemark>
		<Placemark>
			<styleUrl>#falseColor</styleUrl>
			<ExtendedData>
				<SchemaData schemaUrl="#S_UsoSuelo_SDSDDD">
					<SimpleData name="OBJECTID">595008440</SimpleData>
					<SimpleData name="ZONA">4</SimpleData>
					<SimpleData name="AREA">5</SimpleData>
					<SimpleData name="ID_PREDIO">10728</SimpleData>
					<SimpleData name="NOM_PREDIO">CHAMIZAL</SimpleData>
					<SimpleData name="ID_SECCION">1</SimpleData>
					<SimpleData name="ID_RODAL">1</SimpleData>
					<SimpleData name="TIPO_USO">94</SimpleData>
					<SimpleData name="APL">1986</SimpleData>
					<SimpleData name="MPL">6</SimpleData>
					<SimpleData name="SUP_M2">3009.93</SimpleData>
					<SimpleData name="TIPOUSO">PIRA</SimpleData>
					<SimpleData name="PORC_PROP">100</SimpleData>
					<SimpleData name="Shape_Leng">0</SimpleData>
					<SimpleData name="Shape_Area">0</SimpleData>
				</SchemaData>
			</ExtendedData>
			<Polygon>
				<outerBoundaryIs>
					<LinearRing>
						<coordinates>
							-72.58742699899683,-36.04515154099992,0 -72.58745388299675,-36.04515757899986,0 -72.58749699899678,-36.04516725899988,0 -72.58754541799679,-36.04516823399984,0 -72.58758987699679,-36.04515481999989,0 -72.58763433699683,-36.04514140599986,0 -72.5876787899968,-36.04512799399991,0 -72.58772732199681,-36.04512539299989,0 -72.58778884299684,-36.04513020799987,0 -72.58783704899679,-36.04513833299992,0 -72.58788546999686,-36.0451393079999,0 -72.58792563399682,-36.04512222999989,0 -72.58796590799683,-36.04510157699988,0 -72.58801509599681,-36.04507752699987,0 -72.58806351799679,-36.04507850199989,0 -72.5881119409968,-36.04507947599991,0 -72.58816025399682,-36.04508402799985,0 -72.5882040569968,-36.04509206199989,0 -72.58824785999681,-36.0451000999999,0 -72.58829144399681,-36.04511528599989,0 -72.58833524699682,-36.0451233209999,0 -72.58837904899679,-36.04513135699992,0 -72.58842758199685,-36.04512875599991,0 -72.58847611299677,-36.04512615599987,0 -72.58851209399683,-36.04510183899986,0 -72.58851416499684,-36.04510077899987,0 -72.58855236699681,-36.04508118699991,0 -72.58859605999682,-36.04509279799989,0 -72.58863491699682,-36.04511862099985,0 -72.58865525499684,-36.04515016799984,0 -72.58865594599681,-36.04515123699985,0 -72.58867697399684,-36.04518385599987,0 -72.5886846859968,-36.04521978299989,0 -72.58867479199684,-36.04525535599989,0 -72.58865609299683,-36.04529075199986,0 -72.58863739399682,-36.04532614699988,0 -72.58861869499681,-36.04536154299993,0 -72.58860901899683,-36.04536808099991,0 -72.58860607399681,-36.04536788299987,0 -72.58814164049683,-36.04533651799989,0 -72.58752320599682,-36.04528894699985,0 -72.58727208499681,-36.04527274499987,0 -72.58720767399682,-36.04526858899991,0 -72.58706066899678,-36.04525910449988,0 -72.58703437866347,-36.04525740733325,0 -72.58704590699679,-36.04522614499985,0 -72.58707330499681,-36.04519449899991,0 -72.58710928899677,-36.0451701829999,0 -72.58711077299682,-36.04516985299989,0 -72.58715363199677,-36.04516034599988,0 -72.58719787399679,-36.04515408199993,0 -72.58724210999678,-36.04514781699987,0 -72.58728646099678,-36.04513797899989,0 -72.58729908699678,-36.04513823299988,0 -72.58733488099682,-36.04513895399987,0 -72.5873833039968,-36.04513992899985,0 -72.58740359199682,-36.04514532099992,0 -72.58742699899683,-36.04515154099992,0 
						</coordinates>
					</LinearRing>
				</outerBoundaryIs>
			</Polygon>
		</Placemark>
		<Placemark>
			<styleUrl>#falseColor</styleUrl>
			<ExtendedData>
				<SchemaData schemaUrl="#S_UsoSuelo_SDSDDD">
					<SimpleData name="OBJECTID">595008460</SimpleData>
					<SimpleData name="ZONA">4</SimpleData>
					<SimpleData name="AREA">5</SimpleData>
					<SimpleData name="ID_PREDIO">10728</SimpleData>
					<SimpleData name="NOM_PREDIO">CHAMIZAL</SimpleData>
					<SimpleData name="ID_SECCION">1</SimpleData>
					<SimpleData name="ID_RODAL">1</SimpleData>
					<SimpleData name="TIPO_USO">94</SimpleData>
					<SimpleData name="APL">1986</SimpleData>
					<SimpleData name="MPL">6</SimpleData>
					<SimpleData name="SUP_M2">2086.68</SimpleData>
					<SimpleData name="TIPOUSO">PIRA</SimpleData>
					<SimpleData name="PORC_PROP">100</SimpleData>
					<SimpleData name="Shape_Leng">0</SimpleData>
					<SimpleData name="Shape_Area">0</SimpleData>
				</SchemaData>
			</ExtendedData>
			<Polygon>
				<outerBoundaryIs>
					<LinearRing>
						<coordinates>
							-72.58403254999675,-36.04489567399989,0 -72.5840546489968,-36.04489612099984,0 -72.58410233699676,-36.0448970789999,0 -72.58415002599676,-36.0448980429999,0 -72.58419771699678,-36.04489900199988,0 -72.58423571799682,-36.04489976999989,0 -72.58424540599678,-36.04489996499991,0 -72.58429300299677,-36.04490390399989,0 -72.58434060099682,-36.04490784499993,0 -72.58438434899681,-36.04491766999985,0 -72.5844280959968,-36.04492749499988,0 -72.58447193399675,-36.04493433999991,0 -72.58451568199678,-36.04494416499988,0 -72.58456300699677,-36.04495704299989,0 -72.58460666299678,-36.04496984599985,0 -72.58465407899676,-36.04497974799989,0 -72.58469791799676,-36.04498659399986,0 -72.58474533299679,-36.04499649099991,0 -72.5847891719968,-36.04500333699986,0 -72.58483291999681,-36.04501315999988,0 -72.5848767579968,-36.04502000599987,0 -72.58492050599681,-36.04502983099988,0 -72.58496425299683,-36.04503965599989,0 -72.58501185099678,-36.04504359599986,0 -72.58505568999679,-36.04505044599993,0 -72.58510319699677,-36.0450573629999,0 -72.58514703499675,-36.04506420799986,0 -72.58519444999675,-36.04507410499988,0 -72.58523819899681,-36.04508392999985,0 -72.58528194499679,-36.04509375599985,0 -72.5853256909968,-36.04510357799992,0 -72.58536943799679,-36.04511340299984,0 -72.5854131899968,-36.04512322899989,0 -72.5854569379968,-36.04513305199986,0 -72.5855442509968,-36.04515865899987,0 -72.58558672699677,-36.04517404733321,0 -72.58529038499681,-36.0451793179999,0 -72.58526001199677,-36.04517985699988,0 -72.58519368149678,-36.04518103549986,0 -72.58517111199676,-36.04518143599987,0 -72.58486425599678,-36.04521264999992,0 -72.58478536199679,-36.04521106299993,0 -72.58472651799677,-36.04519918849984,0 -72.58462871599677,-36.04517050399988,0 -72.58444894399678,-36.04511062533322,0 -72.58440034799675,-36.04509443799986,0 -72.5843128709968,-36.04506530249989,0 -72.58423051399674,-36.04503287199987,0 -72.5841649729968,-36.04500706533321,0 -72.58415808899677,-36.04500435849989,0 -72.58414266299675,-36.04499828249988,0 -72.58406261099674,-36.04496675999992,0 -72.58402698699673,-36.04494641799989,0 -72.58401030157682,-36.04493689333,0 -72.58403254999675,-36.04489567399989,0 
						</coordinates>
					</LinearRing>
				</outerBoundaryIs>
			</Polygon>
		</Placemark>
		<Placemark>
			<styleUrl>#falseColor</styleUrl>
			<ExtendedData>
				<SchemaData schemaUrl="#S_UsoSuelo_SDSDDD">
					<SimpleData name="OBJECTID">595008480</SimpleData>
					<SimpleData name="ZONA">4</SimpleData>
					<SimpleData name="AREA">5</SimpleData>
					<SimpleData name="ID_PREDIO">10728</SimpleData>
					<SimpleData name="NOM_PREDIO">CHAMIZAL</SimpleData>
					<SimpleData name="ID_SECCION">1</SimpleData>
					<SimpleData name="ID_RODAL">1</SimpleData>
					<SimpleData name="TIPO_USO">94</SimpleData>
					<SimpleData name="APL">1986</SimpleData>
					<SimpleData name="MPL">6</SimpleData>
					<SimpleData name="SUP_M2">2657.61</SimpleData>
					<SimpleData name="TIPOUSO">PIRA</SimpleData>
					<SimpleData name="PORC_PROP">100</SimpleData>
					<SimpleData name="Shape_Leng">0</SimpleData>
					<SimpleData name="Shape_Area">0</SimpleData>
				</SchemaData>
			</ExtendedData>
			<Polygon>
				<outerBoundaryIs>
					<LinearRing>
						<coordinates>
							-72.58852728699682,-36.04431516199986,0 -72.58857174499681,-36.04430174699988,0 -72.58860772399683,-36.04427743099993,0 -72.58863082599682,-36.04424212299989,0 -72.58865821899681,-36.04421047999991,0 -72.58870256699684,-36.04420063999989,0 -72.58874680599678,-36.04419437799989,0 -72.58879049799683,-36.04420598699992,0 -72.58882957199684,-36.04422465999988,0 -72.58886402799683,-36.04425039799985,0 -72.58888494399677,-36.04428658599991,0 -72.58888814699682,-36.0443260009999,0 -72.58888694699685,-36.04436532499991,0 -72.58888134499682,-36.04440456099988,0 -72.58887144999683,-36.04444013699989,0 -72.58885275099682,-36.04447552999988,0 -72.58882975999683,-36.04450726199985,0 -72.58881106099682,-36.04454265799993,0 -72.58880116599683,-36.04457823399989,0 -72.58879116099682,-36.04461737799991,0 -72.58878996199678,-36.04465670399986,0 -72.58878876199681,-36.04469602799985,0 -72.58878756199684,-36.04473535399989,0 -72.58878636199685,-36.04477467899989,0 -72.58878945599679,-36.04481767099989,0 -72.58879265799682,-36.04485708099989,0 -72.58879145799683,-36.04489640599987,0 -72.58878585599679,-36.04493564299986,0 -72.58875417199683,-36.04496362299989,0 -72.58870982099683,-36.04497346499991,0 -72.58866139899681,-36.04497248699989,0 -72.58861297599682,-36.04497151299993,0 -72.58856015099678,-36.0449704499999,0 -72.5885117279968,-36.04496947499988,0 -72.5884679259968,-36.04496143999989,0 -72.58842142999681,-36.0449536049999,0 -72.58841971999679,-36.04495331499988,0 -72.58837592199679,-36.04494528099985,0 -72.58833527999678,-36.04494145299986,0 -72.5883381109968,-36.04492616099989,0 -72.58835673499682,-36.04489314999992,0 -72.58836963699682,-36.04485525299986,0 -72.58838826299679,-36.04482223999987,0 -72.58840688899681,-36.04478922799989,0 -72.58842486299682,-36.04477256999986,0 -72.5884371089968,-36.04476122299985,0 -72.58846733199684,-36.04473321099992,0 -72.58847436299681,-36.04469519699992,0 -72.58847582099678,-36.04464753199992,0 -72.58847698099682,-36.04460939799986,0 -72.58847814799681,-36.04457126499989,0 -72.58847930799681,-36.04453313199988,0 -72.58848047399685,-36.04449499899989,0 -72.58848750399682,-36.04445697799986,0 -72.58850040699684,-36.04441908099992,0 -72.5885074389968,-36.04438106699985,0 -72.58850860199682,-36.0443429339999,0 -72.58851379199679,-36.04431488899988,0 -72.58852728699682,-36.04431516199986,0 
						</coordinates>
					</LinearRing>
				</outerBoundaryIs>
			</Polygon>
		</Placemark>
		<Placemark>
			<styleUrl>#falseColor</styleUrl>
			<ExtendedData>
				<SchemaData schemaUrl="#S_UsoSuelo_SDSDDD">
					<SimpleData name="OBJECTID">595008880</SimpleData>
					<SimpleData name="ZONA">4</SimpleData>
					<SimpleData name="AREA">5</SimpleData>
					<SimpleData name="ID_PREDIO">10728</SimpleData>
					<SimpleData name="NOM_PREDIO">CHAMIZAL</SimpleData>
					<SimpleData name="ID_SECCION">1</SimpleData>
					<SimpleData name="ID_RODAL">3</SimpleData>
					<SimpleData name="TIPO_USO">41</SimpleData>
					<SimpleData name="APL">2011</SimpleData>
					<SimpleData name="MPL">7</SimpleData>
					<SimpleData name="SUP_M2">351924</SimpleData>
					<SimpleData name="TIPOUSO">EUGL</SimpleData>
					<SimpleData name="PORC_PROP">100</SimpleData>
					<SimpleData name="Shape_Leng">0</SimpleData>
					<SimpleData name="Shape_Area">0</SimpleData>
				</SchemaData>
			</ExtendedData>
			<Polygon>
				<outerBoundaryIs>
					<LinearRing>
						<coordinates>
							-72.59059955999682,-36.03169681199989,0 -72.59069118199687,-36.03168005199991,0 -72.59075668199685,-36.03167241799986,0 -72.59090955099683,-36.03166338099991,0 -72.59094687999685,-36.03165894099988,0 -72.59098014799682,-36.0316529479999,0 -72.59106384499685,-36.03163168999991,0 -72.59114368599685,-36.0316050379999,0 -72.59117630599683,-36.03159163899991,0 -72.59120929199683,-36.03157594599987,0 -72.59127796399684,-36.03153686499985,0 -72.59134287899684,-36.03149349299988,0 -72.5914833239968,-36.0313924489999,0 -72.59160060999683,-36.03130853699987,0 -72.59170902799681,-36.0312251089999,0 -72.59175150099684,-36.03118692399988,0 -72.59183274299684,-36.03110156199988,0 -72.59186917699684,-36.03106683999989,0 -72.59191139599685,-36.03103435499988,0 -72.59193257699684,-36.0310214809999,0 -72.59195417399681,-36.03101061799988,0 -72.59198701599684,-36.03099702999989,0 -72.59202705699686,-36.03098282799987,0 -72.59208052999685,-36.03096580699989,0 -72.59212368299681,-36.03095427899991,0 -72.59216302699683,-36.03094650799991,0 -72.59219936999688,-36.03094240599989,0 -72.59223805699683,-36.03094116199988,0 -72.59227635999683,-36.0309424979999,0 -72.59231314499687,-36.03094637199985,0 -72.59234762599688,-36.03095269899992,0 -72.59237655899688,-36.03096020099988,0 -72.59240448199687,-36.03096931399991,0 -72.59243063999683,-36.0309797909999,0 -72.59245449999682,-36.03099141499988,0 -72.59247994099682,-36.03100913299991,0 -72.59253525799686,-36.03106405599988,0 -72.59254983999688,-36.03107594199987,0 -72.59256420299687,-36.03108504199986,0 -72.59259789999683,-36.03110102299984,0 -72.59263536099682,-36.03111448899992,0 -72.59267524399684,-36.0311249549999,0 -72.5927158479968,-36.0311319709999,0 -72.59277543399683,-36.03113720499992,0 -72.59279868699683,-36.03113666999985,0 -72.59281933299684,-36.03113404899992,0 -72.59284359599684,-36.03112782299988,0 -72.59287388499681,-36.03111686099987,0 -72.59290977899683,-36.0311005099999,0 -72.59294286699685,-36.03108082899987,0 -72.59297314299687,-36.0310578159999,0 -72.59300060699684,-36.03103147299986,0 -72.59301964199686,-36.03108468799989,0 -72.59306345799683,-36.03120718199989,0 -72.59316810999685,-36.03149974399986,0 -72.59321724299683,-36.03161982599992,0 -72.59335522899688,-36.0320871489999,0 -72.59338482399689,-36.03221153099986,0 -72.59340100499686,-36.03227953199985,0 -72.59340400599683,-36.03229214199987,0 -72.59340587099682,-36.03229998299988,0 -72.59342395399688,-36.0323759779999,0 -72.59344927799685,-36.03248240599987,0 -72.59346391999684,-36.0325258039999,0 -72.59348660399682,-36.03259302099989,0 -72.59355087299684,-36.0327834959999,0 -72.59375601099688,-36.0333914459999,0 -72.59397688199687,-36.03389021299989,0 -72.59398936099682,-36.03391839499988,0 -72.59402253499682,-36.03399330999988,0 -72.59403048399685,-36.03401125399993,0 -72.59405013499685,-36.03405562599988,0 -72.59405609599686,-36.03406432199992,0 -72.59411809099686,-36.03419032299986,0 -72.59419944299685,-36.03435567099993,0 -72.59431311499685,-36.03466501399991,0 -72.59431260499684,-36.03467040699985,0 -72.59431075999686,-36.03468971999987,0 -72.5943120099969,-36.03472599299991,0 -72.59431559799687,-36.03476231399986,0 -72.59432388799684,-36.0347987289999,0 -72.59433217699683,-36.03483514699989,0 -72.59434521299688,-36.03486974899987,0 -72.59436294799686,-36.03490444499991,0 -72.59438068799689,-36.03493914199986,0 -72.59440076899689,-36.0349738869999,0 -72.59441850199687,-36.03500858399989,0 -72.59443388999686,-36.03504323399988,0 -72.59445157199686,-36.03507983799989,0 -72.59446695699688,-36.03511448799986,0 -72.59447999799687,-36.03514909099991,0 -72.59449304299689,-36.03518369399993,0 -72.59450578899687,-36.03522782999989,0 -72.59451883099685,-36.03526243299989,0 -72.59452946599689,-36.03529889599985,0 -72.59453775499685,-36.03533531199987,0 -72.59455079699683,-36.03536991499991,0 -72.59456383399684,-36.03540451699988,0 -72.59457687499687,-36.03543911999986,0 -72.59459226699688,-36.0354737699999,0 -72.59460530299684,-36.03550837299986,0 -72.59461834499685,-36.0355429759999,0 -72.59463373299685,-36.03557762599987,0 -72.59464419699688,-36.03561980899985,0 -72.59465723799684,-36.03565441199987,0 -72.59467450699688,-36.0357043619999,0 -72.59468514199689,-36.03574082499988,0 -72.59469108199688,-36.03577719299992,0 -72.59469638799686,-36.03583453499989,0 -72.59469609399686,-36.03584406799985,0 -72.59469499199685,-36.03588029499986,0 -72.59468786099684,-36.03596028099986,0 -72.59467502399684,-36.03599627299988,0 -72.59465754699687,-36.03603026299987,0 -72.59463308299685,-36.03606220599988,0 -72.59460862199688,-36.03609414799985,0 -72.59458650699686,-36.03612613699988,0 -72.59456439299687,-36.03615812699984,0 -72.59453764499688,-36.03618811599993,0 -72.59451089199685,-36.03621810399991,0 -72.59448414599683,-36.03624809299987,0 -72.59445509899683,-36.03627612799991,0 -72.59442834899689,-36.03630611599988,0 -72.59441081499691,-36.03634201399991,0 -72.59439797399688,-36.03637800399989,0 -72.59439452399687,-36.03641418399985,0 -72.59439342299686,-36.03645041099986,0 -72.59438997699688,-36.03648659099988,0 -72.59437713199686,-36.03652258199986,0 -72.59435730999682,-36.0365565249999,0 -72.59433742399688,-36.0365923739999,0 -72.59431759999683,-36.03662631899987,0 -72.5943001259969,-36.03666030899991,0 -72.59428264599688,-36.03669429899986,0 -72.59426751999685,-36.03672833699988,0 -72.59425238799686,-36.03676237499988,0 -72.59423256699689,-36.03679631799989,0 -72.59422207399685,-36.03683235599991,0 -72.59424364499688,-36.03689140899984,0 -72.59424350099688,-36.03689617599988,0 -72.59423045499689,-36.03693883999989,0 -72.59421755799686,-36.03697673799989,0 -72.5941989359969,-36.03700974999986,0 -72.59418031399686,-36.03704276499985,0 -72.59417329099689,-36.03708078099987,0 -72.59417271299687,-36.0370995929999,0 -72.59417212399683,-36.03711891499992,0 -72.59416509399689,-36.03715692999987,0 -72.59416393699685,-36.03719506099986,0 -72.59416277299688,-36.03723319499991,0 -72.59416161699689,-36.03727133099989,0 -72.59417219499689,-36.03730969899988,0 -72.59418277099684,-36.03734806599991,0 -72.59419319899682,-36.03739120499993,0 -72.59420979499687,-36.03742492599988,0 -72.5942259499969,-36.03747294399992,0 -72.59423652899687,-36.03751131199991,0 -72.59424123199688,-36.03754956699986,0 -72.59425180999689,-36.03758793599988,0 -72.5942565179969,-36.03762618699991,0 -72.59426695099691,-36.03766932299988,0 -72.59427166199686,-36.03770757499991,0 -72.59427636699685,-36.03774582599988,0 -72.59428107599683,-36.03778407799988,0 -72.59428578599689,-36.03782232899991,0 -72.59429049699686,-36.03786058099985,0 -72.59428933199683,-36.03789871399992,0 -72.59428817399686,-36.03793684299989,0 -72.59428701099691,-36.03797498199989,0 -72.59426838999684,-36.03800799499987,0 -72.59424389699684,-36.03804088999987,0 -72.59422527499686,-36.0380739019999,0 -72.59420665199683,-36.03810691299987,0 -72.59418803399686,-36.03813992999991,0 -72.59415781699687,-36.03816794199987,0 -72.59413332399686,-36.03820083699989,0 -72.59409166099687,-36.03821907899988,0 -72.59405572299687,-36.0382422059999,0 -72.59401406399685,-36.03826044599989,0 -72.59397239599683,-36.03827868999986,0 -72.59393073299684,-36.03829693199989,0 -72.59387733099686,-36.03831493599992,0 -72.59382994999686,-36.03832829499991,0 -72.59372101899686,-36.03836187499989,0 -72.59371734799686,-36.03836180399986,0 -72.59367296599684,-36.0383728389999,0 -72.59362876799685,-36.03837791399987,0 -72.59358099099688,-36.03837993199988,0 -72.59353679099685,-36.0383850049999,0 -72.59349259599685,-36.03839008399992,0 -72.59344830299689,-36.03839813799991,0 -72.5934040119969,-36.0384061879999,0 -72.59334871799683,-36.03841401799986,0 -72.59330442999686,-36.03842207799991,0 -72.59326005399684,-36.03843310699988,0 -72.59321576199686,-36.03844116399989,0 -72.59317138399685,-36.03845219499988,0 -72.59309049899684,-36.03845653099992,0 -72.59304281799685,-36.0384555759999,0 -72.59299522299686,-36.03845163899984,0 -72.59295147899684,-36.03844181399989,0 -72.59291552199686,-36.03841724399985,0 -72.59289450999685,-36.03838403299992,0 -72.59287726099681,-36.03834791399987,0 -72.59285248699683,-36.03831760799992,0 -72.59281653599685,-36.03829303799989,0 -72.59277287799689,-36.03828023299989,0 -72.59272913599686,-36.03827041299985,0 -72.59268557299684,-36.03825463499987,0 -72.59265346799684,-36.03822417999991,0 -72.59262878899686,-36.03819089399989,0 -72.59258522499685,-36.03817511199988,0 -72.59253790099683,-36.03816223799988,0 -72.59249415799685,-36.03815241599992,0 -72.59246757399683,-36.03818169199989,0 -72.59246639499683,-36.03822042099989,0 -72.59247997799686,-36.03825646699992,0 -72.59250841499689,-36.03828684499985,0 -72.59253685299683,-36.03831722999987,0 -72.59255373899686,-36.03836526099989,0 -72.59254164699684,-36.03840079399989,0 -72.59251863999685,-36.03843311999987,0 -72.59248811399685,-36.03847125999989,0 -72.59245080099684,-36.03849137999989,0 -72.59242054699683,-36.03852058199991,0 -72.59240845599685,-36.03855610999989,0 -72.59241470399682,-36.03859200799988,0 -72.59244304999683,-36.03862536999986,0 -72.59246781999684,-36.03865567499989,0 -72.59249258899682,-36.03868598599985,0 -72.59249883699688,-36.0387218779999,0 -72.59250132399683,-36.03876068199987,0 -72.59249280899684,-36.03879926699989,0 -72.59248071699686,-36.03883479899985,0 -72.59245046399685,-36.03886399899991,0 -72.59241305699685,-36.03888709499992,0 -72.59237573999683,-36.03890721199986,0 -72.59233099499687,-36.0389301609999,0 -72.59227139999685,-36.03895877299988,0 -72.59227506599683,-36.03895884799988,0 -72.59225205899683,-36.0389911769999,0 -72.59222905399683,-36.03902350599989,0 -72.59220604699685,-36.03905583399989,0 -72.59218294899685,-36.03909114199988,0 -72.59215994199683,-36.03912347099987,0 -72.59213693299685,-36.03915579899991,0 -72.59211750399683,-36.03919118199988,0 -72.59210174399688,-36.03922663699993,0 -72.59207873699685,-36.03925896799989,0 -72.59205197099685,-36.03929419899987,0 -72.59202886899686,-36.03932950999985,0 -72.59200228799686,-36.03935878499988,0 -72.59197928099681,-36.03939111199985,0 -72.59195269699681,-36.03942038799988,0 -72.59192959799684,-36.03945569599992,0 -72.59190659199686,-36.0394880269999,0 -72.59188349299681,-36.03952333299986,0 -72.59185681799687,-36.03955558699992,0 -72.59182656499682,-36.03958478999991,0 -72.59178182099684,-36.03960773799985,0 -72.59173734899684,-36.0396217499999,0 -72.59168957199687,-36.03962377299984,0 -72.59164188599688,-36.0396228119999,0 -72.59158686399682,-36.03962170699987,0 -72.59153908699685,-36.0396237269999,0 -72.59149479399683,-36.0396317799999,0 -72.59144702099682,-36.03963380099987,0 -72.5914026389968,-36.03964483299993,0 -72.59135807599685,-36.03966182299985,0 -72.59131360499683,-36.03967583399989,0 -72.59127628799682,-36.03969595099988,0 -72.59123539399681,-36.03971301599989,0 -72.59119449699686,-36.03973008199988,0 -72.5911571809968,-36.03975019699987,0 -72.59112335199681,-36.03977634599991,0 -72.59108942999681,-36.03980547399991,0 -72.59105917699682,-36.03983467599988,0 -72.59102892299686,-36.03986387799988,0 -72.59100233799685,-36.03989315299987,0 -72.59097932999686,-36.03992548099991,0 -72.59096356799685,-36.03996093599988,0 -72.59093277099683,-36.04000801399986,0 -72.59090976199678,-36.04004034399986,0 -72.59088675399687,-36.04007267099986,0 -72.59087099199682,-36.04010812599993,0 -72.59083992099684,-36.04016413999992,0 -72.59083982999684,-36.04016711899991,0 -72.59080581899683,-36.04019922699987,0 -72.5907755639968,-36.04022842899985,0 -72.5907489789968,-36.04025770399991,0 -72.59071514899685,-36.04028385499988,0 -72.59067774099684,-36.04030694899989,0 -72.59063326799681,-36.04032095999985,0 -72.59058879599684,-36.04033497099987,0 -72.59054450499683,-36.04034302299988,0 -72.59050021399682,-36.04035107499988,0 -72.59044849599684,-36.04036195999987,0 -72.59041117899685,-36.04038207699989,0 -72.59037386099683,-36.0404021929999,0 -72.5903363619968,-36.04042826699988,0 -72.59029546699682,-36.04044533099989,0 -72.5902476899968,-36.0404473509999,0 -72.59020385199686,-36.04044050799985,0 -72.59015625799684,-36.0404365699999,0 -72.59011196599684,-36.04044462199991,0 -72.59007107199685,-36.04046168599992,0 -72.59002668999685,-36.04047271699988,0 -72.58997900299684,-36.04047175799986,0 -72.58993571199684,-36.04044703999989,0 -72.58990360599684,-36.04041658399993,0 -72.5898788369968,-36.04038627599988,0 -72.58985782699685,-36.04035306199993,0 -72.58985158199684,-36.04031716399988,0 -72.58983432999679,-36.04028104599985,0 -72.58982074799681,-36.04024499999989,0 -72.58980349599682,-36.04020888199989,0 -72.5897935819968,-36.04017290999985,0 -72.58978366799683,-36.04013693799988,0 -72.58977742199684,-36.0401010409999,0 -72.58977117499684,-36.04006514299989,0 -72.58975759299685,-36.04002909799991,0 -72.58975134699685,-36.03999319999989,0 -72.5897414319968,-36.03995722799991,0 -72.58972784999682,-36.03992118599984,0 -72.58970693099681,-36.03988499199991,0 -72.58968216199679,-36.03985468199992,0 -72.58964996599681,-36.03982720599991,0 -72.58961025199682,-36.03980554199989,0 -72.58957420699684,-36.03978394699988,0 -72.58953064299683,-36.03976816699986,0 -72.58949083999683,-36.03974947999989,0 -72.58941113799682,-36.03971508599988,0 -72.58940746999681,-36.03971501199987,0 -72.5893638149968,-36.03970220999989,0 -72.58932025199682,-36.03968642799987,0 -72.58928044799679,-36.03966774099984,0 -72.58923679299684,-36.03965493899992,0 -72.58918947299679,-36.0396420649999,0 -72.58915342499684,-36.03962047099989,0 -72.58911746999682,-36.03959589999991,0 -72.58909646099681,-36.0395626859999,0 -72.5890716939968,-36.03953237699989,0 -72.58905444299685,-36.03949625899986,0 -72.58904086099683,-36.03946021399986,0 -72.58901985099681,-36.0394269999999,0 -72.58900259999679,-36.03939088199986,0 -72.58899268599683,-36.03935491099985,0 -72.58898644099681,-36.03931901199989,0 -72.58898019499681,-36.03928311399989,0 -72.58897394999681,-36.03924721599986,0 -72.5889677029968,-36.03921131799991,0 -72.58896888599681,-36.03917259299988,0 -72.5889700659968,-36.03913385999991,0 -72.58897491499681,-36.03909520799991,0 -72.58898334199687,-36.03905960199992,0 -72.58899543699683,-36.03902407599986,0 -72.5890038629968,-36.03898846999991,0 -72.58900880399682,-36.03894683599987,0 -72.58901365299681,-36.03890818399989,0 -72.5890185019968,-36.0388695249999,0 -72.58901968299686,-36.03883079899988,0 -72.58901352899684,-36.03879191799988,0 -72.58901104099684,-36.03875311799988,0 -72.58900855499682,-36.03871431299993,0 -72.5889987339968,-36.03867536299987,0 -72.58899248599683,-36.03863946499987,0 -72.5889714769968,-36.0386062479999,0 -72.5889505589968,-36.03857005799988,0 -72.58892954899683,-36.03853684299985,0 -72.58890853999681,-36.03850363099986,0 -72.58888386299681,-36.03847034299991,0 -72.5888702809968,-36.03843429799986,0 -72.5888505439968,-36.0383593729999,0 -72.58885063499677,-36.03835639499987,0 -72.58884438999678,-36.03832049599986,0 -72.58883080799677,-36.03828445299987,0 -72.58880979899683,-36.03825123499988,0 -72.58879621699681,-36.03821519299988,0 -72.58878997099684,-36.03817929399989,0 -72.5887911549968,-36.03814056799984,0 -72.58878490599682,-36.03810466999991,0 -72.58877866099684,-36.03806877199985,0 -72.58876507899681,-36.03803272699989,0 -72.58875149699684,-36.03799668199986,0 -72.58874158399684,-36.03796071099987,0 -72.58873166999679,-36.03792473599987,0 -72.5887217569968,-36.03788876499991,0 -72.58871184299683,-36.03785279399989,0 -72.58870990399683,-36.03779611699986,0 -72.58870365499679,-36.03776021999989,0 -72.58869740899679,-36.0377243219999,0 -72.5886911639968,-36.0376884239999,0 -72.58868867699681,-36.03764961899986,0 -72.5886861919968,-36.03761081399995,0 -72.58867994799682,-36.03757491999988,0 -72.58867745799684,-36.03753611699989,0 -72.58867497099682,-36.03749731399991,0 -72.58866872699681,-36.03746141599986,0 -72.58866623899681,-36.03742261099993,0 -72.58865999299681,-36.03738671199988,0 -72.5886537479968,-36.03735081799989,0 -72.58865126199683,-36.03731201499989,0 -72.58864877799681,-36.0372732119999,0 -72.58864655999685,-36.03722547099989,0 -72.58864801399682,-36.03717780499992,0 -72.58864570999683,-36.03713304299987,0 -72.58864598299684,-36.03712410199989,0 -72.58864716399682,-36.03708537599991,0 -72.58864467699685,-36.03704657299991,0 -72.5886421899968,-36.0370077689999,0 -72.58863594399681,-36.03697186999989,0 -72.58863345799685,-36.03693306899987,0 -72.58863097399679,-36.0368942659999,0 -72.58863233599681,-36.0368495789999,0 -72.58863351599678,-36.03681084699989,0 -72.58863469699679,-36.03677211999988,0 -72.58862845099682,-36.03673622099993,0 -72.58861486999677,-36.03670017599989,0 -72.58859386099684,-36.03666696299987,0 -72.58857285299682,-36.03663374799986,0 -72.58855560599682,-36.03659762999985,0 -72.58854568999683,-36.03656165799988,0 -72.58854687099685,-36.03652292799989,0 -72.58854814599684,-36.03648121999988,0 -72.58854932499681,-36.03644249099991,0 -72.58855050599682,-36.03640376099988,0 -72.58855168899683,-36.03636503199988,0 -72.58854920099679,-36.03632622999988,0 -72.58855038199681,-36.03628749999994,0 -72.58854413699682,-36.03625160199988,0 -72.58853789199681,-36.03621570499985,0 -72.5885318279968,-36.03617384799988,0 -72.58852934299682,-36.03613504499989,0 -72.5885195189968,-36.03609609499993,0 -72.58850602799683,-36.03605706999986,0 -72.58849244599681,-36.03602102499989,0 -72.58847519699681,-36.0359849059999,0 -72.58845794699683,-36.03594878599989,0 -72.58843317999683,-36.03591847799988,0 -72.5884085039968,-36.03588519099986,0 -72.58838749699683,-36.03585197599991,0 -72.58836272899681,-36.0358216679999,0 -72.58833456699682,-36.03578234899987,0 -72.58831355999679,-36.03574913399989,0 -72.58829264099684,-36.03571294199986,0 -72.58827905999681,-36.03567689599989,0 -72.58826547899679,-36.03564085099989,0 -72.58826647899681,-36.0356080799999,0 -72.58827032799678,-36.03560219599993,0 -72.58828242299685,-36.03556666699991,0 -72.58829818499679,-36.03553121199985,0 -72.58830661199683,-36.0354956089999,0 -72.58830779299677,-36.03545687999986,0 -72.58831621999683,-36.03542127699991,0 -72.58832106899679,-36.03538262199987,0 -72.58833316399684,-36.03534709299986,0 -72.5883492909968,-36.0352997219999,0 -72.58836505199682,-36.03526426699988,0 -72.58838448199683,-36.03522888599986,0 -72.58840748999684,-36.03519655799987,0 -72.58843407399678,-36.03516728299985,0 -72.58846074899679,-36.03513502899988,0 -72.58848733499677,-36.03510575399986,0 -72.58851391699683,-36.03507647899988,0 -72.58854050199682,-36.03504720399989,0 -72.5885817599968,-36.03501822399991,0 -72.58861916399677,-36.03499512799988,0 -72.58865299299681,-36.03496897999985,0 -72.58869039899682,-36.03494588399986,0 -72.5887393549968,-36.03490513499989,0 -72.5887659389968,-36.03487585999988,0 -72.58878894599681,-36.03484353199988,0 -72.5887973719968,-36.0348079289999,0 -72.58880276699682,-36.0347513999999,0 -72.58880394799679,-36.03471266999987,0 -72.58880396499677,-36.0347121049999,0 -72.58880512899681,-36.03467394299988,0 -72.58880630999683,-36.03463521099985,0 -72.58880749399682,-36.03459648199987,0 -72.58880867199683,-36.03455775299992,0 -72.58880994499683,-36.03451604399991,0 -72.58881112599684,-36.03447731499992,0 -72.58881597599679,-36.0344386589999,0 -72.58882439999678,-36.03440305699985,0 -72.58883649399679,-36.03436752799987,0 -72.5888632599968,-36.03433229399985,0 -72.58889351199682,-36.03430309199987,0 -72.5889200959968,-36.03427381799989,0 -72.5889687779968,-36.03424200599989,0 -72.58897244599679,-36.0342420799999,0 -72.58901333699683,-36.03422501599991,0 -72.58904358999678,-36.03419581499987,0 -72.58906668799685,-36.03416050799993,0 -72.58907511299681,-36.03412490499988,0 -72.58908353899683,-36.03408930299985,0 -72.5890919649968,-36.03405369999988,0 -72.58910836199684,-36.0339973919999,0 -72.5891241249968,-36.03396193599988,0 -72.58913988599686,-36.03392648399988,0 -72.58915564699682,-36.03389102599991,0 -72.58917140899678,-36.0338555709999,0 -72.58919083899679,-36.03382018999989,0 -72.58921384599685,-36.03378786099993,0 -72.58924051999682,-36.0337556069999,0 -72.58926710299684,-36.03372633599985,0 -72.58929735399683,-36.03369712999989,0 -72.58932393799685,-36.03366785499989,0 -72.58935428099684,-36.03363567499989,0 -72.5893846219968,-36.0336034929999,0 -72.58941496399679,-36.03357131499988,0 -72.58944888399682,-36.03354218899989,0 -72.58948628899681,-36.03351908999985,0 -72.58952369399684,-36.03349599299986,0 -72.58955752299684,-36.03346984499994,0 -72.58965773599684,-36.03343310999986,0 -72.58966516199679,-36.03343027599988,0 -72.58970265799681,-36.03340420099988,0 -72.5897400629968,-36.03338110799993,0 -72.58977389299682,-36.03335495899992,0 -72.58983036199683,-36.0333083959999,0 -72.58986061399682,-36.03327919399987,0 -72.58988719699684,-36.03324992299989,0 -72.58991387099681,-36.03321766499991,0 -72.5899368769968,-36.03318533599985,0 -72.58995263799686,-36.03314987599986,0 -72.58997600699681,-36.03310563399987,0 -72.58999901399686,-36.03307330399988,0 -72.59002201899683,-36.03304097999992,0 -72.59004538799681,-36.03299673199984,0 -72.5900683939968,-36.03296440199992,0 -72.59009497699684,-36.03293512999991,0 -72.59012155999686,-36.0329058509999,0 -72.59014456599685,-36.03287352599992,0 -72.59016766299682,-36.03283821799987,0 -72.59018709099679,-36.03280283799992,0 -72.59020652099682,-36.03276745299987,0 -72.59021861399681,-36.03273192699987,0 -72.59023446499683,-36.03269349199989,0 -72.59025022599684,-36.03265803699987,0 -72.59026965399683,-36.03262265599992,0 -72.59028908299682,-36.03258727099993,0 -72.59030851199682,-36.03255189099986,0 -72.59033518599684,-36.03251963799991,0 -72.59035461399682,-36.03248425199984,0 -72.59037761999683,-36.03245192799992,0 -72.59040062599681,-36.03241959999989,0 -72.59042363099681,-36.03238726899985,0 -72.59044663599681,-36.03235494299985,0 -72.59046239699687,-36.03231948699987,0 -72.5904894329968,-36.03227531499988,0 -72.59050519499682,-36.03223986099989,0 -72.59052462299681,-36.03220447899985,0 -72.59053671599681,-36.03216894999989,0 -72.59054514099684,-36.03213334699993,0 -72.59054998899688,-36.03209469199988,0 -72.59055472299681,-36.03204874399992,0 -72.59057356799681,-36.03207910199993,0 -72.59057417999684,-36.03208016499986,0 -72.59065868099682,-36.03223625699989,0 -72.59066094099687,-36.03224002499988,0 -72.59066246999683,-36.03224233999989,0 -72.59066794499685,-36.0322492569999,0 -72.59066975299683,-36.03225119899988,0 -72.59067080499685,-36.0322522979999,0 -72.59067303199684,-36.03225444899991,0 -72.59075379099683,-36.03237345299991,0 -72.59084913099683,-36.03246845899985,0 -72.59088021599678,-36.03256389399988,0 -72.59087978949681,-36.03256592499987,0 -72.59087913499681,-36.03256789399989,0 -72.59087747199683,-36.03257113799987,0 -72.59082646399683,-36.03266699599988,0 -72.59082576199684,-36.03266838999985,0 -72.59082409699684,-36.03267226399987,0 -72.59082295099687,-36.03267529799988,0 -72.59082165499679,-36.03267925499989,0 -72.59076910699682,-36.03286823999986,0 -72.59076884599683,-36.0328692439999,0 -72.59076847299681,-36.03287085899994,0 -72.59076813299683,-36.03287248399991,0 -72.59074741299682,-36.0329805749999,0 -72.59074688799679,-36.03298406199989,0 -72.59074663899685,-36.03298630899987,0 -72.59074639299682,-36.03298980199988,0 -72.59074639199682,-36.0329924459999,0 -72.59074643199685,-36.03299377299987,0 -72.59074659099684,-36.03299642599993,0 -72.59075968899683,-36.03314130999985,0 -72.59075979899679,-36.0331423829999,0 -72.59075993199683,-36.03314356199988,0 -72.59077395799682,-36.03325460499985,0 -72.59077435599686,-36.03325715599991,0 -72.5907747199968,-36.03325891799991,0 -72.59077528699683,-36.0332614109999,0 -72.59077786099685,-36.03326930799991,0 -72.59077912199682,-36.03327218499987,0 -72.59078114799682,-36.03327625299988,0 -72.59083758699687,-36.03337753199987,0 -72.59083902099682,-36.03338022999989,0 -72.59083983199685,-36.03338169599991,0 -72.59084095399683,-36.03338364399988,0 -72.59085525099685,-36.03340941299985,0 -72.59085730299685,-36.03341279099991,0 -72.59085864199683,-36.03341481499994,0 -72.59086344699685,-36.03342099099993,0 -72.5908650249968,-36.03342274499987,0 -72.5908667289968,-36.03342455599992,0 -72.59086784599681,-36.03342566299992,0 -72.59102032999685,-36.03357274799988,0 -72.59102364799681,-36.0335757179999,0 -72.59102634799682,-36.03357796199989,0 -72.59102991199688,-36.03358071199992,0 -72.59103120799686,-36.03358161699987,0 -72.59117130899686,-36.03367692299986,0 -72.5911889489968,-36.03371180699987,0 -72.59118974799684,-36.03374642299988,0 -72.59117693299686,-36.03378773399988,0 -72.59109870499681,-36.03382903199986,0 -72.59109553299685,-36.03383081199985,0 -72.59109242299681,-36.03383271199989,0 -72.5910881749968,-36.03383571299989,0 -72.59108539399688,-36.03383785099991,0 -72.59108151999683,-36.03384108799985,0 -72.59103241999682,-36.03388571699989,0 -72.59096758199682,-36.03393908799993,0 -72.59096441999681,-36.0339415839999,0 -72.59096303799684,-36.03394270799987,0 -72.59096172199681,-36.03394380999993,0 -72.59093825899683,-36.03396305099989,0 -72.59093538399684,-36.03396556399989,0 -72.59093340299685,-36.03396742899988,0 -72.59092796799679,-36.03397331799991,0 -72.59092715499683,-36.03397433799993,0 -72.59092620599687,-36.03397556099987,0 -72.59092272099682,-36.03398083099993,0 -72.59092163499682,-36.03398271599986,0 -72.59091986099682,-36.03398608999986,0 -72.59088608899683,-36.03405771599991,0 -72.59088432399686,-36.03406198299987,0 -72.59088335199684,-36.03406470299989,0 -72.59088203299682,-36.03406906799989,0 -72.59088130099683,-36.03407260999992,0 -72.59088099699684,-36.03407445599988,0 -72.59088055799683,-36.03407803099986,0 -72.5908712989968,-36.03419116599989,0 -72.59087121999684,-36.03419231099986,0 -72.59087115599685,-36.03419368899991,0 -72.59087115199684,-36.03419620899984,0 -72.59087120099682,-36.03419802599989,0 -72.59087133899683,-36.03420051799986,0 -72.59087981399684,-36.03430158099984,0 -72.59088035199686,-36.03430568399989,0 -72.59088080399682,-36.03430820299987,0 -72.59088299199685,-36.03431608399989,0 -72.59088385399683,-36.03431837499988,0 -72.59088441499685,-36.03431979999988,0 -72.59088552699683,-36.03432227999986,0 -72.59096342599685,-36.03448389999991,0 -72.59100966699683,-36.03463002699991,0 -72.59100033499683,-36.03470298699992,0 -72.59097293099686,-36.03477502799993,0 -72.59092021399685,-36.03481947499991,0 -72.59091823799683,-36.03482121799988,0 -72.59091725999683,-36.03482213899989,0 -72.59091559899683,-36.03482373999989,0 -72.59091035099684,-36.03482954099984,0 -72.5909092359968,-36.03483096899991,0 -72.59090530999684,-36.03483686199985,0 -72.59090427599685,-36.03483867499988,0 -72.59090256199686,-36.03484196499988,0 -72.59085912499688,-36.03493528599992,0 -72.5908577589968,-36.03493852599987,0 -72.59085672499681,-36.03494126099988,0 -72.59085560999686,-36.03494458299989,0 -72.59082326599683,-36.0350546089999,0 -72.59082276399684,-36.03505646199991,0 -72.59082186399684,-36.03506111699988,0 -72.59082136299681,-36.03506472899988,0 -72.59082096499684,-36.03506943899987,0 -72.59081525799681,-36.03525679799989,0 -72.59081072699679,-36.03550584599987,0 -72.59076656399684,-36.03566797599989,0 -72.59072741899681,-36.03577276299993,0 -72.59063363199684,-36.03593828199984,0 -72.59063265999683,-36.03594007899991,0 -72.59063175299683,-36.03594186699988,0 -72.59063095499684,-36.03594360499988,0 -72.59063047199685,-36.03594471699993,0 -72.59062975199684,-36.03594647099987,0 -72.5905759649968,-36.03608509799992,0 -72.59057521099683,-36.03608718299993,0 -72.59057461999684,-36.03608895199989,0 -72.59057397899686,-36.03609103199992,0 -72.59053477099681,-36.03622991299989,0 -72.5905344049968,-36.03623129299992,0 -72.59053363399684,-36.03623507999988,0 -72.59053316399681,-36.03623803799986,0 -72.59053272499686,-36.03624187399988,0 -72.59052245699682,-36.03638802799986,0 -72.59052236899683,-36.03638976999989,0 -72.59052244999684,-36.03639408199984,0 -72.59052267499683,-36.0363974009999,0 -72.59052317599682,-36.03640168199985,0 -72.59054531099682,-36.0365344359999,0 -72.59056178499684,-36.03663712099993,0 -72.59055838699683,-36.03674861499988,0 -72.59034963799682,-36.03702247499994,0 -72.59034763199682,-36.03702531199985,0 -72.59034608699686,-36.03702766099985,0 -72.59034432999685,-36.03703053299989,0 -72.59026003599681,-36.03717935899991,0 -72.59025934599683,-36.03718046299988,0 -72.59025861499686,-36.03718153099991,0 -72.59016664899681,-36.03731106499989,0 -72.59016427499685,-36.0373147299999,0 -72.59016246999683,-36.03731779299989,0 -72.59016044999682,-36.03732158799991,0 -72.5900921999968,-36.03746632999985,0 -72.59009043499681,-36.03747059799989,0 -72.59008928999683,-36.03747380399989,0 -72.59008796999682,-36.03747816799989,0 -72.59008757999683,-36.03747987299991,0 -72.59008726199684,-36.03748152099985,0 -72.59005897799683,-36.03764432499987,0 -72.59005854999683,-36.03764743199986,0 -72.59005828699682,-36.03765002299988,0 -72.59005808199683,-36.0376531309999,0 -72.59005523599679,-36.03774650399989,0 -72.59005534499684,-36.03775121999984,0 -72.59005555799682,-36.03775398499989,0 -72.59005617399683,-36.03775867499988,0 -72.59005725499684,-36.03776318499987,0 -72.59005801099681,-36.03776575299987,0 -72.59005956099679,-36.03777017599989,0 -72.59009696899686,-36.03786188899991,0 -72.59009907399683,-36.03786634799985,0 -72.59010053599683,-36.03786907599988,0 -72.59010311899681,-36.03787336799988,0 -72.59010550699681,-36.03787664699987,0 -72.59010681699684,-36.03787830999988,0 -72.59010949199686,-36.03788145199984,0 -72.59010833099687,-36.03788664499994,0 -72.59007344199685,-36.03804263799987,0 -72.59013470799682,-36.03813444599985,0 -72.59017858899686,-36.03820020299986,0 -72.59021436599684,-36.03825381499988,0 -72.59031038799682,-36.03832666999989,0 -72.59037587799682,-36.03833116999989,0 -72.59053978999684,-36.03834242999988,0 -72.59067530099682,-36.03835173899993,0 -72.5906883429968,-36.03816836999988,0 -72.59068992899685,-36.0381460759999,0 -72.59070395099681,-36.03794892899987,0 -72.59042721399683,-36.03790103499993,0 -72.59030107199682,-36.03787920499988,0 -72.59028222199683,-36.0378586419999,0 -72.59024086099681,-36.03781352399988,0 -72.5902108059968,-36.0377398359999,0 -72.59021326599681,-36.03765912799985,0 -72.59023989899681,-36.03750581499988,0 -72.59030362599681,-36.03737066499989,0 -72.59039529999681,-36.03724148499987,0 -72.59039675299682,-36.03723932599987,0 -72.59039792899685,-36.03723747899988,0 -72.59039926899682,-36.03723525199985,0 -72.59048382999681,-36.03708608299988,0 -72.59050032699683,-36.03706413899989,0 -72.59050127899681,-36.03706868799988,0 -72.59050172799684,-36.03707019699991,0 -72.59050333499684,-36.03707472499988,0 -72.59050543399682,-36.03707914499989,0 -72.59050627499681,-36.03708070899989,0 -72.59050881799683,-36.03708492599986,0 -72.59051137999685,-36.0370884239999,0 -72.59051286699682,-36.03709029099989,0 -72.59051576699686,-36.03709364599985,0 -72.59060539599685,-36.03718940799984,0 -72.59060635199684,-36.03719040499988,0 -72.59060792299684,-36.03719194499987,0 -72.59060943999683,-36.03719337799987,0 -72.5906150259968,-36.03719804999985,0 -72.59061717999684,-36.03719964199988,0 -72.59061981599682,-36.03720146799986,0 -72.59074195799681,-36.03728157999989,0 -72.59074543999684,-36.03728371499989,0 -72.59074817899688,-36.03728528199986,0 -72.59075181799685,-36.03728722299986,0 -72.59075310799686,-36.03728784699987,0 -72.59087311499681,-36.03734440499989,0 -72.59087760499685,-36.03734633799987,0 -72.59088081599683,-36.0373475959999,0 -72.59088542699683,-36.03734923199988,0 -72.59088811299685,-36.03735003499988,0 -72.59089080199682,-36.03735076099988,0 -72.59102296999683,-36.03738398799991,0 -72.59102816299681,-36.03738510799985,0 -72.59103189099685,-36.03738577799988,0 -72.59104199799683,-36.03738687699985,0 -72.59104511299685,-36.03738701899988,0 -72.59104719399684,-36.03738708699991,0 -72.59105052099686,-36.03738708699993,0 -72.59116526999682,-36.0373847329999,0 -72.59117102999686,-36.03738441199991,0 -72.59117436199686,-36.0373841069999,0 -72.59117685599685,-36.03738383999984,0 -72.59118576899684,-36.03738223399989,0 -72.59118759699686,-36.03738179599987,0 -72.59118996199683,-36.03738118999988,0 -72.59119835299683,-36.03737836699989,0 -72.59120136799683,-36.0373771509999,0 -72.59120360999687,-36.03737620399988,0 -72.59120645799683,-36.03737486799989,0 -72.59129661599682,-36.0373301499999,0 -72.59130063999683,-36.03732798699986,0 -72.59130291399684,-36.03732666699989,0 -72.59130570899684,-36.03732495199992,0 -72.59131036899682,-36.03732163299989,0 -72.59131152499684,-36.03732072899987,0 -72.59131527099684,-36.03731754999989,0 -72.59131795999681,-36.03731491099989,0 -72.59131893999687,-36.03731388399991,0 -72.59132313999685,-36.03730893999992,0 -72.59132430099683,-36.03730733399988,0 -72.59132567799683,-36.03730535099988,0 -72.59132790199685,-36.03730186099989,0 -72.59139841299684,-36.03718058399991,0 -72.59139956499681,-36.03717849699994,0 -72.59140067199679,-36.03717633799987,0 -72.59140158999682,-36.03717431899987,0 -72.59140213199684,-36.03717304899988,0 -72.59140295599683,-36.03717098799989,0 -72.59145329799682,-36.03703587499984,0 -72.59152807099683,-36.03686547199987,0 -72.59152950999685,-36.03686177399991,0 -72.59153048399683,-36.03685892799987,0 -72.59153158799685,-36.03685517799988,0 -72.59153200599684,-36.03685333799993,0 -72.59156635699684,-36.0366854449999,0 -72.59156661899684,-36.03668404999987,0 -72.59156682199686,-36.03668287099988,0 -72.59156703699685,-36.0366814869999,0 -72.59158947699682,-36.03652051699989,0 -72.5915896649968,-36.03651896699992,0 -72.59158979899684,-36.03651767699989,0 -72.59158993399681,-36.0365160929999,0 -72.59160059599681,-36.03635753499987,0 -72.59160067499685,-36.03635592399988,0 -72.59160056399681,-36.03635118899987,0 -72.59160037399685,-36.03634874299988,0 -72.59159975999687,-36.0363440729999,0 -72.59159864799685,-36.03633945799988,0 -72.59159819799683,-36.03633794399985,0 -72.59159658599683,-36.0363333979999,0 -72.59159449699681,-36.03632899799987,0 -72.59159373499686,-36.03632757999989,0 -72.5915911809968,-36.0363233429999,0 -72.59158818599681,-36.03631930699987,0 -72.59158712499686,-36.03631800899992,0 -72.59158370199684,-36.0363141929999,0 -72.59157988499683,-36.03631063799987,0 -72.59157857299684,-36.03630951899988,0 -72.59157438999686,-36.03630624599987,0 -72.59156987699683,-36.03630328699992,0 -72.59156833499685,-36.03630236299993,0 -72.59156351099686,-36.03629972699985,0 -72.59155842699687,-36.0362974469999,0 -72.59155671899686,-36.03629675799988,0 -72.59155141299684,-36.03629484599986,0 -72.59154590799685,-36.03629331499987,0 -72.59154407699684,-36.03629287699988,0 -72.59153845199688,-36.03629174499989,0 -72.59153272799688,-36.03629101499985,0 -72.59153082299683,-36.03629083999991,0 -72.59152501599685,-36.03629051699991,0 -72.59151919799683,-36.03629060699993,0 -72.59151728399682,-36.03629070399992,0 -72.59151152199682,-36.0362912039999,0 -72.5915058409968,-36.03629210699989,0 -72.59150399299685,-36.0362924689999,0 -72.59149839699687,-36.0362937789999,0 -72.59149296999686,-36.0362954789999,0 -72.59149121499682,-36.03629610099988,0 -72.59148600699683,-36.03629817199988,0 -72.59148103899682,-36.0363006049999,0 -72.59147943999686,-36.03630146699987,0 -72.59147474199685,-36.03630424599988,0 -72.59147036499684,-36.0363073469999,0 -72.59146898499685,-36.03630841299989,0 -72.59146495699682,-36.03631180999987,0 -72.59146130899686,-36.03631547899987,0 -72.59146017499685,-36.0363167279999,0 -72.59145693399685,-36.0363206429999,0 -72.59145412099683,-36.03632477899991,0 -72.59145326999683,-36.0363261719999,0 -72.59145091999684,-36.03633047499989,0 -72.59144903699681,-36.03633493699989,0 -72.59144842699685,-36.03633661999987,0 -72.59144703099683,-36.03634119799992,0 -72.59144624699681,-36.03634506599988,0 -72.59144592699684,-36.03634711099989,0 -72.59144549199684,-36.03635099499987,0 -72.59143494699681,-36.0365077509999,0 -72.59141288499679,-36.03666601599988,0 -72.59137984499688,-36.03682749799989,0 -72.5913065819968,-36.0369944519999,0 -72.59130586099681,-36.03699617699988,0 -72.59130513999683,-36.03699800599987,0 -72.59125575899682,-36.03713051799988,0 -72.59119686399684,-36.03723181599985,0 -72.59114200699682,-36.0372590229999,0 -72.59105800699679,-36.03726074299991,0 -72.59094722699682,-36.03723328399987,0 -72.59094291699685,-36.03723164299988,0 -72.59094073999688,-36.03723075499988,0 -72.59083574999686,-36.0371809479999,0 -72.59072393799683,-36.03710761399986,0 -72.59065648699686,-36.03703554899988,0 -72.5906668479968,-36.03692437099991,0 -72.59070919899685,-36.03678727199988,0 -72.59071047299686,-36.03678344099992,0 -72.59071145299683,-36.03678006199991,0 -72.59071235399685,-36.0367753999999,0 -72.59071277499683,-36.03677235699985,0 -72.59071317099685,-36.03676765399985,0 -72.59071717099687,-36.0366364129999,0 -72.59071709999688,-36.03663224899987,0 -72.59071687699682,-36.03662877699986,0 -72.59071640999682,-36.03662461699985,0 -72.5906992649968,-36.03651776099986,0 -72.59067791099685,-36.03638969099992,0 -72.59068706599683,-36.0362593699999,0 -72.59070545899685,-36.03622016399988,0 -72.59072321299683,-36.03618022499989,0 -72.5907620499968,-36.03617205099992,0 -72.59077857799683,-36.03617238499987,0 -72.59078070199685,-36.03618703599989,0 -72.59077430499681,-36.0361935469999,0 -72.59083586299685,-36.03661544699985,0 -72.59134517899682,-36.03650722199993,0 -72.59130696199682,-36.03629612299989,0 -72.59119713099685,-36.03609083799989,0 -72.5909717859968,-36.03589463999987,0 -72.59097849499686,-36.03576683899988,0 -72.59099975799684,-36.03563246299989,0 -72.59100016299685,-36.03562904999993,0 -72.59100031799687,-36.03562707599985,0 -72.59100043699686,-36.03562493499991,0 -72.59100029099686,-36.03561973999984,0 -72.59099962599684,-36.03561439399988,0 -72.59099920199681,-36.03561237099989,0 -72.5909987469968,-36.03561042699989,0 -72.59099783699682,-36.03560710799985,0 -72.59096586799681,-36.0355057049999,0 -72.59097053799682,-36.03525943099987,0 -72.59097606599686,-36.03507800899984,0 -72.59100577999683,-36.03497693299989,0 -72.59104237199685,-36.0348983119999,0 -72.5910967059968,-36.03485249599991,0 -72.59109868199687,-36.03485075499987,0 -72.59110015899688,-36.03484934799985,0 -72.5911020719968,-36.03484745999987,0 -72.59110773599683,-36.03484094199985,0 -72.59110885899683,-36.03483940299992,0 -72.59111342799683,-36.03483182699991,0 -72.59111458399683,-36.03482945699988,0 -72.59111625899685,-36.03482558399986,0 -72.59115073299687,-36.03473495499989,0 -72.59115164199685,-36.03473233199986,0 -72.59115213499682,-36.03473075899993,0 -72.59115287399683,-36.03472812499985,0 -72.59115342999678,-36.0347255799999,0 -72.59115370299683,-36.03472412799988,0 -72.59115410899686,-36.03472155699993,0 -72.59116548799685,-36.03463259599988,0 -72.59116577999683,-36.03462939699991,0 -72.59116590199685,-36.03462701899986,0 -72.59116571399686,-36.03462062599991,0 -72.59116510199684,-36.03461602199985,0 -72.59116461899683,-36.03461374699986,0 -72.59116418299686,-36.03461192999987,0 -72.59116331499682,-36.03460881299987,0 -72.59111282499683,-36.03444926099986,0 -72.59111217699682,-36.03444735899992,0 -72.59111171999682,-36.03444610399988,0 -72.59111099299683,-36.03444423699992,0 -72.59111034799682,-36.03444274899988,0 -72.59110963099683,-36.03444119299987,0 -72.5910340429968,-36.03428436199988,0 -72.59102659399683,-36.03419554499987,0 -72.59103080999685,-36.0341440309999,0 -72.5910323779968,-36.03414614199992,0 -72.59103488999688,-36.03414921299987,0 -72.59103830899687,-36.03415302099992,0 -72.59109641299686,-36.03421211599988,0 -72.59109981299683,-36.03421530899988,0 -72.59110186099683,-36.03421708699989,0 -72.59110643799686,-36.03422069899989,0 -72.59110948599685,-36.03422275499986,0 -72.59111083799679,-36.03422361299987,0 -72.59111712699681,-36.03422715199989,0 -72.59111946599687,-36.03422825999988,0 -72.59112209799682,-36.03422944899989,0 -72.59112673099682,-36.03423135399987,0 -72.59122622399684,-36.03426837999994,0 -72.59122983399685,-36.03426961999988,0 -72.59123228099682,-36.03427038599988,0 -72.59124077299685,-36.03427252799988,0 -72.59124433099682,-36.03427319199988,0 -72.59124961999682,-36.03427388199989,0 -72.5912520129968,-36.03427411399989,0 -72.59125607499685,-36.03427440499986,0 -72.59143316299684,-36.03428268699987,0 -72.59152111699679,-36.0342884349999,0 -72.59159679099685,-36.0343220469999,0 -72.59168914699681,-36.03438011699989,0 -72.59169209899684,-36.0343818699999,0 -72.59169340399681,-36.03438260099992,0 -72.5916964999968,-36.03438423499991,0 -72.59170160599683,-36.0343865239999,0 -72.59170511999683,-36.03438793999988,0 -72.59171048299686,-36.03438986899992,0 -72.59181291999685,-36.0344222599999,0 -72.59181697999685,-36.03442342299986,0 -72.59181936099682,-36.03442403499987,0 -72.59182627199687,-36.03442548499986,0 -72.59182841499685,-36.03442580999987,0 -72.59183770199681,-36.03442669999987,0 -72.59184019299686,-36.03442679599988,0 -72.5918417009968,-36.03442683999986,0 -72.59184447199685,-36.03442684799992,0 -72.59198328599682,-36.03442494299986,0 -72.59198770599684,-36.03442476299993,0 -72.59199011299687,-36.03442459899986,0 -72.59199450299683,-36.03442418099984,0 -72.59199950199685,-36.03442340899991,0 -72.59200254499682,-36.03442283999991,0 -72.59200744999687,-36.03442176099986,0 -72.59216193099682,-36.0343825809999,0 -72.59216330299687,-36.03438221999991,0 -72.59216636999685,-36.03438131299993,0 -72.59216890999686,-36.03438050599988,0 -72.59217692899688,-36.03437743599991,0 -72.59217875099687,-36.03437660399988,0 -72.59218656199685,-36.03437240299985,0 -72.59218920099687,-36.03437074999992,0 -72.59219236299684,-36.03436860999988,0 -72.59228048999688,-36.0343050389999,0 -72.59228452299686,-36.03430187299989,0 -72.59228675799686,-36.03429996299985,0 -72.59228844199683,-36.03429847099989,0 -72.59229378799688,-36.03429284199992,0 -72.59229482699683,-36.03429158499992,0 -72.59229636899686,-36.03428963099986,0 -72.59230024099685,-36.03428367499986,0 -72.59230157899684,-36.03428126599989,0 -72.59230286799686,-36.03427878199992,0 -72.59230367699682,-36.03427701699985,0 -72.59234384199686,-36.03418448599987,0 -72.59234532999686,-36.03418059799987,0 -72.59234636699686,-36.03417747699989,0 -72.59234747599686,-36.03417355499989,0 -72.59237101199687,-36.03406798899989,0 -72.59237173299685,-36.03406384399992,0 -72.59237212999686,-36.0340606949999,0 -72.59237245299686,-36.03405654499988,0 -72.59237245899685,-36.03405408899987,0 -72.59236852999685,-36.03389996099985,0 -72.59238568699686,-36.03371536699991,0 -72.59238585799686,-36.03371259599989,0 -72.59238574599684,-36.03370785299992,0 -72.59238555999684,-36.0337054529999,0 -72.59238494599687,-36.0337007899999,0 -72.59238383599687,-36.03369617899992,0 -72.59238338799683,-36.03369467099989,0 -72.59238177399683,-36.03369012199988,0 -72.59237969499685,-36.03368573999993,0 -72.59237892799682,-36.03368431199991,0 -72.59237636599683,-36.03368005699992,0 -72.59237336199686,-36.0336760109999,0 -72.59237230999683,-36.03367472699992,0 -72.59236889699683,-36.03367092199989,0 -72.59236504399682,-36.03366733499987,0 -72.59236371899686,-36.03366620599987,0 -72.59235957299687,-36.03366296599989,0 -72.59235507699685,-36.03366001699988,0 -72.59235354799688,-36.03365909999984,0 -72.59234870599687,-36.03365645399989,0 -72.59234359699683,-36.0336541619999,0 -72.59234188299682,-36.03365347199988,0 -72.59233660099684,-36.03365156999984,0 -72.59233111499685,-36.03365004299987,0 -72.59232926999684,-36.03364960099986,0 -72.59232362699684,-36.0336484659999,0 -72.59231792299687,-36.03364773699985,0 -72.59231602399682,-36.03364756299991,0 -72.59231019799688,-36.0336472379999,0 -72.59230439099683,-36.03364732699989,0 -72.59230248599688,-36.0336474239999,0 -72.59229671299684,-36.03364792399986,0 -72.59229103399683,-36.03364882699986,0 -72.59228918199688,-36.03364918999988,0 -72.59228358299686,-36.03365049999987,0 -72.59227817499685,-36.03365219299987,0 -72.59227642099688,-36.03365281499987,0 -72.59227119599683,-36.03365489199984,0 -72.59226623299685,-36.03365732099986,0 -72.59226463899687,-36.03365818099985,0 -72.59225993499682,-36.0336609639999,0 -72.59225555899683,-36.03366406399988,0 -72.59225417899688,-36.03366513099989,0 -72.59225015099685,-36.03366852799989,0 -72.59224650099684,-36.03367219999989,0 -72.59224536499687,-36.03367345199985,0 -72.59224212599683,-36.0336773629999,0 -72.59223931099683,-36.0336815039999,0 -72.59223845499683,-36.03368290499986,0 -72.59223610799685,-36.03368720399988,0 -72.59223423799685,-36.03369163499986,0 -72.5922335809968,-36.03369344099989,0 -72.59223217299682,-36.0336980489999,0 -72.59223147299683,-36.03370139399991,0 -72.59223120599687,-36.03370297799992,0 -72.59223077799683,-36.03370626699993,0 -72.59182865199683,-36.03363624399989,0 -72.59173488999686,-36.0337176549999,0 -72.59173003499683,-36.03371449099993,0 -72.59160348699686,-36.0336396539999,0 -72.59160130799687,-36.0336384179999,0 -72.59159977399683,-36.03363758499992,0 -72.59159747199683,-36.03363638899987,0 -72.59159589799684,-36.03363563199989,0 -72.59159408799681,-36.03363479899986,0 -72.59139368099686,-36.03354592799987,0 -72.59119360499685,-36.03344432399984,0 -72.59119225499686,-36.03344357999986,0 -72.59100056999685,-36.03333040699989,0 -72.59095537099687,-36.03327227199991,0 -72.59094411199682,-36.03306286299991,0 -72.59094063699681,-36.0329453069999,0 -72.5909570089968,-36.03287113199985,0 -72.59096811099685,-36.03285416199989,0 -72.59101102999685,-36.03283496699986,0 -72.59102070099684,-36.0328361469999,0 -72.59107867199681,-36.03292019799992,0 -72.59108150999683,-36.03292394599987,0 -72.5910835009968,-36.03292634999985,0 -72.59108669999686,-36.03292989399992,0 -72.59108910599682,-36.03293220899987,0 -72.59109027799681,-36.03293327299986,0 -72.59109284899685,-36.03293548199989,0 -72.59120927299685,-36.03302999799985,0 -72.59121121799683,-36.0330315149999,0 -72.59121304799682,-36.03303287499991,0 -72.59121520999685,-36.03303435899991,0 -72.5912166939968,-36.03303533399986,0 -72.59121905899683,-36.03303681799986,0 -72.59133321599687,-36.0331051979999,0 -72.59133598399683,-36.03310677199989,0 -72.59133881799684,-36.03310825799986,0 -72.59134387599684,-36.0331105279999,0 -72.59134757699681,-36.03311202299989,0 -72.59135297199686,-36.03311396499986,0 -72.59148730499686,-36.03315651099987,0 -72.59149154599683,-36.03315772199989,0 -72.59149404399685,-36.0331583579999,0 -72.59150080899683,-36.03315977199986,0 -72.59150276899683,-36.03316006899988,0 -72.59150422799681,-36.0331602709999,0 -72.59151314799685,-36.0331610119999,0 -72.59151609199685,-36.03316109299987,0 -72.59152026899686,-36.03316108799986,0 -72.59172073999682,-36.0331556839999,0 -72.59181631899683,-36.0331520309999,0 -72.59190868599681,-36.03313096299986,0 -72.59203348299683,-36.03308762199986,0 -72.59211040299685,-36.03299460499992,0 -72.59214402299685,-36.0328774439999,0 -72.59214449599688,-36.03287615599989,0 -72.59214595699682,-36.03287139599984,0 -72.59214664099684,-36.03286814699991,0 -72.5921470429968,-36.03286579999985,0 -72.59214754599685,-36.03286175999992,0 -72.59215709099685,-36.03273918199989,0 -72.59215716799685,-36.03273801199988,0 -72.59215722899685,-36.0327366729999,0 -72.59215724399682,-36.03273449799986,0 -72.59215719999682,-36.03273236299989,0 -72.59215255699679,-36.0326252759999,0 -72.59217374599683,-36.03257611899991,0 -72.59220412699688,-36.03255039899992,0 -72.59227761199685,-36.03254716799989,0 -72.59236581399688,-36.03255739799992,0 -72.59249320899684,-36.03258258399993,0 -72.59258920999685,-36.03260870599988,0 -72.59256924699683,-36.03268882799992,0 -72.59277668399686,-36.03279384599992,0 -72.59306984299684,-36.03278840199989,0 -72.59328571299687,-36.03272474199986,0 -72.59339537099686,-36.03263628499985,0 -72.59331590999687,-36.03234382099987,0 -72.59307479799683,-36.03232009099989,0 -72.59262803799686,-36.03243003899985,0 -72.59262025199683,-36.03248411699985,0 -72.59254007299688,-36.0324623029999,0 -72.59253747099682,-36.03246164299987,0 -72.59253520199682,-36.0324611089999,0 -72.59253240799681,-36.03246050299988,0 -72.59239924199687,-36.03243417499991,0 -72.59239768599684,-36.03243388299989,0 -72.59239601099688,-36.03243359099987,0 -72.59239349299683,-36.03243321599984,0 -72.59239104399687,-36.03243289699989,0 -72.59229297899682,-36.03242152199989,0 -72.59228909599686,-36.03242116499984,0 -72.59228650099683,-36.03242098999988,0 -72.59228261999687,-36.03242081999988,0 -72.59227944399684,-36.03242081499985,0 -72.59227616999685,-36.03242089599986,0 -72.59216591599687,-36.03242574399987,0 -72.59216212299684,-36.03242599599988,0 -72.59215838799685,-36.03242636999989,0 -72.5921526809968,-36.03242727899988,0 -72.59215018199683,-36.0324277689999,0 -72.59214461199683,-36.03242907299989,0 -72.59213920599682,-36.03243076599989,0 -72.59213745399686,-36.03243138699986,0 -72.59213222599686,-36.03243346399992,0 -72.59212724599681,-36.03243590399992,0 -72.59212535199684,-36.03243692599988,0 -72.59212066599682,-36.03243969899989,0 -72.59211733799684,-36.0324420059999,0 -72.59211569499683,-36.03244322199991,0 -72.59211250199684,-36.03244574999985,0 -72.59205081799682,-36.03249797499992,0 -72.59204893399684,-36.0324996379999,0 -72.59204767199681,-36.03250083499989,0 -72.59204590199685,-36.03250256399988,0 -72.59204035199681,-36.03250884999988,0 -72.59203949899685,-36.03250997799989,0 -72.59203516399684,-36.03251676299988,0 -72.59203406699685,-36.03251882499993,0 -72.59203320199684,-36.0325205309999,0 -72.59203234499687,-36.03252240599988,0 -72.59201661799686,-36.03255888899986,0 -72.59199689299685,-36.0325470729999,0 -72.59196084999682,-36.03252548499989,0 -72.59192480699684,-36.03250389299993,0 -72.59189261299683,-36.0324764179999,0 -72.59186417799684,-36.03244603699988,0 -72.59182052599685,-36.03243323099988,0 -72.59172873799683,-36.03243437099987,0 -72.59168418199688,-36.03245135999988,0 -72.59163649999685,-36.03245039999984,0 -72.59159669899685,-36.03243171799991,0 -72.59154919799688,-36.03242480099988,0 -72.59150151499685,-36.0324238429999,0 -72.59145374399684,-36.03242586299993,0 -72.59141633999681,-36.03244895899988,0 -72.59138251299683,-36.03247510999989,0 -72.59135950799683,-36.0325074369999,0 -72.59135465899685,-36.0325460899999,0 -72.59135347899684,-36.03258482399985,0 -72.59135229999683,-36.03262354899988,0 -72.59134020799681,-36.0326590819999,0 -72.59131362399687,-36.0326883559999,0 -72.59130153299682,-36.03272388699986,0 -72.59129310799685,-36.03275948999988,0 -72.59128825999684,-36.03279814499987,0 -72.59128341199686,-36.03283680099985,0 -72.59129699499684,-36.03287284199988,0 -72.59132148999684,-36.03291209099995,0 -72.59134616699683,-36.03294537699986,0 -72.59136362699681,-36.03296674099992,0 -72.59131642699683,-36.03293854799992,0 -72.5913141929968,-36.03293698699985,0 -72.59122755099682,-36.03286721699988,0 -72.59118807299681,-36.03280773299988,0 -72.5911514579968,-36.03257648999992,0 -72.59110655399681,-36.03243817099988,0 -72.59110289699682,-36.0324327789999,0 -72.59126385899683,-36.03229061599991,0 -72.59113344399682,-36.03209295199986,0 -72.59103291999682,-36.03198897599987,0 -72.59084626699681,-36.03202511899988,0 -72.5907604439968,-36.03207109599987,0 -72.59071697799682,-36.03203061399991,0 -72.59071535799679,-36.03202759699985,0 -72.59071433999681,-36.03202579999988,0 -72.59071326699681,-36.03202399599987,0 -72.59056797699685,-36.0317897739999,0 -72.59056698599686,-36.03178823599993,0 -72.59056056799686,-36.0317803849999,0 -72.59055256899687,-36.03177355799989,0 -72.59054878799682,-36.03177129199986,0 -72.59053692099684,-36.03172221099988,0 -72.59053603099684,-36.03171257799992,0 -72.59059955999682,-36.03169681199989,0 
						</coordinates>
					</LinearRing>
				</outerBoundaryIs>
				<innerBoundaryIs>
					<LinearRing>
						<coordinates>
							-72.59157544699683,-36.03626188399989,0 -72.59162331099681,-36.03625688299986,0 -72.59167126799683,-36.0362489049999,0 -72.59170867399681,-36.03622580799987,0 -72.59174250299685,-36.03619965899988,0 -72.59176550899682,-36.03616732999993,0 -72.59177393399686,-36.03613172799989,0 -72.59177511199684,-36.03609299799985,0 -72.59177262299686,-36.03605419499988,0 -72.59177380499686,-36.03601546599989,0 -72.59177865299687,-36.03597680999989,0 -72.59179808199683,-36.0359414289999,0 -72.5918138429968,-36.03590597299992,0 -72.59181135499686,-36.03586716999987,0 -72.59179777099682,-36.03583112399986,0 -72.59178052099682,-36.03579500599989,0 -72.59176327099686,-36.03575888699987,0 -72.5917570229968,-36.03572298999989,0 -72.59175820299684,-36.03568426099989,0 -72.59175195399681,-36.03564836299993,0 -72.59174570899685,-36.03561246599986,0 -72.59172882099688,-36.03556442999986,0 -72.59171523799687,-36.03552838399985,0 -72.59169431899686,-36.03549219199988,0 -72.59166588099681,-36.03546181099992,0 -72.59162232099685,-36.0354460299999,0 -72.59157463899685,-36.03544507199987,0 -72.59153044099682,-36.03545014599984,0 -72.59150734399684,-36.03548545299986,0 -72.59148791599688,-36.03552083499991,0 -72.59147948999683,-36.03555643799994,0 -72.59147803799685,-36.03560410499993,0 -72.59147740299686,-36.03562495899988,0 -72.59150601999686,-36.03564938199985,0 -72.59152702699686,-36.03568259599984,0 -72.59153694399684,-36.03571856699988,0 -72.59154319199682,-36.03575446399986,0 -72.5915494379968,-36.03579036199989,0 -72.59155568499686,-36.03582625899988,0 -72.59155450599681,-36.03586498899989,0 -72.59154965799682,-36.03590364499987,0 -72.59154480899683,-36.03594229999987,0 -72.59153271599682,-36.03597782999987,0 -72.59152062399686,-36.03601335799988,0 -72.59150119399685,-36.03604873999993,0 -72.59147085199683,-36.03608092099993,0 -72.59143353699686,-36.03610103799986,0 -72.59140695399682,-36.0361303139999,0 -72.59140210499683,-36.0361689699999,0 -72.59141568799683,-36.03620501499989,0 -72.59144412499685,-36.03623539699988,0 -72.59148392499684,-36.03625408199985,0 -72.59152776199684,-36.03626092499985,0 -72.59157544699683,-36.03626188399989,0 
						</coordinates>
					</LinearRing>
				</innerBoundaryIs>
			</Polygon>
		</Placemark>
		<Placemark>
			<styleUrl>#falseColor</styleUrl>
			<ExtendedData>
				<SchemaData schemaUrl="#S_UsoSuelo_SDSDDD">
					<SimpleData name="OBJECTID">595008900</SimpleData>
					<SimpleData name="ZONA">4</SimpleData>
					<SimpleData name="AREA">5</SimpleData>
					<SimpleData name="ID_PREDIO">10728</SimpleData>
					<SimpleData name="NOM_PREDIO">CHAMIZAL</SimpleData>
					<SimpleData name="ID_SECCION">1</SimpleData>
					<SimpleData name="ID_RODAL">3</SimpleData>
					<SimpleData name="TIPO_USO">41</SimpleData>
					<SimpleData name="APL">2011</SimpleData>
					<SimpleData name="MPL">7</SimpleData>
					<SimpleData name="SUP_M2">1548.22</SimpleData>
					<SimpleData name="TIPOUSO">EUGL</SimpleData>
					<SimpleData name="PORC_PROP">100</SimpleData>
					<SimpleData name="Shape_Leng">0</SimpleData>
					<SimpleData name="Shape_Area">0</SimpleData>
				</SchemaData>
			</ExtendedData>
			<Polygon>
				<outerBoundaryIs>
					<LinearRing>
						<coordinates>
							-72.59158212899681,-36.03417175399991,0 -72.59157797199683,-36.0341700569999,0 -72.59157550999684,-36.03416913899988,0 -72.59157203699685,-36.03416793899988,0 -72.59156679199684,-36.03416646999992,0 -72.59156532299686,-36.03416611299989,0 -72.59155943899682,-36.03416491999987,0 -72.59155620599685,-36.03416445599987,0 -72.59155351799684,-36.03416412599992,0 -72.59154890899683,-36.03416369299989,0 -72.59144406199685,-36.0341568479999,0 -72.59144260599685,-36.03415676899991,0 -72.59127856899684,-36.03414909799988,0 -72.59120704399685,-36.03412248299992,0 -72.59116368399684,-36.03407838699984,0 -72.59112984999682,-36.03402454599993,0 -72.59114219999684,-36.03400816799989,0 -72.59123211699686,-36.03395176899988,0 -72.59132795199682,-36.03388205799987,0 -72.59135726899683,-36.0338244409999,0 -72.59135863299684,-36.03377969399989,0 -72.59135985899682,-36.03373942299988,0 -72.59136591399687,-36.03372163499992,0 -72.59141590499682,-36.0337092079999,0 -72.59144297699686,-36.03371151599987,0 -72.59151561499684,-36.03374372799991,0 -72.59163023699685,-36.03381151599991,0 -72.59162517499685,-36.03415569299991,0 -72.59163502199685,-36.0341952469999,0 -72.59158212899681,-36.03417175399991,0 
						</coordinates>
					</LinearRing>
				</outerBoundaryIs>
			</Polygon>
		</Placemark>
		<Placemark>
			<styleUrl>#falseColor</styleUrl>
			<ExtendedData>
				<SchemaData schemaUrl="#S_UsoSuelo_SDSDDD">
					<SimpleData name="OBJECTID">595008920</SimpleData>
					<SimpleData name="ZONA">4</SimpleData>
					<SimpleData name="AREA">5</SimpleData>
					<SimpleData name="ID_PREDIO">10728</SimpleData>
					<SimpleData name="NOM_PREDIO">CHAMIZAL</SimpleData>
					<SimpleData name="ID_SECCION">1</SimpleData>
					<SimpleData name="ID_RODAL">3</SimpleData>
					<SimpleData name="TIPO_USO">41</SimpleData>
					<SimpleData name="APL">2011</SimpleData>
					<SimpleData name="MPL">7</SimpleData>
					<SimpleData name="SUP_M2">5.37977</SimpleData>
					<SimpleData name="TIPOUSO">EUGL</SimpleData>
					<SimpleData name="PORC_PROP">100</SimpleData>
					<SimpleData name="Shape_Leng">0</SimpleData>
					<SimpleData name="Shape_Area">0</SimpleData>
				</SchemaData>
			</ExtendedData>
			<Polygon>
				<outerBoundaryIs>
					<LinearRing>
						<coordinates>
							-72.59071697799682,-36.03203061399991,0 -72.5907604439968,-36.03207109599987,0 -72.59074357799685,-36.03208013199992,0 -72.59071697799682,-36.03203061399991,0 
						</coordinates>
					</LinearRing>
				</outerBoundaryIs>
			</Polygon>
		</Placemark>
		<Placemark>
			<styleUrl>#falseColor</styleUrl>
			<ExtendedData>
				<SchemaData schemaUrl="#S_UsoSuelo_SDSDDD">
					<SimpleData name="OBJECTID">595029800</SimpleData>
					<SimpleData name="ZONA">4</SimpleData>
					<SimpleData name="AREA">5</SimpleData>
					<SimpleData name="ID_PREDIO">10728</SimpleData>
					<SimpleData name="NOM_PREDIO">CHAMIZAL</SimpleData>
					<SimpleData name="ID_SECCION">1</SimpleData>
					<SimpleData name="ID_RODAL">0</SimpleData>
					<SimpleData name="TIPO_USO">16</SimpleData>
					<SimpleData name="APL">0</SimpleData>
					<SimpleData name="MPL">0</SimpleData>
					<SimpleData name="SUP_M2">2083.18</SimpleData>
					<SimpleData name="TIPOUSO">BNSM</SimpleData>
					<SimpleData name="PORC_PROP">100</SimpleData>
					<SimpleData name="Shape_Leng">0</SimpleData>
					<SimpleData name="Shape_Area">0</SimpleData>
				</SchemaData>
			</ExtendedData>
			<Polygon>
				<outerBoundaryIs>
					<LinearRing>
						<coordinates>
							-72.59148392499684,-36.03625408199985,0 -72.59144412499685,-36.03623539699988,0 -72.59141568799683,-36.03620501499989,0 -72.59140210499683,-36.0361689699999,0 -72.59140695399682,-36.0361303139999,0 -72.59143353699686,-36.03610103799986,0 -72.59147085199683,-36.03608092099993,0 -72.59150119399685,-36.03604873999993,0 -72.59152062399686,-36.03601335799988,0 -72.59153271599682,-36.03597782999987,0 -72.59154480899683,-36.03594229999987,0 -72.59154965799682,-36.03590364499987,0 -72.59155450599681,-36.03586498899989,0 -72.59155568499686,-36.03582625899988,0 -72.5915494379968,-36.03579036199989,0 -72.59154319199682,-36.03575446399986,0 -72.59153694399684,-36.03571856699988,0 -72.59152702699686,-36.03568259599984,0 -72.59150601999686,-36.03564938199985,0 -72.59147740299686,-36.03562495899988,0 -72.59147803799685,-36.03560410499993,0 -72.59147948999683,-36.03555643799994,0 -72.59148791599688,-36.03552083499991,0 -72.59150734399684,-36.03548545299986,0 -72.59153044099682,-36.03545014599984,0 -72.59157463899685,-36.03544507199987,0 -72.59162232099685,-36.0354460299999,0 -72.59166588099681,-36.03546181099992,0 -72.59169431899686,-36.03549219199988,0 -72.59171523799687,-36.03552838399985,0 -72.59172882099688,-36.03556442999986,0 -72.59174570899685,-36.03561246599986,0 -72.59175195399681,-36.03564836299993,0 -72.59175820299684,-36.03568426099989,0 -72.5917570229968,-36.03572298999989,0 -72.59176327099686,-36.03575888699987,0 -72.59178052099682,-36.03579500599989,0 -72.59179777099682,-36.03583112399986,0 -72.59181135499686,-36.03586716999987,0 -72.5918138429968,-36.03590597299992,0 -72.59179808199683,-36.0359414289999,0 -72.59177865299687,-36.03597680999989,0 -72.59177380499686,-36.03601546599989,0 -72.59177262299686,-36.03605419499988,0 -72.59177511199684,-36.03609299799985,0 -72.59177393399686,-36.03613172799989,0 -72.59176550899682,-36.03616732999993,0 -72.59174250299685,-36.03619965899988,0 -72.59170867399681,-36.03622580799987,0 -72.59167126799683,-36.0362489049999,0 -72.59162331099681,-36.03625688299986,0 -72.59157544699683,-36.03626188399989,0 -72.59152776199684,-36.03626092499985,0 -72.59148392499684,-36.03625408199985,0 
						</coordinates>
					</LinearRing>
				</outerBoundaryIs>
			</Polygon>
		</Placemark>
		<Placemark>
			<styleUrl>#falseColor</styleUrl>
			<ExtendedData>
				<SchemaData schemaUrl="#S_UsoSuelo_SDSDDD">
					<SimpleData name="OBJECTID">595029820</SimpleData>
					<SimpleData name="ZONA">4</SimpleData>
					<SimpleData name="AREA">5</SimpleData>
					<SimpleData name="ID_PREDIO">10728</SimpleData>
					<SimpleData name="NOM_PREDIO">CHAMIZAL</SimpleData>
					<SimpleData name="ID_SECCION">1</SimpleData>
					<SimpleData name="ID_RODAL">0</SimpleData>
					<SimpleData name="TIPO_USO">16</SimpleData>
					<SimpleData name="APL">0</SimpleData>
					<SimpleData name="MPL">0</SimpleData>
					<SimpleData name="SUP_M2">3612.74</SimpleData>
					<SimpleData name="TIPOUSO">BNSM</SimpleData>
					<SimpleData name="PORC_PROP">100</SimpleData>
					<SimpleData name="Shape_Leng">0</SimpleData>
					<SimpleData name="Shape_Area">0</SimpleData>
				</SchemaData>
			</ExtendedData>
			<Polygon>
				<outerBoundaryIs>
					<LinearRing>
						<coordinates>
							-72.59134616699683,-36.03294537699986,0 -72.59132148999684,-36.03291209099995,0 -72.59129699499684,-36.03287284199988,0 -72.59128341199686,-36.03283680099985,0 -72.59128825999684,-36.03279814499987,0 -72.59129310799685,-36.03275948999988,0 -72.59130153299682,-36.03272388699986,0 -72.59131362399687,-36.0326883559999,0 -72.59134020799681,-36.0326590819999,0 -72.59135229999683,-36.03262354899988,0 -72.59135347899684,-36.03258482399985,0 -72.59135465899685,-36.0325460899999,0 -72.59135950799683,-36.0325074369999,0 -72.59138251299683,-36.03247510999989,0 -72.59141633999681,-36.03244895899988,0 -72.59145374399684,-36.03242586299993,0 -72.59150151499685,-36.0324238429999,0 -72.59154919799688,-36.03242480099988,0 -72.59159669899685,-36.03243171799991,0 -72.59163649999685,-36.03245039999984,0 -72.59168418199688,-36.03245135999988,0 -72.59172873799683,-36.03243437099987,0 -72.59182052599685,-36.03243323099988,0 -72.59186417799684,-36.03244603699988,0 -72.59189261299683,-36.0324764179999,0 -72.59192480699684,-36.03250389299993,0 -72.59196084999682,-36.03252548499989,0 -72.59199689299685,-36.0325470729999,0 -72.59201661799686,-36.03255888899986,0 -72.59201377299682,-36.03256548499985,0 -72.59200148699688,-36.03259399099989,0 -72.59200023799683,-36.0325972069999,0 -72.59199958499687,-36.03259909199991,0 -72.59199841099682,-36.03260303899986,0 -72.59199774899685,-36.0326061509999,0 -72.59199691299688,-36.03261339999992,0 -72.59199684699682,-36.03261540099988,0 -72.59199686699682,-36.03261868999991,0 -72.59200186899689,-36.03273408999987,0 -72.59199359499682,-36.03284031699985,0 -72.59193974399686,-36.0329174449999,0 -72.59185689599681,-36.03296821799989,0 -72.59169894099686,-36.03303029299985,0 -72.59153264999682,-36.03303527199989,0 -72.59153103799683,-36.03303511699992,0 -72.59152931299683,-36.03303486799984,0 -72.59152770499684,-36.03303459599987,0 -72.59142112799684,-36.03300076999989,0 -72.59141940499687,-36.03299999499989,0 -72.59141793999684,-36.03299929799991,0 -72.59141644899685,-36.03299865599985,0 -72.59141450899685,-36.03299777599988,0 -72.59140434099682,-36.03299106099987,0 -72.59136362699681,-36.03296674099992,0 -72.59134616699683,-36.03294537699986,0 
						</coordinates>
					</LinearRing>
				</outerBoundaryIs>
			</Polygon>
		</Placemark>
		<Placemark>
			<styleUrl>#falseColor</styleUrl>
			<ExtendedData>
				<SchemaData schemaUrl="#S_UsoSuelo_SDSDDD">
					<SimpleData name="OBJECTID">595029840</SimpleData>
					<SimpleData name="ZONA">4</SimpleData>
					<SimpleData name="AREA">5</SimpleData>
					<SimpleData name="ID_PREDIO">10728</SimpleData>
					<SimpleData name="NOM_PREDIO">CHAMIZAL</SimpleData>
					<SimpleData name="ID_SECCION">1</SimpleData>
					<SimpleData name="ID_RODAL">0</SimpleData>
					<SimpleData name="TIPO_USO">16</SimpleData>
					<SimpleData name="APL">0</SimpleData>
					<SimpleData name="MPL">0</SimpleData>
					<SimpleData name="SUP_M2">98513.4</SimpleData>
					<SimpleData name="TIPOUSO">BNSM</SimpleData>
					<SimpleData name="PORC_PROP">100</SimpleData>
					<SimpleData name="Shape_Leng">0</SimpleData>
					<SimpleData name="Shape_Area">0</SimpleData>
				</SchemaData>
			</ExtendedData>
			<Polygon>
				<outerBoundaryIs>
					<LinearRing>
						<coordinates>
							-72.58907848999681,-36.04082015399991,0 -72.58917552799686,-36.04081461299989,0 -72.58924467899683,-36.04081600399984,0 -72.58930779599677,-36.04082664199991,0 -72.58934564099681,-36.04083302099988,0 -72.5895749999968,-36.04087509799984,0 -72.58969486099687,-36.04087750899988,0 -72.58976058999679,-36.04086029799987,0 -72.5897733169968,-36.04085045999988,0 -72.58979089299682,-36.04081341599991,0 -72.58979556299684,-36.04076810199984,0 -72.58974013999683,-36.04064410499993,0 -72.58956454699684,-36.04041618599984,0 -72.58950132899682,-36.04033210499991,0 -72.58947193599684,-36.04026102599989,0 -72.58946493199684,-36.04024409199985,0 -72.58946457099684,-36.04024321399987,0 -72.58946109099683,-36.04014163499988,0 -72.58943739899681,-36.0400556779999,0 -72.58939572599679,-36.0400201119999,0 -72.58936326299681,-36.04000610299988,0 -72.58926144499682,-36.04000138299989,0 -72.58911377299685,-36.03999040099992,0 -72.5890583009968,-36.03997592899986,0 -72.58901605699681,-36.03995904899988,0 -72.5889528409968,-36.03987496799988,0 -72.58888966699681,-36.03972148399989,0 -72.5888885359968,-36.03971873999991,0 -72.58888636799679,-36.03971577799984,0 -72.58887248899686,-36.03969176899991,0 -72.58885147999678,-36.03965855099992,0 -72.58883046999685,-36.03962534199987,0 -72.58881688799683,-36.03958929199987,0 -72.58880779199677,-36.03952650799989,0 -72.58881146099682,-36.03952658199989,0 -72.58880585099679,-36.03946983499987,0 -72.58882161399681,-36.03943437699988,0 -72.58882279499683,-36.03939564599991,0 -72.58883122199683,-36.0393600439999,0 -72.5888365259968,-36.03930649199987,0 -72.58883770699678,-36.03926776799988,0 -72.58883888999681,-36.03922903599987,0 -72.58883640199679,-36.03919023099984,0 -72.5888301559968,-36.03915433299991,0 -72.58882775999683,-36.03911255099985,0 -72.58882151399681,-36.03907665299987,0 -72.58881902899681,-36.03903785499988,0 -72.5888165409968,-36.03899904999989,0 -72.58881029499682,-36.03896315099986,0 -72.58880038099682,-36.0389271799999,0 -72.58878679899681,-36.03889113699989,0 -72.58877688499679,-36.03885515999988,0 -72.5887633049968,-36.03881911599991,0 -72.58874972199682,-36.03878307199992,0 -72.58871897999684,-36.03870792599986,0 -72.58870906899683,-36.03867195599987,0 -72.58869915299684,-36.03863598499991,0 -72.58869584199682,-36.03861695499989,0 -72.58869574399681,-36.03861639299986,0 -72.58869290799682,-36.03860008599985,0 -72.58868666299681,-36.03856418699988,0 -72.58868784299683,-36.03852546099991,0 -72.58868535599683,-36.03848665799992,0 -72.58867562399679,-36.03844472799991,0 -72.58866937799679,-36.03840883099986,0 -72.58865946399681,-36.03837285899988,0 -72.5886495539968,-36.0383368869999,0 -72.58862890599681,-36.03829175699988,0 -72.58861165799684,-36.03825563599989,0 -72.58859440599682,-36.03821951899988,0 -72.58858666799684,-36.03820331599986,0 -72.58857715599683,-36.03818339599989,0 -72.58855990599683,-36.03814728099986,0 -72.58854632499683,-36.03811123499985,0 -72.58853641099684,-36.03807526399989,0 -72.58852649599682,-36.03803929199992,0 -72.58851694599679,-36.03799140399989,0 -72.58851822299684,-36.0379496929999,0 -72.58852188599678,-36.0379497649999,0 -72.58849793899681,-36.03789264799985,0 -72.5884916949968,-36.03785675099988,0 -72.58848554099679,-36.03781787399988,0 -72.58848680899678,-36.03777616299987,0 -72.58848798999679,-36.0377374359999,0 -72.58848816099683,-36.0377359949999,0 -72.5884929299968,-36.03769580099989,0 -72.58849778199682,-36.03765714599985,0 -72.58850620799677,-36.03762153899986,0 -72.58852196899683,-36.03758608899991,0 -72.58852681899681,-36.03754743399987,0 -72.58853891299678,-36.03751190099988,0 -72.5885364269968,-36.03747310099987,0 -72.5885376079968,-36.03743437199989,0 -72.58853512199683,-36.03739556699989,0 -72.58852154399683,-36.0373595239999,0 -72.58850795799682,-36.03732347799984,0 -72.58848704099685,-36.03728728399988,0 -72.58847471699683,-36.03725457999985,0 -72.58847345899684,-36.0372512399999,0 -72.58845621199681,-36.03721512099989,0 -72.58843896399681,-36.03717900199984,0 -72.58842904699681,-36.03714302999986,0 -72.58841546699682,-36.03710698499987,0 -72.58840922199683,-36.03707108699988,0 -72.58840297499682,-36.03703518899989,0 -72.58839672899683,-36.03699928999988,0 -72.58838690599679,-36.03696034099989,0 -72.5883769939968,-36.03692436999993,0 -72.58837074799682,-36.03688847099988,0 -72.58835734699683,-36.03684646799988,0 -72.58834743599681,-36.03681049599988,0 -72.58833751999681,-36.03677452499988,0 -72.58832760899681,-36.03673855299989,0 -72.58831769299678,-36.03670258099991,0 -72.58830778399683,-36.03666660899989,0 -72.58830153499682,-36.03663071099989,0 -72.58829905099681,-36.03659190899986,0 -72.58829280499681,-36.03655601099987,0 -72.58829398399679,-36.03651728099988,0 -72.58829516599678,-36.03647855199989,0 -72.58829634699683,-36.03643982299985,0 -72.58829386099677,-36.03640101999989,0 -72.58828222099682,-36.03636332599989,0 -72.58828333199685,-36.03634841399986,0 -72.5882839864968,-36.03633954799989,0 -72.58828450049683,-36.03632270999987,0 -72.58828568399677,-36.0362839809999,0 -72.58828686349683,-36.03624525099988,0 -72.58828437599681,-36.03620644799988,0 -72.5882855574968,-36.03616771899988,0 -72.58828673899677,-36.03612898899985,0 -72.58828792049678,-36.0360902599999,0 -72.58828543449681,-36.03605145699987,0 -72.58827570249679,-36.0360095269999,0 -72.58826578949679,-36.03597355599988,0 -72.58826293949681,-36.03594666899991,0 -72.5882316539968,-36.03588939999989,0 -72.58819561049683,-36.0358678079999,0 -72.58815965899683,-36.03584323699991,0 -72.58812361449679,-36.0358216439999,0 -72.58811472549677,-36.03581556999992,0 -72.58808766399682,-36.03579707149986,0 -72.58808010949677,-36.03579308449986,0 -72.58804070599682,-36.03577227899989,0 -72.5880159379968,-36.03574197049988,0 -72.58800235699681,-36.03570592449989,0 -72.5880181219968,-36.0356704704999,0 -72.58803520699679,-36.03563743849987,0 -72.58804803799678,-36.03561264099989,0 -72.5880532219968,-36.0356026129999,0 -72.58807632149683,-36.03556730599988,0 -72.5881030874968,-36.0355320729999,0 -72.58812609549682,-36.03549974499986,0 -72.58814919349679,-36.03546443949988,0 -72.5881758699968,-36.03543218399989,0 -72.58818796349681,-36.03539665499989,0 -72.5881928149968,-36.03535799899991,0 -72.58819348749678,-36.03533587949988,0 -72.58819399449682,-36.03531926999992,0 -72.5881951774968,-36.03528054049985,0 -72.5881963574968,-36.03524181199987,0 -72.5881976294968,-36.03520010499989,0 -72.58820605649679,-36.03516450099988,0 -72.58822181849679,-36.03512904649989,0 -72.58824840399679,-36.03509977099989,0 -72.58828590049677,-36.0350736989999,0 -72.58832321849677,-36.0350535799999,0 -72.5883268834968,-36.03505365499991,0 -72.58840464099679,-36.03503137299986,0 -72.58844553049681,-36.03501430699987,0 -72.5885084304968,-36.03499768699987,0 -72.58855335349685,-36.0349687829999,0 -72.58859067099679,-36.03494866699989,0 -72.5886210124968,-36.03491648449989,0 -72.5886514474968,-36.03488132499989,0 -72.58867445399683,-36.03484899649987,0 -72.58867196849678,-36.03481019299988,0 -72.58867314799683,-36.0347714639999,0 -72.58867171399683,-36.03474908949988,0 -72.58867066099684,-36.03473266199993,0 -72.58866826599677,-36.03469087949986,0 -72.5886583519968,-36.03465490799991,0 -72.58864843899681,-36.03461893699993,0 -72.58863852499681,-36.03458296599987,0 -72.58863228099683,-36.03454706799992,0 -72.58863345866351,-36.03450844933321,0 -72.58864280899679,-36.03447003033323,0 -72.58865398249679,-36.0344372059999,0 -72.58866240799685,-36.03440160399987,0 -72.58867450299681,-36.03436607499987,0 -72.58869393199676,-36.03433069399992,0 -72.58871693899685,-36.03429836699988,0 -72.58873994599682,-36.03426604099985,0 -72.5887629519968,-36.03423371299991,0 -72.58878595899682,-36.03420138099989,0 -72.58880905699685,-36.03416607399987,0 -72.58883206399682,-36.03413374549987,0 -72.58885864799683,-36.03410446999987,0 -72.58886707399687,-36.03406886799988,0 -72.58887550049681,-36.03403326499989,0 -72.58888392599681,-36.03399766299986,0 -72.58889235199682,-36.0339620604999,0 -72.5889007779968,-36.03392645849988,0 -72.58890562999682,-36.03388780599988,0 -72.58891047499681,-36.03384914699986,0 -72.58891890299684,-36.03381354399988,0 -72.58892374999681,-36.03377488999988,0 -72.58893584399682,-36.03373936049985,0 -72.58895527399683,-36.03370398199984,0 -72.5889747249968,-36.0336742474999,0 -72.58897837199683,-36.03366867199986,0 -72.58901219999677,-36.03364252299986,0 -72.58901416399682,-36.03364171599986,0 -72.58906051799681,-36.03362262799987,0 -72.58909792349684,-36.03359953199988,0 -72.58913881499676,-36.03358246999988,0 -72.58914248499678,-36.03358254299991,0 -72.58920398799684,-36.03356350949985,0 -72.58925122699681,-36.0335549239999,0 -72.58930447999685,-36.0335416829999,0 -72.5893518649968,-36.0335283289999,0 -72.58947626799683,-36.03349267299991,0 -72.58951792999683,-36.03347443399989,0 -72.58955401299683,-36.03344654349991,0 -72.58959611099684,-36.03341399999987,0 -72.58962632499681,-36.03338598999989,0 -72.58966269899682,-36.03334856399987,0 -72.58968719099683,-36.0333156689999,0 -72.58971740499682,-36.03328765949987,0 -72.58974189699683,-36.03325476549986,0 -72.58976638899681,-36.03322187099986,0 -72.58979689399679,-36.03318432749989,0 -72.58982710799684,-36.03315631749987,0 -72.58984573099681,-36.03312330549988,0 -72.58987594599684,-36.0330952954999,0 -72.58989456899678,-36.03306228249988,0 -72.5899365589968,-36.03293842449989,0 -72.59006593899683,-36.03276237549989,0 -72.59025131499682,-36.03250698799985,0 -72.5903560189968,-36.03230874749991,0 -72.59043771499682,-36.03211004449985,0 -72.59046288599677,-36.03193157449991,0 -72.59046502799683,-36.03191104849986,0 -72.59046564206012,-36.03190515700422,0 -72.59053423899684,-36.03201574499985,0 -72.59055472299681,-36.03204874399992,0 -72.59054998899688,-36.03209469199988,0 -72.59054514099684,-36.03213334699993,0 -72.59053671599681,-36.03216894999989,0 -72.59052462299681,-36.03220447899985,0 -72.59050519499682,-36.03223986099989,0 -72.5904894329968,-36.03227531499988,0 -72.59046239699687,-36.03231948699987,0 -72.59044663599681,-36.03235494299985,0 -72.59042363099681,-36.03238726899985,0 -72.59040062599681,-36.03241959999989,0 -72.59037761999683,-36.03245192799992,0 -72.59035461399682,-36.03248425199984,0 -72.59033518599684,-36.03251963799991,0 -72.59030851199682,-36.03255189099986,0 -72.59028908299682,-36.03258727099993,0 -72.59026965399683,-36.03262265599992,0 -72.59025022599684,-36.03265803699987,0 -72.59023446499683,-36.03269349199989,0 -72.59021861399681,-36.03273192699987,0 -72.59020652099682,-36.03276745299987,0 -72.59018709099679,-36.03280283799992,0 -72.59016766299682,-36.03283821799987,0 -72.59014456599685,-36.03287352599992,0 -72.59012155999686,-36.0329058509999,0 -72.59009497699684,-36.03293512999991,0 -72.5900683939968,-36.03296440199992,0 -72.59004538799681,-36.03299673199984,0 -72.59002201899683,-36.03304097999992,0 -72.58999901399686,-36.03307330399988,0 -72.58997600699681,-36.03310563399987,0 -72.58995263799686,-36.03314987599986,0 -72.5899368769968,-36.03318533599985,0 -72.58991387099681,-36.03321766499991,0 -72.58988719699684,-36.03324992299989,0 -72.58986061399682,-36.03327919399987,0 -72.58983036199683,-36.0333083959999,0 -72.58977389299682,-36.03335495899992,0 -72.5897400629968,-36.03338110799993,0 -72.58970265799681,-36.03340420099988,0 -72.58966516199679,-36.03343027599988,0 -72.58965773599684,-36.03343310999986,0 -72.58955752299684,-36.03346984499994,0 -72.58952369399684,-36.03349599299986,0 -72.58948628899681,-36.03351908999985,0 -72.58944888399682,-36.03354218899989,0 -72.58941496399679,-36.03357131499988,0 -72.5893846219968,-36.0336034929999,0 -72.58935428099684,-36.03363567499989,0 -72.58932393799685,-36.03366785499989,0 -72.58929735399683,-36.03369712999989,0 -72.58926710299684,-36.03372633599985,0 -72.58924051999682,-36.0337556069999,0 -72.58921384599685,-36.03378786099993,0 -72.58919083899679,-36.03382018999989,0 -72.58917140899678,-36.0338555709999,0 -72.58915564699682,-36.03389102599991,0 -72.58913988599686,-36.03392648399988,0 -72.5891241249968,-36.03396193599988,0 -72.58910836199684,-36.0339973919999,0 -72.5890919649968,-36.03405369999988,0 -72.58908353899683,-36.03408930299985,0 -72.58907511299681,-36.03412490499988,0 -72.58906668799685,-36.03416050799993,0 -72.58904358999678,-36.03419581499987,0 -72.58901333699683,-36.03422501599991,0 -72.58897244599679,-36.0342420799999,0 -72.5889687779968,-36.03424200599989,0 -72.5889200959968,-36.03427381799989,0 -72.58889351199682,-36.03430309199987,0 -72.5888632599968,-36.03433229399985,0 -72.58883649399679,-36.03436752799987,0 -72.58882439999678,-36.03440305699985,0 -72.58881597599679,-36.0344386589999,0 -72.58881112599684,-36.03447731499992,0 -72.58880994499683,-36.03451604399991,0 -72.58880867199683,-36.03455775299992,0 -72.58880749399682,-36.03459648199987,0 -72.58880630999683,-36.03463521099985,0 -72.58880512899681,-36.03467394299988,0 -72.58880396499677,-36.0347121049999,0 -72.58880394799679,-36.03471266999987,0 -72.58880276699682,-36.0347513999999,0 -72.5887973719968,-36.0348079289999,0 -72.58878894599681,-36.03484353199988,0 -72.5887659389968,-36.03487585999988,0 -72.5887393549968,-36.03490513499989,0 -72.58869039899682,-36.03494588399986,0 -72.58865299299681,-36.03496897999985,0 -72.58861916399677,-36.03499512799988,0 -72.5885817599968,-36.03501822399991,0 -72.58854050199682,-36.03504720399989,0 -72.58851391699683,-36.03507647899988,0 -72.58848733499677,-36.03510575399986,0 -72.58846074899679,-36.03513502899988,0 -72.58843407399678,-36.03516728299985,0 -72.58840748999684,-36.03519655799987,0 -72.58838448199683,-36.03522888599986,0 -72.58836505199682,-36.03526426699988,0 -72.5883492909968,-36.0352997219999,0 -72.58833316399684,-36.03534709299986,0 -72.58832106899679,-36.03538262199987,0 -72.58831621999683,-36.03542127699991,0 -72.58830779299677,-36.03545687999986,0 -72.58830661199683,-36.0354956089999,0 -72.58829818499679,-36.03553121199985,0 -72.58828242299685,-36.03556666699991,0 -72.58827032799678,-36.03560219599993,0 -72.58826647899681,-36.0356080799999,0 -72.58826547899679,-36.03564085099989,0 -72.58827905999681,-36.03567689599989,0 -72.58829264099684,-36.03571294199986,0 -72.58831355999679,-36.03574913399989,0 -72.58833456699682,-36.03578234899987,0 -72.58836272899681,-36.0358216679999,0 -72.58838749699683,-36.03585197599991,0 -72.5884085039968,-36.03588519099986,0 -72.58843317999683,-36.03591847799988,0 -72.58845794699683,-36.03594878599989,0 -72.58847519699681,-36.0359849059999,0 -72.58849244599681,-36.03602102499989,0 -72.58850602799683,-36.03605706999986,0 -72.5885195189968,-36.03609609499993,0 -72.58852934299682,-36.03613504499989,0 -72.5885318279968,-36.03617384799988,0 -72.58853789199681,-36.03621570499985,0 -72.58854413699682,-36.03625160199988,0 -72.58855038199681,-36.03628749999994,0 -72.58854920099679,-36.03632622999988,0 -72.58855168899683,-36.03636503199988,0 -72.58855050599682,-36.03640376099988,0 -72.58854932499681,-36.03644249099991,0 -72.58854814599684,-36.03648121999988,0 -72.58854687099685,-36.03652292799989,0 -72.58854568999683,-36.03656165799988,0 -72.58855560599682,-36.03659762999985,0 -72.58857285299682,-36.03663374799986,0 -72.58859386099684,-36.03666696299987,0 -72.58861486999677,-36.03670017599989,0 -72.58862845099682,-36.03673622099993,0 -72.58863469699679,-36.03677211999988,0 -72.58863351599678,-36.03681084699989,0 -72.58863233599681,-36.0368495789999,0 -72.58863097399679,-36.0368942659999,0 -72.58863345799685,-36.03693306899987,0 -72.58863594399681,-36.03697186999989,0 -72.5886421899968,-36.0370077689999,0 -72.58864467699685,-36.03704657299991,0 -72.58864716399682,-36.03708537599991,0 -72.58864598299684,-36.03712410199989,0 -72.58864570999683,-36.03713304299987,0 -72.58864801399682,-36.03717780499992,0 -72.58864655999685,-36.03722547099989,0 -72.58864877799681,-36.0372732119999,0 -72.58865126199683,-36.03731201499989,0 -72.5886537479968,-36.03735081799989,0 -72.58865999299681,-36.03738671199988,0 -72.58866623899681,-36.03742261099993,0 -72.58866872699681,-36.03746141599986,0 -72.58867497099682,-36.03749731399991,0 -72.58867745799684,-36.03753611699989,0 -72.58867994799682,-36.03757491999988,0 -72.5886861919968,-36.03761081399995,0 -72.58868867699681,-36.03764961899986,0 -72.5886911639968,-36.0376884239999,0 -72.58869740899679,-36.0377243219999,0 -72.58870365499679,-36.03776021999989,0 -72.58870990399683,-36.03779611699986,0 -72.58871184299683,-36.03785279399989,0 -72.5887217569968,-36.03788876499991,0 -72.58873166999679,-36.03792473599987,0 -72.58874158399684,-36.03796071099987,0 -72.58875149699684,-36.03799668199986,0 -72.58876507899681,-36.03803272699989,0 -72.58877866099684,-36.03806877199985,0 -72.58878490599682,-36.03810466999991,0 -72.5887911549968,-36.03814056799984,0 -72.58878997099684,-36.03817929399989,0 -72.58879621699681,-36.03821519299988,0 -72.58880979899683,-36.03825123499988,0 -72.58883080799677,-36.03828445299987,0 -72.58884438999678,-36.03832049599986,0 -72.58885063499677,-36.03835639499987,0 -72.5888505439968,-36.0383593729999,0 -72.5888702809968,-36.03843429799986,0 -72.58888386299681,-36.03847034299991,0 -72.58890853999681,-36.03850363099986,0 -72.58892954899683,-36.03853684299985,0 -72.5889505589968,-36.03857005799988,0 -72.5889714769968,-36.0386062479999,0 -72.58899248599683,-36.03863946499987,0 -72.5889987339968,-36.03867536299987,0 -72.58900855499682,-36.03871431299993,0 -72.58901104099684,-36.03875311799988,0 -72.58901352899684,-36.03879191799988,0 -72.58901968299686,-36.03883079899988,0 -72.5890185019968,-36.0388695249999,0 -72.58901365299681,-36.03890818399989,0 -72.58900880399682,-36.03894683599987,0 -72.5890038629968,-36.03898846999991,0 -72.58899543699683,-36.03902407599986,0 -72.58898334199687,-36.03905960199992,0 -72.58897491499681,-36.03909520799991,0 -72.5889700659968,-36.03913385999991,0 -72.58896888599681,-36.03917259299988,0 -72.5889677029968,-36.03921131799991,0 -72.58897394999681,-36.03924721599986,0 -72.58898019499681,-36.03928311399989,0 -72.58898644099681,-36.03931901199989,0 -72.58899268599683,-36.03935491099985,0 -72.58900259999679,-36.03939088199986,0 -72.58901985099681,-36.0394269999999,0 -72.58904086099683,-36.03946021399986,0 -72.58905444299685,-36.03949625899986,0 -72.5890716939968,-36.03953237699989,0 -72.58909646099681,-36.0395626859999,0 -72.58911746999682,-36.03959589999991,0 -72.58915342499684,-36.03962047099989,0 -72.58918947299679,-36.0396420649999,0 -72.58923679299684,-36.03965493899992,0 -72.58928044799679,-36.03966774099984,0 -72.58932025199682,-36.03968642799987,0 -72.5893638149968,-36.03970220999989,0 -72.58940746999681,-36.03971501199987,0 -72.58941113799682,-36.03971508599988,0 -72.58949083999683,-36.03974947999989,0 -72.58953064299683,-36.03976816699986,0 -72.58957420699684,-36.03978394699988,0 -72.58961025199682,-36.03980554199989,0 -72.58964996599681,-36.03982720599991,0 -72.58968216199679,-36.03985468199992,0 -72.58970693099681,-36.03988499199991,0 -72.58972784999682,-36.03992118599984,0 -72.5897414319968,-36.03995722799991,0 -72.58975134699685,-36.03999319999989,0 -72.58975759299685,-36.04002909799991,0 -72.58977117499684,-36.04006514299989,0 -72.58977742199684,-36.0401010409999,0 -72.58978366799683,-36.04013693799988,0 -72.5897935819968,-36.04017290999985,0 -72.58980349599682,-36.04020888199989,0 -72.58982074799681,-36.04024499999989,0 -72.58983432999679,-36.04028104599985,0 -72.58985158199684,-36.04031716399988,0 -72.58985782699685,-36.04035306199993,0 -72.5898788369968,-36.04038627599988,0 -72.58990360599684,-36.04041658399993,0 -72.58993571199684,-36.04044703999989,0 -72.58997900299684,-36.04047175799986,0 -72.59002668999685,-36.04047271699988,0 -72.59007107199685,-36.04046168599992,0 -72.59011196599684,-36.04044462199991,0 -72.59015625799684,-36.0404365699999,0 -72.59020385199686,-36.04044050799985,0 -72.5902476899968,-36.0404473509999,0 -72.59029546699682,-36.04044533099989,0 -72.5903363619968,-36.04042826699988,0 -72.59037386099683,-36.0404021929999,0 -72.59041117899685,-36.04038207699989,0 -72.59044849599684,-36.04036195999987,0 -72.59050021399682,-36.04035107499988,0 -72.59054450499683,-36.04034302299988,0 -72.59058879599684,-36.04033497099987,0 -72.59063326799681,-36.04032095999985,0 -72.59067774099684,-36.04030694899989,0 -72.59071514899685,-36.04028385499988,0 -72.5907489789968,-36.04025770399991,0 -72.5907755639968,-36.04022842899985,0 -72.59080581899683,-36.04019922699987,0 -72.59083982999684,-36.04016711899991,0 -72.59083992099684,-36.04016413999992,0 -72.59087099199682,-36.04010812599993,0 -72.59088675399687,-36.04007267099986,0 -72.59090976199678,-36.04004034399986,0 -72.59093277099683,-36.04000801399986,0 -72.59096356799685,-36.03996093599988,0 -72.59097932999686,-36.03992548099991,0 -72.59100233799685,-36.03989315299987,0 -72.59102892299686,-36.03986387799988,0 -72.59105917699682,-36.03983467599988,0 -72.59108942999681,-36.03980547399991,0 -72.59112335199681,-36.03977634599991,0 -72.5911571809968,-36.03975019699987,0 -72.59119449699686,-36.03973008199988,0 -72.59123539399681,-36.03971301599989,0 -72.59127628799682,-36.03969595099988,0 -72.59131360499683,-36.03967583399989,0 -72.59135807599685,-36.03966182299985,0 -72.5914026389968,-36.03964483299993,0 -72.59144702099682,-36.03963380099987,0 -72.59149479399683,-36.0396317799999,0 -72.59153908699685,-36.0396237269999,0 -72.59158686399682,-36.03962170699987,0 -72.59164188599688,-36.0396228119999,0 -72.59168957199687,-36.03962377299984,0 -72.59173734899684,-36.0396217499999,0 -72.59178182099684,-36.03960773799985,0 -72.59182656499682,-36.03958478999991,0 -72.59185681799687,-36.03955558699992,0 -72.59188349299681,-36.03952333299986,0 -72.59190659199686,-36.0394880269999,0 -72.59192959799684,-36.03945569599992,0 -72.59195269699681,-36.03942038799988,0 -72.59197928099681,-36.03939111199985,0 -72.59200228799686,-36.03935878499988,0 -72.59202886899686,-36.03932950999985,0 -72.59205197099685,-36.03929419899987,0 -72.59207873699685,-36.03925896799989,0 -72.59210174399688,-36.03922663699993,0 -72.59211750399683,-36.03919118199988,0 -72.59213693299685,-36.03915579899991,0 -72.59215994199683,-36.03912347099987,0 -72.59218294899685,-36.03909114199988,0 -72.59220604699685,-36.03905583399989,0 -72.59222905399683,-36.03902350599989,0 -72.59225205899683,-36.0389911769999,0 -72.59227506599683,-36.03895884799988,0 -72.59227139999685,-36.03895877299988,0 -72.59233099499687,-36.0389301609999,0 -72.59237573999683,-36.03890721199986,0 -72.59241305699685,-36.03888709499992,0 -72.59245046399685,-36.03886399899991,0 -72.59248071699686,-36.03883479899985,0 -72.59249280899684,-36.03879926699989,0 -72.59250132399683,-36.03876068199987,0 -72.59249883699688,-36.0387218779999,0 -72.59249258899682,-36.03868598599985,0 -72.59246781999684,-36.03865567499989,0 -72.59244304999683,-36.03862536999986,0 -72.59241470399682,-36.03859200799988,0 -72.59240845599685,-36.03855610999989,0 -72.59242054699683,-36.03852058199991,0 -72.59245080099684,-36.03849137999989,0 -72.59248811399685,-36.03847125999989,0 -72.59251863999685,-36.03843311999987,0 -72.59254164699684,-36.03840079399989,0 -72.59255373899686,-36.03836526099989,0 -72.59253685299683,-36.03831722999987,0 -72.59250841499689,-36.03828684499985,0 -72.59247997799686,-36.03825646699992,0 -72.59246639499683,-36.03822042099989,0 -72.59246757399683,-36.03818169199989,0 -72.59249415799685,-36.03815241599992,0 -72.59253790099683,-36.03816223799988,0 -72.59258522499685,-36.03817511199988,0 -72.59262878899686,-36.03819089399989,0 -72.59265346799684,-36.03822417999991,0 -72.59268557299684,-36.03825463499987,0 -72.59272913599686,-36.03827041299985,0 -72.59277287799689,-36.03828023299989,0 -72.59281653599685,-36.03829303799989,0 -72.59285248699683,-36.03831760799992,0 -72.59287726099681,-36.03834791399987,0 -72.59289450999685,-36.03838403299992,0 -72.59291552199686,-36.03841724399985,0 -72.59295147899684,-36.03844181399989,0 -72.59299522299686,-36.03845163899984,0 -72.59304281799685,-36.0384555759999,0 -72.59309049899684,-36.03845653099992,0 -72.59317138399685,-36.03845219499988,0 -72.59321576199686,-36.03844116399989,0 -72.59326005399684,-36.03843310699988,0 -72.59330442999686,-36.03842207799991,0 -72.59334871799683,-36.03841401799986,0 -72.5934040119969,-36.0384061879999,0 -72.59344830299689,-36.03839813799991,0 -72.59349259599685,-36.03839008399992,0 -72.59353679099685,-36.0383850049999,0 -72.59358099099688,-36.03837993199988,0 -72.59362876799685,-36.03837791399987,0 -72.59367296599684,-36.0383728389999,0 -72.59371734799686,-36.03836180399986,0 -72.59372101899686,-36.03836187499989,0 -72.59382994999686,-36.03832829499991,0 -72.59387733099686,-36.03831493599992,0 -72.59393073299684,-36.03829693199989,0 -72.59397239599683,-36.03827868999986,0 -72.59401406399685,-36.03826044599989,0 -72.59405572299687,-36.0382422059999,0 -72.59409166099687,-36.03821907899988,0 -72.59413332399686,-36.03820083699989,0 -72.59415781699687,-36.03816794199987,0 -72.59418803399686,-36.03813992999991,0 -72.59420665199683,-36.03810691299987,0 -72.59422527499686,-36.0380739019999,0 -72.59424389699684,-36.03804088999987,0 -72.59426838999684,-36.03800799499987,0 -72.59428701099691,-36.03797498199989,0 -72.59428817399686,-36.03793684299989,0 -72.59428933199683,-36.03789871399992,0 -72.59429049699686,-36.03786058099985,0 -72.59428578599689,-36.03782232899991,0 -72.59428107599683,-36.03778407799988,0 -72.59427636699685,-36.03774582599988,0 -72.59427166199686,-36.03770757499991,0 -72.59426695099691,-36.03766932299988,0 -72.5942565179969,-36.03762618699991,0 -72.59425180999689,-36.03758793599988,0 -72.59424123199688,-36.03754956699986,0 -72.59423652899687,-36.03751131199991,0 -72.5942259499969,-36.03747294399992,0 -72.59420979499687,-36.03742492599988,0 -72.59419319899682,-36.03739120499993,0 -72.59418277099684,-36.03734806599991,0 -72.59417219499689,-36.03730969899988,0 -72.59416161699689,-36.03727133099989,0 -72.59416277299688,-36.03723319499991,0 -72.59416393699685,-36.03719506099986,0 -72.59416509399689,-36.03715692999987,0 -72.59417212399683,-36.03711891499992,0 -72.59417271299687,-36.0370995929999,0 -72.59417329099689,-36.03708078099987,0 -72.59418031399686,-36.03704276499985,0 -72.5941989359969,-36.03700974999986,0 -72.59421755799686,-36.03697673799989,0 -72.59423045499689,-36.03693883999989,0 -72.59424350099688,-36.03689617599988,0 -72.59424364499688,-36.03689140899984,0 -72.59422207399685,-36.03683235599991,0 -72.59423256699689,-36.03679631799989,0 -72.59425238799686,-36.03676237499988,0 -72.59426751999685,-36.03672833699988,0 -72.59428264599688,-36.03669429899986,0 -72.5943001259969,-36.03666030899991,0 -72.59431759999683,-36.03662631899987,0 -72.59433742399688,-36.0365923739999,0 -72.59435730999682,-36.0365565249999,0 -72.59437713199686,-36.03652258199986,0 -72.59438997699688,-36.03648659099988,0 -72.59439342299686,-36.03645041099986,0 -72.59439452399687,-36.03641418399985,0 -72.59439797399688,-36.03637800399989,0 -72.59441081499691,-36.03634201399991,0 -72.59442834899689,-36.03630611599988,0 -72.59445509899683,-36.03627612799991,0 -72.59448414599683,-36.03624809299987,0 -72.59451089199685,-36.03621810399991,0 -72.59453764499688,-36.03618811599993,0 -72.59456439299687,-36.03615812699984,0 -72.59458650699686,-36.03612613699988,0 -72.59460862199688,-36.03609414799985,0 -72.59463308299685,-36.03606220599988,0 -72.59465754699687,-36.03603026299987,0 -72.59467502399684,-36.03599627299988,0 -72.59468786099684,-36.03596028099986,0 -72.59469499199685,-36.03588029499986,0 -72.59469609399686,-36.03584406799985,0 -72.59469638799686,-36.03583453499989,0 -72.59469108199688,-36.03577719299992,0 -72.59468514199689,-36.03574082499988,0 -72.59467450699688,-36.0357043619999,0 -72.59465723799684,-36.03565441199987,0 -72.59464419699688,-36.03561980899985,0 -72.59463373299685,-36.03557762599987,0 -72.59461834499685,-36.0355429759999,0 -72.59460530299684,-36.03550837299986,0 -72.59459226699688,-36.0354737699999,0 -72.59457687499687,-36.03543911999986,0 -72.59456383399684,-36.03540451699988,0 -72.59455079699683,-36.03536991499991,0 -72.59453775499685,-36.03533531199987,0 -72.59452946599689,-36.03529889599985,0 -72.59451883099685,-36.03526243299989,0 -72.59450578899687,-36.03522782999989,0 -72.59449304299689,-36.03518369399993,0 -72.59447999799687,-36.03514909099991,0 -72.59446695699688,-36.03511448799986,0 -72.59445157199686,-36.03507983799989,0 -72.59443388999686,-36.03504323399988,0 -72.59441850199687,-36.03500858399989,0 -72.59440076899689,-36.0349738869999,0 -72.59438068799689,-36.03493914199986,0 -72.59436294799686,-36.03490444499991,0 -72.59434521299688,-36.03486974899987,0 -72.59433217699683,-36.03483514699989,0 -72.59432388799684,-36.0347987289999,0 -72.59431559799687,-36.03476231399986,0 -72.5943120099969,-36.03472599299991,0 -72.59431075999686,-36.03468971999987,0 -72.59431260499684,-36.03467040699985,0 -72.59431311499685,-36.03466501399991,0 -72.59431623599689,-36.03467350699987,0 -72.59434746399687,-36.03470015199989,0 -72.59437593899688,-36.03472934199987,0 -72.59439546099685,-36.03476312199987,0 -72.59441205199685,-36.03479684099988,0 -72.5944286389969,-36.03483056399991,0 -72.59444816599689,-36.03486433999993,0 -72.59447062699684,-36.03489817999985,0 -72.59449014799689,-36.03493195799985,0 -72.59450967399687,-36.03496573699991,0 -72.59452325799685,-36.03500178399989,0 -72.59453684099688,-36.03503782999987,0 -72.59454633199688,-36.03511194599989,0 -72.59454631299685,-36.03511257699992,0 -72.59454495999688,-36.03515722999986,0 -72.59454673099685,-36.03519542199984,0 -72.5945544469969,-36.03523135099988,0 -72.59456509399685,-36.03526733499994,0 -72.59458168499687,-36.03530105499987,0 -72.59461015799684,-36.03533024499993,0 -72.5946386309969,-36.03535943499986,0 -72.59467312199683,-36.0353839749999,0 -72.59470760699688,-36.03540851399989,0 -72.59473439699686,-36.0354313769999,0 -72.59473908699688,-36.03543537899989,0 -72.59477357899689,-36.03545992199989,0 -72.59480505599689,-36.03548678399991,0 -72.59484255399686,-36.03550899999987,0 -72.59486207599687,-36.03554277899989,0 -72.59486685899688,-36.03557864699986,0 -72.5948833749969,-36.03561474999987,0 -72.59490590799687,-36.03564620499987,0 -72.59493122999687,-36.0356824859999,0 -72.59496836699685,-36.03571661999988,0 -72.59497129599687,-36.03571667699987,0 -72.59500886299688,-36.03573650899989,0 -72.59503733899686,-36.03576569899985,0 -72.59506280399691,-36.03579721299987,0 -72.59508232899687,-36.03583099199992,0 -72.59509892099686,-36.03586471299985,0 -72.59510957199684,-36.03590069799986,0 -72.59511076499685,-36.03595795799987,0 -72.59511253999686,-36.03599615099993,0 -72.59512319099684,-36.03603213599985,0 -72.59512789999684,-36.0360703879999,0 -72.59512673999683,-36.03610852099987,0 -72.59512557899684,-36.03614665599985,0 -72.5951156899969,-36.03618222899986,0 -72.59509706699687,-36.03621524299987,0 -72.59506685199689,-36.03624325399991,0 -72.59503950199687,-36.0362737079999,0 -72.59501214799687,-36.0363041609999,0 -72.59498171799686,-36.03633932199993,0 -72.59496016299688,-36.03637227699991,0 -72.59493860799691,-36.03640523199989,0 -72.59491998299684,-36.0364382459999,0 -72.59490422599686,-36.03647370099986,0 -72.59489726899687,-36.03650933399985,0 -72.59489610999687,-36.03654746699988,0 -72.59490382399686,-36.03658339299989,0 -72.59491439999685,-36.03662176299989,0 -72.5949158129969,-36.03667187299988,0 -72.59491465399687,-36.03671000599988,0 -72.59491055699688,-36.03674808099989,0 -72.59490059399685,-36.03678603799992,0 -72.59489363699689,-36.03682167099987,0 -72.59488081099688,-36.03685718499989,0 -72.59486219299687,-36.03689019999985,0 -72.59484356799689,-36.03692321199986,0 -72.59481914999685,-36.0369537259999,0 -72.59479473199686,-36.03698423599989,0 -72.59476165599688,-36.03700980699989,0 -72.59473144299687,-36.03703781699988,0 -72.59469220399686,-36.03707280099984,0 -72.59469181399689,-36.03707482299989,0 -72.59468524799685,-36.03710843199988,0 -72.5946811529969,-36.03714650999991,0 -72.59467835699688,-36.03717250799986,0 -72.59467705799689,-36.03718458499986,0 -72.59468763999685,-36.03722295399989,0 -72.59469056999684,-36.03722301199986,0 -72.59470716699686,-36.03725673299991,0 -72.59472889599685,-36.03731440399985,0 -72.59473932899688,-36.0373575379999,0 -72.59475885599687,-36.0373913199999,0 -72.59476950699685,-36.03742730499988,0 -72.5947861019969,-36.03746102599985,0 -72.59479674799685,-36.03749701199991,0 -72.59481334099684,-36.03753073099988,0 -72.59482964099688,-36.03757398599991,0 -72.59484623599685,-36.03760770599984,0 -72.59485688199688,-36.03764369199988,0 -72.59486460099686,-36.03767961899985,0 -72.59486637299688,-36.03771781199988,0 -72.59487115799686,-36.03775367999987,0 -72.5948788699969,-36.0377896059999,0 -72.59488365099685,-36.03782547399987,0 -72.59489430099686,-36.03786145999991,0 -72.59490495099686,-36.03789744599991,0 -72.59490973499689,-36.03793331399988,0 -72.59491415299688,-36.03798109799988,0 -72.5949129909969,-36.03801923299989,0 -72.59491476499687,-36.03805742499986,0 -72.59491360799686,-36.0380955579999,0 -72.59490635999687,-36.03814072399985,0 -72.59489346099684,-36.03817862199985,0 -72.59488063699685,-36.03821413699989,0 -72.59486780899687,-36.03824965199988,0 -72.59486085199684,-36.0382852839999,0 -72.59485969199689,-36.03832341799988,0 -72.59485559699689,-36.03836148799986,0 -72.59485443699687,-36.03839962299989,0 -72.59485117299687,-36.03841206899992,0 -72.59484591699689,-36.03843208599992,0 -72.59484533099686,-36.03843431399986,0 -72.59484447449687,-36.03843758249987,0 -72.59484440199687,-36.03843996299985,0 -72.59481132799688,-36.03846553099987,0 -72.59476393799686,-36.03847889249987,0 -72.59471698799683,-36.03847794899988,0 -72.59464655799687,-36.03847653649986,0 -72.59460292549689,-36.03847566049989,0 -72.59459667099685,-36.0384755339999,0 -72.59454077049683,-36.03847918099992,0 -72.59450483149686,-36.0385023094999,0 -72.59450113049682,-36.03850712049987,0 -72.59446509099688,-36.03855397299989,0 -72.59444646599682,-36.03858699149987,0 -72.59443951049684,-36.0386226234999,0 -72.59441773449686,-36.03866272749986,0 -72.59440197399685,-36.03869818449988,0 -72.59438622499687,-36.03871933749985,0 -72.59437748249684,-36.03873107949988,0 -72.59434726799685,-36.0387590854999,0 -72.59430832099684,-36.03878454149989,0 -72.59426930249685,-36.03881237449989,0 -72.59422771299684,-36.0388282364999,0 -72.5941832619969,-36.03884164949989,0 -72.59413895499682,-36.03885030149987,0 -72.59407696449688,-36.03886098249988,0 -72.59403280199683,-36.03886486149986,0 -72.59401631249688,-36.03886536899986,0 -72.59398577849686,-36.03886630249986,0 -72.59394161649686,-36.03887018549992,0 -72.59387382949686,-36.0388783634999,0 -72.59381176999685,-36.03889142549986,0 -72.59376760899687,-36.03889530949988,0 -72.59372337249685,-36.03890157799989,0 -72.59367019249684,-36.03891243449988,0 -72.59361856099683,-36.0389197484999,0 -72.59361120849685,-36.03892078649991,0 -72.59356696949686,-36.03892705499987,0 -72.59352259349684,-36.0389380854999,0 -72.59347527499688,-36.03894905949989,0 -72.59343097049687,-36.03895770849989,0 -72.59338658799685,-36.03896874399988,0 -72.59333325849683,-36.03898436449987,0 -72.59329166999684,-36.03900022649987,0 -72.59324993449682,-36.03902084749989,0 -72.59323928549686,-36.0390243064999,0 -72.59320841549685,-36.03903432249991,0 -72.59316682049683,-36.03905018299987,0 -72.59311950899684,-36.03906115449987,0 -72.59305767749682,-36.03908284449991,0 -72.59294374849685,-36.03911157349989,0 -72.59286337149682,-36.03913184849986,0 -72.59286188199681,-36.03913229549988,0 -72.59283645749683,-36.03914199099987,0 -72.59282029349683,-36.03914815149989,0 -72.59276638299683,-36.03918284149989,0 -72.59274776049686,-36.03921585799986,0 -72.59272612599688,-36.03925119499991,0 -72.59272620349684,-36.03924880849987,0 -72.59270178349684,-36.03927932049988,0 -72.59268308549682,-36.03931471649987,0 -72.59266446349685,-36.03934773249988,0 -72.59264870249686,-36.0393831864999,0 -72.59263007949686,-36.03941619849987,0 -72.59261431549683,-36.03945165699987,0 -72.59259547399688,-36.03949181949985,0 -72.59257391649685,-36.03952477149992,0 -72.59255521949684,-36.03956016749989,0 -72.59252750549685,-36.0396025384999,0 -72.59250888049681,-36.0396355504999,0 -72.59248732199683,-36.03966850449991,0 -72.59246290549684,-36.03969901649989,0 -72.59245676049684,-36.0397047124999,0 -72.59245528999683,-36.03970607549986,0 -72.59244056049687,-36.03971973049988,0 -72.59243268749684,-36.03972702649989,0 -72.59240247149684,-36.03975503749987,0 -72.59236631349684,-36.03978531349986,0 -72.59233030149684,-36.03981082349987,0 -72.59229156949685,-36.03982912349989,0 -72.59223208149685,-36.03985416049988,0 -72.59223215099681,-36.03985177749988,0 -72.59218784099684,-36.03986042649988,0 -72.59214346399686,-36.03987146049989,0 -72.59209922799684,-36.03987772549987,0 -72.59205499299684,-36.03988399149989,0 -72.59201082899689,-36.03988787149985,0 -72.59196358499682,-36.03989646449986,0 -72.59191942299681,-36.03990034349988,0 -72.59186359399681,-36.03990160649989,0 -72.59181356199682,-36.03990537399988,0 -72.59176939799686,-36.03990925249988,0 -72.59173325399679,-36.03991243149989,0 -72.59172523549681,-36.03991313649991,0 -72.59168099899685,-36.03991940049986,0 -72.59168007499683,-36.03991953249991,0 -72.59163676399683,-36.03992566549988,0 -72.59159259999679,-36.0399295504999,0 -72.5915480729968,-36.03994534749989,0 -72.59149188349686,-36.03995852649988,0 -72.5914475744968,-36.03996717449986,0 -72.59140598099683,-36.03998303249989,0 -72.59136431599686,-36.04000127349986,0 -72.59132837299683,-36.0400244004999,0 -72.59129522449683,-36.04005235049987,0 -72.5912678699968,-36.04008280449989,0 -72.59126083699687,-36.04012082049986,0 -72.59125387999678,-36.04015645049987,0 -72.59125858699683,-36.0401947014999,0 -72.59127019399685,-36.0402147834999,0 -72.59127811199686,-36.04022848149987,0 -72.59131252799683,-36.04025540849988,0 -72.59133506049686,-36.04028686149985,0 -72.59134864199683,-36.04032290749987,0 -72.59135442999681,-36.04034985949988,0 -72.59135635699685,-36.04035883349985,0 -72.59135812999683,-36.04039702649987,0 -72.59135117099682,-36.0404326614999,0 -72.59133240199682,-36.04047043849989,0 -72.59129367099683,-36.0404887384999,0 -72.5912492179968,-36.04050215349989,0 -72.59120490599683,-36.04051080249985,0 -72.59116433799684,-36.04052088649987,0 -72.59113389799685,-36.0405284534999,0 -72.59109230699683,-36.04054431149986,0 -72.59104195399684,-36.0405585604999,0 -72.59103966499683,-36.04055660749987,0 -72.59099506049684,-36.04055571049985,0 -72.59095016299685,-36.04056434749987,0 -72.59090755699683,-36.04057493949988,0 -72.59086477699682,-36.04059124849987,0 -72.59081941499684,-36.04061513749985,0 -72.59081736699684,-36.04061711449987,0 -72.5907903719968,-36.04064317149987,0 -72.59076590699684,-36.04067511349988,0 -72.59074802799685,-36.0407009734999,0 -72.59074378999682,-36.04070710149989,0 -72.59073329599684,-36.04074313949987,0 -72.59072749599683,-36.04077927249988,0 -72.59072639199681,-36.04081549949986,0 -72.59072568899683,-36.04083856049991,0 -72.59072552999683,-36.04084378249988,0 -72.59072528649685,-36.04085172549988,0 -72.59072418299681,-36.0408879524999,0 -72.59072307899683,-36.04092418049986,0 -72.59072197499684,-36.04096040749988,0 -72.59072545049683,-36.0410005414999,0 -72.59073373599684,-36.04103695649986,0 -72.59073915199681,-36.0410904859999,0 -72.5907390939968,-36.04109239249987,0 -72.59073798949684,-36.04112861999987,0 -72.59073424799683,-36.0411743314999,0 -72.5907237509968,-36.04121036949988,0 -72.59071325699684,-36.04124640749986,0 -72.59070510999685,-36.04128249299989,0 -72.5906969629968,-36.0413185789999,0 -72.59068646899686,-36.04135461699985,0 -72.59068059099681,-36.0413685259999,0 -72.59067127949682,-36.04139056099992,0 -72.59064892899683,-36.04143017599988,0 -72.59061759499681,-36.04145625599988,0 -72.59057692799684,-36.04148023999988,0 -72.59054330599682,-36.04150436599986,0 -72.59052118899682,-36.04153635399985,0 -72.59050834599682,-36.04157234499986,0 -72.59050254599681,-36.04160847799991,0 -72.59050573099685,-36.04165814599986,0 -72.59050462649682,-36.0416943729999,0 -72.59049636299686,-36.0417342709999,0 -72.59047653399685,-36.04176821299989,0 -72.59044748999681,-36.04179624699987,0 -72.59040699899681,-36.04181451099991,0 -72.59036439199681,-36.04182510199985,0 -72.59031714699688,-36.04183369099987,0 -72.59027225099682,-36.04184232799985,0 -72.59023113799684,-36.04184325699989,0 -72.5902275869968,-36.04184333699988,0 -72.59018298099687,-36.04184243999986,0 -72.5901385489968,-36.04183582299987,0 -72.59012739499683,-36.04183416099991,0 -72.59009411799684,-36.0418292059999,0 -72.59004968599683,-36.0418225879999,0 -72.5900050799968,-36.04182169099988,0 -72.58996464599684,-36.0418380489999,0 -72.5899287339968,-36.04186022099989,0 -72.58989963099683,-36.04189016099986,0 -72.58989651399682,-36.04189450599991,0 -72.58987264299681,-36.04192777499987,0 -72.5898699469968,-36.04193916799991,0 -72.5898524669968,-36.04197315799985,0 -72.58984431899684,-36.04200924299991,0 -72.58984086599682,-36.04204542199989,0 -72.58983506699681,-36.0420815539999,0 -72.58983396199683,-36.04211778099988,0 -72.5898326009968,-36.04212924999987,0 -72.58983163199679,-36.04225528849987,0 -72.58985050299681,-36.04236151649985,0 -72.5898585729968,-36.04238919049988,0 -72.58987625099678,-36.04242579399988,0 -72.58988688399685,-36.04246225799991,0 -72.58990696699684,-36.0424970029999,0 -72.58991760099681,-36.0425334654999,0 -72.58994626099678,-36.04259509299987,0 -72.5899462019968,-36.0425969989999,0 -72.58996071799682,-36.04266025049986,0 -72.58997135199681,-36.04269671249988,0 -72.58998198499687,-36.0427331764999,0 -72.59000818199681,-36.04279856949989,0 -72.59002122199681,-36.0428331699999,0 -72.59002715999681,-36.04286954149987,0 -72.5900377939968,-36.04290600449985,0 -72.59003984399683,-36.0429095534999,0 -72.59005787699685,-36.04294074949987,0 -72.59007326499685,-36.04297539899991,0 -72.59009334799684,-36.04301014399987,0 -72.59011583599684,-36.04304303049986,0 -72.59014073099681,-36.04307405649987,0 -72.59017037999681,-36.04310327049986,0 -72.59019762199686,-36.04313434199988,0 -72.5902198199968,-36.04317676199985,0 -72.59022544899685,-36.04319018749988,0 -72.59023514999677,-36.04321331949988,0 -72.59023639299683,-36.0432495909999,0 -72.59023763599683,-36.04328586699992,0 -72.59023647299684,-36.04332400099988,0 -72.59023302099681,-36.0433601789999,0 -72.59022722099679,-36.04339631349989,0 -72.59022611599681,-36.04343253949989,0 -72.59020828799682,-36.04347796899989,0 -72.59018616999683,-36.04350995799988,0 -72.59016500099683,-36.04353038949989,0 -72.59015712499678,-36.04353799149988,0 -72.59012349999684,-36.04356211749988,0 -72.59008300799681,-36.04358037999987,0 -72.59004028399686,-36.04359478399991,0 -72.58999984799681,-36.04361114249986,0 -72.58995718199682,-36.04362363849987,0 -72.58991451599681,-36.04363613549989,0 -72.58987408149684,-36.04365248999989,0 -72.58983364599683,-36.04366884999984,0 -72.58977167499687,-36.04369812949989,0 -72.58973123899683,-36.04371448649988,0 -72.58968851499681,-36.04372888949987,0 -72.58964802199685,-36.04374715449986,0 -72.58961210849681,-36.04376932549988,0 -72.58956433899687,-36.04379507199987,0 -72.5895284249968,-36.04381724649988,0 -72.58949016399681,-36.04383936799986,0 -72.58948234399681,-36.04384289749987,0 -72.58944967199682,-36.04385763249985,0 -72.58944553299685,-36.04386107849988,0 -72.58941833799679,-36.04388371199989,0 -72.58937743699683,-36.04391532349987,0 -72.5893270279968,-36.04395055949987,0 -72.58929111399681,-36.0439727269999,0 -72.58927972099679,-36.04398090099992,0 -72.5892574899968,-36.04399685649986,0 -72.58921459099682,-36.04401697949987,0 -72.58917638699684,-36.04403719199984,0 -72.58914499299684,-36.0440651824999,0 -72.58910890499682,-36.04409307299991,0 -72.58907458299679,-36.04414007599984,0 -72.58906643399676,-36.04417616349985,0 -72.58906737999676,-36.04420380749988,0 -72.58906767599679,-36.04421243849987,0 -72.58907126699683,-36.04424876249988,0 -72.58908430699682,-36.04428336249987,0 -72.58909259199683,-36.04431977749988,0 -72.58910504999683,-36.0443734504999,0 -72.58910499199685,-36.04437535749988,0 -72.58910987899681,-36.04439683599988,0 -72.5891132779968,-36.0444117724999,0 -72.58911898349682,-36.04445576549988,0 -72.58912726999682,-36.0444921814999,0 -72.58913555499682,-36.04452859649987,0 -72.58914853749678,-36.04456510849985,0 -72.58916157599683,-36.04459971049988,0 -72.58916516699681,-36.04463603149989,0 -72.5891664089968,-36.04467230749987,0 -72.58916765199682,-36.04470858299987,0 -72.58916889499683,-36.04474485349988,0 -72.58916515099682,-36.04479056549985,0 -72.58915935099681,-36.04482669849992,0 -72.58914885599685,-36.04486273649986,0 -72.5891336629968,-36.04489868049988,0 -72.58911142799681,-36.04493448049988,0 -72.5890846719968,-36.04496446849986,0 -72.58905562599682,-36.04499250149988,0 -72.58901965449679,-36.04501658299986,0 -72.58900530999682,-36.04502417249989,0 -72.58898144899679,-36.04503679749988,0 -72.58893608499683,-36.04506068649987,0 -72.58886906699679,-36.04510131249987,0 -72.58885187699683,-36.0451257664999,0 -72.58885082999677,-36.04516009049984,0 -72.58884502999679,-36.04519621849987,0 -72.58884469549679,-36.0451997104999,0 -72.58884157599682,-36.04523239849991,0 -72.5888404709968,-36.04526862549991,0 -72.58884635099679,-36.04530689949988,0 -72.58885463599682,-36.04534331849987,0 -72.58886526999682,-36.04537977949985,0 -72.58886679499683,-36.04538321399988,0 -72.5888385419656,-36.04538356734241,0 -72.58883843599683,-36.04538356649989,0 -72.58883833010613,-36.04538356093057,0 -72.58867198599683,-36.04537233299988,0 -72.58860901899683,-36.04536808099991,0 -72.58861869499681,-36.04536154299993,0 -72.58863739399682,-36.04532614699988,0 -72.58865609299683,-36.04529075199986,0 -72.58867479199684,-36.04525535599989,0 -72.5886846859968,-36.04521978299989,0 -72.58867697399684,-36.04518385599987,0 -72.58865594599681,-36.04515123699985,0 -72.58865525499684,-36.04515016799984,0 -72.58863491699682,-36.04511862099985,0 -72.58859605999682,-36.04509279799989,0 -72.58855236699681,-36.04508118699991,0 -72.58851416499684,-36.04510077899987,0 -72.58851209399683,-36.04510183899986,0 -72.58847611299677,-36.04512615599987,0 -72.58842758199685,-36.04512875599991,0 -72.58837904899679,-36.04513135699992,0 -72.58833524699682,-36.0451233209999,0 -72.58829144399681,-36.04511528599989,0 -72.58824785999681,-36.0451000999999,0 -72.5882040569968,-36.04509206199989,0 -72.58816025399682,-36.04508402799985,0 -72.5881119409968,-36.04507947599991,0 -72.58806351799679,-36.04507850199989,0 -72.58801509599681,-36.04507752699987,0 -72.58796590799683,-36.04510157699988,0 -72.58792563399682,-36.04512222999989,0 -72.58788546999686,-36.0451393079999,0 -72.58783704899679,-36.04513833299992,0 -72.58778884299684,-36.04513020799987,0 -72.58772732199681,-36.04512539299989,0 -72.5876787899968,-36.04512799399991,0 -72.58763433699683,-36.04514140599986,0 -72.58758987699679,-36.04515481999989,0 -72.58754541799679,-36.04516823399984,0 -72.58749699899678,-36.04516725899988,0 -72.58745388299675,-36.04515757899986,0 -72.58742699899683,-36.04515154099992,0 -72.58740359199682,-36.04514532099992,0 -72.5874099349968,-36.04513331099989,0 -72.58744591799676,-36.04510899599993,0 -72.58747760199681,-36.04508101499992,0 -72.58751358799681,-36.0450566989999,0 -72.58755374899681,-36.04503962399985,0 -72.58759820699682,-36.04502620799985,0 -72.58764685099682,-36.04502003299993,0 -72.58769108699683,-36.04501376899987,0 -72.58773543299681,-36.04500393099991,0 -72.58777967399682,-36.04499766599985,0 -72.58783293499681,-36.0449844319999,0 -72.58787717799682,-36.0449781659999,0 -72.58792141299682,-36.04497190199988,0 -72.58796575999681,-36.04496206299993,0 -72.58801010799682,-36.04495222599987,0 -72.58808075999681,-36.04494649599986,0 -72.58812918499677,-36.04494746799985,0 -72.58817760599683,-36.04494844099986,0 -72.58822184399681,-36.0449421789999,0 -72.58827037699679,-36.0449395769999,0 -72.58832760299678,-36.0449407319999,0 -72.58833527999678,-36.04494145299986,0 -72.58837592199679,-36.04494528099985,0 -72.58841971999679,-36.04495331499988,0 -72.58842142999681,-36.0449536049999,0 -72.5884679259968,-36.04496143999989,0 -72.5885117279968,-36.04496947499988,0 -72.58856015099678,-36.0449704499999,0 -72.58861297599682,-36.04497151299993,0 -72.58866139899681,-36.04497248699989,0 -72.58870982099683,-36.04497346499991,0 -72.58875417199683,-36.04496362299989,0 -72.58878585599679,-36.04493564299986,0 -72.58879145799683,-36.04489640599987,0 -72.58879265799682,-36.04485708099989,0 -72.58878945599679,-36.04481767099989,0 -72.58878636199685,-36.04477467899989,0 -72.58878756199684,-36.04473535399989,0 -72.58878876199681,-36.04469602799985,0 -72.58878996199678,-36.04465670399986,0 -72.58879116099682,-36.04461737799991,0 -72.58880116599683,-36.04457823399989,0 -72.58881106099682,-36.04454265799993,0 -72.58882975999683,-36.04450726199985,0 -72.58885275099682,-36.04447552999988,0 -72.58887144999683,-36.04444013699989,0 -72.58888134499682,-36.04440456099988,0 -72.58888694699685,-36.04436532499991,0 -72.58888814699682,-36.0443260009999,0 -72.58888494399677,-36.04428658599991,0 -72.58886402799683,-36.04425039799985,0 -72.58882957199684,-36.04422465999988,0 -72.58879049799683,-36.04420598699992,0 -72.58874680599678,-36.04419437799989,0 -72.58870256699684,-36.04420063999989,0 -72.58865821899681,-36.04421047999991,0 -72.58863082599682,-36.04424212299989,0 -72.58860772399683,-36.04427743099993,0 -72.58857174499681,-36.04430174699988,0 -72.58852728699682,-36.04431516199986,0 -72.58851379199679,-36.04431488899988,0 -72.58847886699681,-36.04431418499986,0 -72.58844892299683,-36.04428496499986,0 -72.58844572099682,-36.0442455549999,0 -72.58845132299678,-36.04420631699988,0 -72.58846121999682,-36.0441707419999,0 -72.58848420999684,-36.04413900699989,0 -72.5885201909968,-36.0441146909999,0 -72.58853910999684,-36.04407214899987,0 -72.58853590399679,-36.04403273199991,0 -72.58851487799677,-36.04400011299987,0 -72.58850716299679,-36.04396418899989,0 -72.58851716699681,-36.04392504299989,0 -72.58854762499683,-36.04390942199992,0 -72.58855743999682,-36.04390438999988,0 -72.5885977129968,-36.04388373599989,0 -72.58866396199684,-36.04387791599987,0 -72.58871238399679,-36.04387889099987,0 -72.58875607699682,-36.04389050099985,0 -72.58879503999681,-36.04391274599988,0 -72.58882498199685,-36.04394196599986,0 -72.58885041199682,-36.04397467499984,0 -72.58888937599681,-36.04399692199985,0 -72.58893768899679,-36.04400146799986,0 -72.58898632999677,-36.04399529099991,0 -72.58902660299682,-36.04397464299992,0 -72.58904970299685,-36.04393933599992,0 -72.58907302199681,-36.04389687799988,0 -72.58907742399683,-36.04389696599989,0 -72.58911340499682,-36.04387264799988,0 -72.58913639499679,-36.04384091799991,0 -72.58915938699684,-36.04380918399992,0 -72.58918677999679,-36.04377754199988,0 -72.58920977199683,-36.04374581099993,0 -72.58922406799682,-36.04371032299989,0 -72.5892339629968,-36.04367475299989,0 -72.58923956399681,-36.04363551599992,0 -72.5892494589968,-36.04359994099985,0 -72.58927255899681,-36.04356463599987,0 -72.58930424499682,-36.04353665599989,0 -72.58933593099681,-36.04350867499988,0 -72.58936761799681,-36.04348069399986,0 -72.58939930399681,-36.04345271299988,0 -72.5894266979968,-36.04342106999986,0 -72.58945849299684,-36.04338951599987,0 -72.5894814849968,-36.04335778299986,0 -72.58951779099685,-36.04332274099988,0 -72.58953648899677,-36.04328734599989,0 -72.5895507849968,-36.04325186299985,0 -72.5895563869968,-36.04321262499988,0 -72.58955769499683,-36.04316972499987,0 -72.58954557999685,-36.04313370999989,0 -72.58952906099685,-36.04309760099991,0 -72.58951254499685,-36.04306149999984,0 -72.58950042799685,-36.04302548299992,0 -72.58948831299685,-36.04298946599988,0 -72.58947619799685,-36.04295345399988,0 -72.58946408099678,-36.04291743799984,0 -72.58944756399679,-36.04288133399993,0 -72.58943544799681,-36.04284531799991,0 -72.5894189309968,-36.04280921099986,0 -72.58938447899682,-36.04278347999986,0 -72.58934551499684,-36.04276123299988,0 -72.58930193199681,-36.04274604799986,0 -72.58925361899684,-36.04274149899987,0 -72.58920916399686,-36.04275491299992,0 -72.58920144999684,-36.04271898499989,0 -72.58922444299681,-36.04268725399988,0 -72.58926471299681,-36.04266659999985,0 -72.58931775499683,-36.0426605129999,0 -72.58936210099685,-36.04265067299985,0 -72.58940248199681,-36.04262644599988,0 -72.58941237699679,-36.04259086999988,0 -72.58941379399684,-36.04254439699987,0 -72.58939727699682,-36.0425082909999,0 -72.58937624799682,-36.0424756759999,0 -72.5893685339968,-36.04243974799988,0 -72.58936092999683,-36.04240024599989,0 -72.5893622389968,-36.04235734599984,0 -72.58935903599679,-36.04231793199992,0 -72.5893602349968,-36.0422786069999,0 -72.58936583699685,-36.04223937099989,0 -72.58937285599679,-36.04215365799987,0 -72.58938296699687,-36.04211093499988,0 -72.58938856899682,-36.04207169799987,0 -72.5893897699968,-36.04203237299987,0 -72.58939096799682,-36.04199304899987,0 -72.58939216699682,-36.04195372299989,0 -72.58939336699679,-36.04191439799988,0 -72.58939456599684,-36.04187507299986,0 -72.58938685199681,-36.04183914599989,0 -72.5893747369968,-36.04180312999993,0 -72.58934039399682,-36.0417738219999,0 -72.58929197399685,-36.04177284799992,0 -72.58925181099681,-36.04178992499988,0 -72.58921583399678,-36.04181424199991,0 -72.58917566999682,-36.04183131999988,0 -72.5891439849968,-36.04185929999988,0 -72.58911229799681,-36.04188728099985,0 -72.58908050399684,-36.04191883499987,0 -72.58904452499681,-36.04194315199988,0 -72.58900854699682,-36.04196746899989,0 -72.58896827499679,-36.04198812199989,0 -72.58892811199682,-36.04200519899984,0 -72.58885207999683,-36.04204301899991,0 -72.58881191799679,-36.04206009699988,0 -72.58878549699682,-36.04207133199986,0 -72.5887717559968,-36.04207717399988,0 -72.58874391399681,-36.0420890129999,0 -72.58873159299682,-36.04209425299985,0 -72.58870245699678,-36.04210219899991,0 -72.58868273599681,-36.04210757799989,0 -72.58863933599679,-36.04212067399988,0 -72.58863827999683,-36.04212099099988,0 -72.58859800699682,-36.04214164599992,0 -72.58855773499681,-36.04216229799989,0 -72.5885175749968,-36.04217937599986,0 -72.58847311899677,-36.04219278999991,0 -72.58842877099683,-36.04220262899987,0 -72.5883844239968,-36.04221246999986,0 -72.58834007799685,-36.04222230799988,0 -72.58829584099679,-36.04222857199989,0 -72.5882473099968,-36.04223117299991,0 -72.58819888899677,-36.04223019899987,0 -72.5881503629968,-36.04223279899988,0 -72.58809753999682,-36.04223173599986,0 -72.58802721399678,-36.04222674299992,0 -72.58798363299678,-36.04221155699989,0 -72.58793994299681,-36.04219994599986,0 -72.58790087199681,-36.0421812729999,0 -72.5878133759968,-36.04216162499989,0 -72.58781348399678,-36.0421580499999,0 -72.58777440999683,-36.04213937799989,0 -72.58773996499681,-36.04211364399988,0 -72.5876706199968,-36.04207647599986,0 -72.5876316619968,-36.04205422699988,0 -72.58759258899684,-36.04203555599989,0 -72.58755182699679,-36.04202472299988,0 -72.58754889899679,-36.04202394499989,0 -72.58750080099681,-36.04201224499986,0 -72.5874569999968,-36.0420042079999,0 -72.58740891099677,-36.04199250899993,0 -72.58736048599678,-36.04199153399988,0 -72.5873162479968,-36.04199779799993,0 -72.58727608499682,-36.0420148749999,0 -72.58723592199684,-36.0420319519999,0 -72.58716494599679,-36.04204840899985,0 -72.58711652899676,-36.04204743299992,0 -72.58706810499679,-36.04204645899991,0 -72.58701968299681,-36.04204548399989,0 -72.58697137399679,-36.04204093399991,0 -72.58692295099678,-36.04203995899986,0 -72.58687871299679,-36.04204622299989,0 -72.5868341479968,-36.04206321199988,0 -72.58679398599679,-36.04208028799987,0 -72.58675801099677,-36.04210460499985,0 -72.58671784499683,-36.04212168099986,0 -72.58668186299677,-36.04214599699986,0 -72.58665017799679,-36.04217397799987,0 -72.58662278199682,-36.04220562099992,0 -72.58659109599681,-36.04223359899989,0 -72.5865551179968,-36.0422579159999,0 -72.58651913699677,-36.0422822299999,0 -72.58647897499677,-36.04229930899987,0 -72.58647790999679,-36.04229765699991,0 -72.58645794899677,-36.04226668799987,0 -72.58648534099676,-36.04223504699985,0 -72.58650832999676,-36.04220331599986,0 -72.58654002099675,-36.04217533699993,0 -72.58657599899681,-36.04215101799986,0 -72.58662045199678,-36.0421376059999,0 -72.5866232719968,-36.04213622699991,0 -72.58666964099677,-36.04211355699987,0 -72.58670132899681,-36.04208557699987,0 -72.58671005799681,-36.04207967799989,0 -72.58673730799676,-36.04206126099992,0 -72.58677328699679,-36.04203694499993,0 -72.58681773999679,-36.04202353099988,0 -72.58686208899678,-36.04201369299992,0 -72.58690632699683,-36.04200742899988,0 -72.58692159099678,-36.04200773699993,0 -72.58695475099681,-36.0420084029999,0 -72.58695671499682,-36.04200796699987,0 -72.58699909199677,-36.04199856599987,0 -72.5870117339968,-36.04199319099988,0 -72.58703925499681,-36.04198148899987,0 -72.58707942599682,-36.04196441199986,0 -72.58711958699679,-36.04194733399986,0 -72.58715974999676,-36.04193025699991,0 -72.58719990599678,-36.04191317799984,0 -72.58724436199681,-36.04189976599987,0 -72.58728859899679,-36.04189350199989,0 -72.58733294899676,-36.04188366299985,0 -72.58738148099681,-36.04188106399992,0 -72.58742989699684,-36.04188203799986,0 -72.58747369699684,-36.04189007399987,0 -72.58752619799681,-36.04190186299984,0 -72.58757836499677,-36.04192437499989,0 -72.58762194799682,-36.04193956299989,0 -72.58766101499681,-36.04195823499987,0 -72.58770471199684,-36.04196984599985,0 -72.58774829299682,-36.04198503199991,0 -72.58778736099681,-36.04200370499989,0 -72.5878311639968,-36.04201174099992,0 -72.58787485499681,-36.0420233509999,0 -72.5879185469968,-36.0420349629999,0 -72.5879623509968,-36.04204299899987,0 -72.58800614799677,-36.04205103499987,0 -72.58804994899681,-36.0420590709999,0 -72.58809375399684,-36.04206710599988,0 -72.58813755199679,-36.04207514299987,0 -72.58818135199682,-36.04208317899985,0 -72.5882603689968,-36.04209192499988,0 -72.58830416899681,-36.04209995999989,0 -72.58839242699679,-36.0420945819999,0 -72.58839682899682,-36.04209467099989,0 -72.58844117699681,-36.04208483099993,0 -72.58848563399681,-36.04207141699988,0 -72.58853008499683,-36.04205800299985,0 -72.58857024799684,-36.04204092499987,0 -72.58861481299684,-36.04202393599987,0 -72.58865497499681,-36.04200685799989,0 -72.58869943399679,-36.04199344399991,0 -72.58874377699684,-36.04198360499987,0 -72.58878812399678,-36.04197376499987,0 -72.58883247099682,-36.04196392599988,0 -72.58887263199684,-36.04194684799989,0 -72.58891290399684,-36.0419261949999,0 -72.58895328499682,-36.04190196699991,0 -72.5889892629968,-36.04187765099988,0 -72.58901678299682,-36.04185875399985,0 -72.58902975299684,-36.04184984799989,0 -72.58906584099682,-36.04182195599989,0 -72.58910181899684,-36.04179763999985,0 -72.58913790699683,-36.04176974799986,0 -72.58916803499686,-36.04174646199987,0 -72.58917399399681,-36.04174185599987,0 -72.58920567999678,-36.04171387599985,0 -72.58924176799682,-36.04168598399986,0 -72.58927345299681,-36.04165800399988,0 -72.58930943099681,-36.04163368799988,0 -72.5893498119968,-36.04160945999987,0 -72.58935532399686,-36.04160185199988,0 -72.58937280299683,-36.04157772799988,0 -72.58939160999684,-36.04153875599985,0 -72.5894110709968,-36.04147833599993,0 -72.58941667099683,-36.04143909899988,0 -72.58942227199681,-36.04139986199991,0 -72.5894234719968,-36.04136053799988,0 -72.58941135699681,-36.04132452199988,0 -72.5893814159968,-36.0412953019999,0 -72.58934245299683,-36.04127305399991,0 -72.58930338099681,-36.04125438299985,0 -72.58926441899678,-36.04123213599984,0 -72.58922996699683,-36.04120640199989,0 -72.58919551699684,-36.04118066799986,0 -72.58917448699681,-36.0411480509999,0 -72.58915378599684,-36.04110470799987,0 -72.58914607399683,-36.04106878099989,0 -72.5891295569968,-36.04103267599987,0 -72.58910852799684,-36.04100005899991,0 -72.58908749999685,-36.04096744099984,0 -72.58907538499683,-36.0409314249999,0 -72.5890676729968,-36.04089549799988,0 -72.58905995899683,-36.04085956999993,0 -72.58905224499684,-36.0408236429999,0 -72.58904938899681,-36.04081537799991,0 -72.58907848999681,-36.04082015399991,0 
						</coordinates>
					</LinearRing>
				</outerBoundaryIs>
			</Polygon>
		</Placemark>
		<Placemark>
			<styleUrl>#falseColor</styleUrl>
			<ExtendedData>
				<SchemaData schemaUrl="#S_UsoSuelo_SDSDDD">
					<SimpleData name="OBJECTID">595031820</SimpleData>
					<SimpleData name="ZONA">4</SimpleData>
					<SimpleData name="AREA">5</SimpleData>
					<SimpleData name="ID_PREDIO">10728</SimpleData>
					<SimpleData name="NOM_PREDIO">CHAMIZAL</SimpleData>
					<SimpleData name="ID_SECCION">1</SimpleData>
					<SimpleData name="ID_RODAL">0</SimpleData>
					<SimpleData name="TIPO_USO">23</SimpleData>
					<SimpleData name="APL">0</SimpleData>
					<SimpleData name="MPL">0</SimpleData>
					<SimpleData name="SUP_M2">1783.31</SimpleData>
					<SimpleData name="TIPOUSO">CNCH</SimpleData>
					<SimpleData name="PORC_PROP">100</SimpleData>
					<SimpleData name="Shape_Leng">0</SimpleData>
					<SimpleData name="Shape_Area">0</SimpleData>
				</SchemaData>
			</ExtendedData>
			<Polygon>
				<outerBoundaryIs>
					<LinearRing>
						<coordinates>
							-72.58630100699682,-36.04083926899991,0 -72.58634535099678,-36.0408294319999,0 -72.58638551599684,-36.04081235299986,0 -72.58642567399681,-36.04079527599987,0 -72.58646583999676,-36.04077819899987,0 -72.58651018499681,-36.0407683619999,0 -72.58654914799678,-36.04079060899988,0 -72.58657017399678,-36.04082322699988,0 -72.58659560299679,-36.04085593399987,0 -72.58659658999682,-36.0408572049999,0 -72.5866210319968,-36.04088864099986,0 -72.58664205699681,-36.04092125899984,0 -72.58666748399681,-36.04095396599987,0 -72.5866838929968,-36.04099364499989,0 -72.5867459439968,-36.04107332099991,0 -72.58642779899679,-36.0413108949999,0 -72.58633432299675,-36.04119050399989,0 -72.58630438899678,-36.04116128499987,0 -72.58628336199678,-36.0411286669999,0 -72.58626233299677,-36.0410960489999,0 -72.5862323949968,-36.04106682799988,0 -72.5862113679968,-36.04103420899985,0 -72.58619034099679,-36.04100159099991,0 -72.58616931299679,-36.04096897199989,0 -72.5861616029968,-36.04093304599988,0 -72.58618899599678,-36.04090140299986,0 -72.5862077559968,-36.04089574199989,0 -72.58624080299683,-36.04087166299986,0 -72.58627413399681,-36.04084737699988,0 -72.58630100699682,-36.04083926899991,0 
						</coordinates>
					</LinearRing>
				</outerBoundaryIs>
			</Polygon>
		</Placemark>
		<Placemark>
			<styleUrl>#falseColor</styleUrl>
			<ExtendedData>
				<SchemaData schemaUrl="#S_UsoSuelo_SDSDDD">
					<SimpleData name="OBJECTID">595031840</SimpleData>
					<SimpleData name="ZONA">4</SimpleData>
					<SimpleData name="AREA">5</SimpleData>
					<SimpleData name="ID_PREDIO">10728</SimpleData>
					<SimpleData name="NOM_PREDIO">CHAMIZAL</SimpleData>
					<SimpleData name="ID_SECCION">1</SimpleData>
					<SimpleData name="ID_RODAL">0</SimpleData>
					<SimpleData name="TIPO_USO">23</SimpleData>
					<SimpleData name="APL">0</SimpleData>
					<SimpleData name="MPL">0</SimpleData>
					<SimpleData name="SUP_M2">3037.58</SimpleData>
					<SimpleData name="TIPOUSO">CNCH</SimpleData>
					<SimpleData name="PORC_PROP">100</SimpleData>
					<SimpleData name="Shape_Leng">0</SimpleData>
					<SimpleData name="Shape_Area">0</SimpleData>
				</SchemaData>
			</ExtendedData>
			<Polygon>
				<outerBoundaryIs>
					<LinearRing>
						<coordinates>
							-72.59262803799686,-36.03243003899985,0 -72.59307479799683,-36.03232009099989,0 -72.59331590999687,-36.03234382099987,0 -72.59339537099686,-36.03263628499985,0 -72.59328571299687,-36.03272474199986,0 -72.59306984299684,-36.03278840199989,0 -72.59277668399686,-36.03279384599992,0 -72.59256924699683,-36.03268882799992,0 -72.59258920999685,-36.03260870599988,0 -72.59262025199683,-36.03248411699985,0 -72.59262803799686,-36.03243003899985,0 
						</coordinates>
					</LinearRing>
				</outerBoundaryIs>
			</Polygon>
		</Placemark>
		<Placemark>
			<styleUrl>#falseColor</styleUrl>
			<ExtendedData>
				<SchemaData schemaUrl="#S_UsoSuelo_SDSDDD">
					<SimpleData name="OBJECTID">595031860</SimpleData>
					<SimpleData name="ZONA">4</SimpleData>
					<SimpleData name="AREA">5</SimpleData>
					<SimpleData name="ID_PREDIO">10728</SimpleData>
					<SimpleData name="NOM_PREDIO">CHAMIZAL</SimpleData>
					<SimpleData name="ID_SECCION">1</SimpleData>
					<SimpleData name="ID_RODAL">0</SimpleData>
					<SimpleData name="TIPO_USO">23</SimpleData>
					<SimpleData name="APL">0</SimpleData>
					<SimpleData name="MPL">0</SimpleData>
					<SimpleData name="SUP_M2">3358.28</SimpleData>
					<SimpleData name="TIPOUSO">CNCH</SimpleData>
					<SimpleData name="PORC_PROP">100</SimpleData>
					<SimpleData name="Shape_Leng">0</SimpleData>
					<SimpleData name="Shape_Area">0</SimpleData>
				</SchemaData>
			</ExtendedData>
			<Polygon>
				<outerBoundaryIs>
					<LinearRing>
						<coordinates>
							-72.59182865199683,-36.03363624399989,0 -72.59223077799683,-36.03370626699993,0 -72.59221340999684,-36.03389317599987,0 -72.59221327899682,-36.03389494799992,0 -72.59221318999685,-36.03389672499986,0 -72.59221316999685,-36.03389820099991,0 -72.59221318199683,-36.03389986799991,0 -72.59221702499681,-36.03405070599987,0 -72.59221621499687,-36.0340543379999,0 -72.59219571499685,-36.03414634999989,0 -72.59216340799684,-36.03422077899992,0 -72.59210082599682,-36.03426591899991,0 -72.59197059799685,-36.03429895199989,0 -72.59185603999684,-36.0343005229999,0 -72.59177605199685,-36.03427522799991,0 -72.59168771799686,-36.03421968699985,0 -72.59168474799684,-36.0342179249999,0 -72.59168255099682,-36.0342166939999,0 -72.59167947099682,-36.03421506999985,0 -72.59167794999681,-36.03421433799988,0 -72.59167636799685,-36.03421361299988,0 -72.59163502199685,-36.0341952469999,0 -72.59162517499685,-36.03415569299991,0 -72.59163023699685,-36.03381151599991,0 -72.59173488999686,-36.0337176549999,0 -72.59182865199683,-36.03363624399989,0 
						</coordinates>
					</LinearRing>
				</outerBoundaryIs>
			</Polygon>
		</Placemark>
		<Placemark>
			<styleUrl>#falseColor</styleUrl>
			<ExtendedData>
				<SchemaData schemaUrl="#S_UsoSuelo_SDSDDD">
					<SimpleData name="OBJECTID">595031880</SimpleData>
					<SimpleData name="ZONA">4</SimpleData>
					<SimpleData name="AREA">5</SimpleData>
					<SimpleData name="ID_PREDIO">10728</SimpleData>
					<SimpleData name="NOM_PREDIO">CHAMIZAL</SimpleData>
					<SimpleData name="ID_SECCION">1</SimpleData>
					<SimpleData name="ID_RODAL">0</SimpleData>
					<SimpleData name="TIPO_USO">23</SimpleData>
					<SimpleData name="APL">0</SimpleData>
					<SimpleData name="MPL">0</SimpleData>
					<SimpleData name="SUP_M2">1240.05</SimpleData>
					<SimpleData name="TIPOUSO">CNCH</SimpleData>
					<SimpleData name="PORC_PROP">100</SimpleData>
					<SimpleData name="Shape_Leng">0</SimpleData>
					<SimpleData name="Shape_Area">0</SimpleData>
				</SchemaData>
			</ExtendedData>
			<Polygon>
				<outerBoundaryIs>
					<LinearRing>
						<coordinates>
							-72.59084626699681,-36.03202511899988,0 -72.59103291999682,-36.03198897599987,0 -72.59113344399682,-36.03209295199986,0 -72.59126385899683,-36.03229061599991,0 -72.59110289699682,-36.0324327789999,0 -72.59099409099682,-36.03234592399985,0 -72.59099104199684,-36.03234303499989,0 -72.5909892169968,-36.03234142299988,0 -72.59098597299683,-36.03233875099991,0 -72.59090395799679,-36.03227580399988,0 -72.59090246699685,-36.03227455099989,0 -72.59079771799684,-36.03217921899989,0 -72.59079675499684,-36.03217810999985,0 -72.59079586199684,-36.03217693399991,0 -72.59079495599683,-36.0321757849999,0 -72.59074357799685,-36.03208013199992,0 -72.5907604439968,-36.03207109599987,0 -72.59084626699681,-36.03202511899988,0 
						</coordinates>
					</LinearRing>
				</outerBoundaryIs>
			</Polygon>
		</Placemark>
		<Placemark>
			<styleUrl>#falseColor</styleUrl>
			<ExtendedData>
				<SchemaData schemaUrl="#S_UsoSuelo_SDSDDD">
					<SimpleData name="OBJECTID">595031900</SimpleData>
					<SimpleData name="ZONA">4</SimpleData>
					<SimpleData name="AREA">5</SimpleData>
					<SimpleData name="ID_PREDIO">10728</SimpleData>
					<SimpleData name="NOM_PREDIO">CHAMIZAL</SimpleData>
					<SimpleData name="ID_SECCION">1</SimpleData>
					<SimpleData name="ID_RODAL">0</SimpleData>
					<SimpleData name="TIPO_USO">23</SimpleData>
					<SimpleData name="APL">0</SimpleData>
					<SimpleData name="MPL">0</SimpleData>
					<SimpleData name="SUP_M2">2686.17</SimpleData>
					<SimpleData name="TIPOUSO">CNCH</SimpleData>
					<SimpleData name="PORC_PROP">100</SimpleData>
					<SimpleData name="Shape_Leng">0</SimpleData>
					<SimpleData name="Shape_Area">0</SimpleData>
				</SchemaData>
			</ExtendedData>
			<Polygon>
				<outerBoundaryIs>
					<LinearRing>
						<coordinates>
							-72.59083512699682,-36.03609109199991,0 -72.5909717859968,-36.03589463999987,0 -72.59119713099685,-36.03609083799989,0 -72.59130696199682,-36.03629612299989,0 -72.59134517899682,-36.03650722199993,0 -72.59083586299685,-36.03661544699985,0 -72.59077430499681,-36.0361935469999,0 -72.59078070199685,-36.03618703599989,0 -72.59077857799683,-36.03617238499987,0 -72.59083512699682,-36.03609109199991,0 
						</coordinates>
					</LinearRing>
				</outerBoundaryIs>
			</Polygon>
		</Placemark>
		<Placemark>
			<styleUrl>#falseColor</styleUrl>
			<ExtendedData>
				<SchemaData schemaUrl="#S_UsoSuelo_SDSDDD">
					<SimpleData name="OBJECTID">595031920</SimpleData>
					<SimpleData name="ZONA">4</SimpleData>
					<SimpleData name="AREA">5</SimpleData>
					<SimpleData name="ID_PREDIO">10728</SimpleData>
					<SimpleData name="NOM_PREDIO">CHAMIZAL</SimpleData>
					<SimpleData name="ID_SECCION">1</SimpleData>
					<SimpleData name="ID_RODAL">0</SimpleData>
					<SimpleData name="TIPO_USO">23</SimpleData>
					<SimpleData name="APL">0</SimpleData>
					<SimpleData name="MPL">0</SimpleData>
					<SimpleData name="SUP_M2">2373.96</SimpleData>
					<SimpleData name="TIPOUSO">CNCH</SimpleData>
					<SimpleData name="PORC_PROP">100</SimpleData>
					<SimpleData name="Shape_Leng">0</SimpleData>
					<SimpleData name="Shape_Area">0</SimpleData>
				</SchemaData>
			</ExtendedData>
			<Polygon>
				<outerBoundaryIs>
					<LinearRing>
						<coordinates>
							-72.59011349199685,-36.03788581399989,0 -72.59028222199683,-36.0378586419999,0 -72.59030107199682,-36.03787920499988,0 -72.59042721399683,-36.03790103499993,0 -72.59070395099681,-36.03794892899987,0 -72.59068992899685,-36.0381460759999,0 -72.5906883429968,-36.03816836999988,0 -72.59067530099682,-36.03835173899993,0 -72.59053978999684,-36.03834242999988,0 -72.59037587799682,-36.03833116999989,0 -72.59031038799682,-36.03832666999989,0 -72.59021436599684,-36.03825381499988,0 -72.59017858899686,-36.03820020299986,0 -72.59013470799682,-36.03813444599985,0 -72.59007344199685,-36.03804263799987,0 -72.59010833099687,-36.03788664499994,0 -72.59011349199685,-36.03788581399989,0 
						</coordinates>
					</LinearRing>
				</outerBoundaryIs>
			</Polygon>
		</Placemark>
		<Placemark>
			<styleUrl>#falseColor</styleUrl>
			<ExtendedData>
				<SchemaData schemaUrl="#S_UsoSuelo_SDSDDD">
					<SimpleData name="OBJECTID">595034560</SimpleData>
					<SimpleData name="ZONA">4</SimpleData>
					<SimpleData name="AREA">5</SimpleData>
					<SimpleData name="ID_PREDIO">10728</SimpleData>
					<SimpleData name="NOM_PREDIO">CHAMIZAL</SimpleData>
					<SimpleData name="ID_SECCION">1</SimpleData>
					<SimpleData name="ID_RODAL">0</SimpleData>
					<SimpleData name="TIPO_USO">54</SimpleData>
					<SimpleData name="APL">0</SimpleData>
					<SimpleData name="MPL">0</SimpleData>
					<SimpleData name="SUP_M2">9215.03</SimpleData>
					<SimpleData name="TIPOUSO">FCAM</SimpleData>
					<SimpleData name="PORC_PROP">100</SimpleData>
					<SimpleData name="Shape_Leng">0</SimpleData>
					<SimpleData name="Shape_Area">0</SimpleData>
				</SchemaData>
			</ExtendedData>
			<Polygon>
				<outerBoundaryIs>
					<LinearRing>
						<coordinates>
							-72.58414968499679,-36.04177594399987,0 -72.58415598999677,-36.0417725969999,0 -72.58416290099674,-36.04177016299987,0 -72.58431820699677,-36.04172781099987,0 -72.58443325499675,-36.04169113399987,0 -72.58443521099676,-36.04169055299985,0 -72.58456605899681,-36.04165449399988,0 -72.58466895099679,-36.04162559899986,0 -72.58467567899679,-36.04162420199987,0 -72.58481344999676,-36.04160476999988,0 -72.58493180599679,-36.04157310499992,0 -72.58502027599675,-36.04153785799986,0 -72.58506159799678,-36.04148440199987,0 -72.5850986369968,-36.0414364879999,0 -72.58516284499677,-36.04130836699988,0 -72.58516607899678,-36.0413031649999,0 -72.58516877699675,-36.04129997299986,0 -72.58521869799681,-36.0412472889999,0 -72.58522221899679,-36.0412440049999,0 -72.58522620099676,-36.04124108999991,0 -72.58523058699673,-36.04123858599986,0 -72.58529840799677,-36.04120464299993,0 -72.5853870899968,-36.04114276299986,0 -72.58544928299681,-36.04108979699988,0 -72.58551787099677,-36.04101341099991,0 -72.58556027699676,-36.04092807199991,0 -72.58557191799679,-36.04082156599986,0 -72.58557235699679,-36.04081877299989,0 -72.5855964689968,-36.04070240299992,0 -72.58559673299679,-36.04070124699984,0 -72.58559794999678,-36.04069743699988,0 -72.58562023899678,-36.04064065099988,0 -72.58562253399677,-36.04063596399988,0 -72.58562561099677,-36.0406315819999,0 -72.5856294179968,-36.04062759299993,0 -72.58563386899684,-36.04062407399991,0 -72.58568785499682,-36.04058700599992,0 -72.5856921139968,-36.04058441899985,0 -72.58569672299673,-36.04058226699987,0 -72.58574726299678,-36.04056182099988,0 -72.58575254299676,-36.04056002099987,0 -72.58575806199676,-36.04055878799991,0 -72.58576373099679,-36.04055814299989,0 -72.58578826499675,-36.04055664799989,0 -72.58585198399679,-36.04055276599987,0 -72.58585640499673,-36.04055267599992,0 -72.58586409299683,-36.04055337899984,0 -72.58587150999681,-36.04055515399993,0 -72.58587843999678,-36.04055794999988,0 -72.58588062499679,-36.04055910699987,0 -72.58596377299681,-36.04060602199986,0 -72.5859678099968,-36.04060859499987,0 -72.5859692989968,-36.04060971099988,0 -72.58607616699678,-36.04069363099989,0 -72.58618752899677,-36.04077409099992,0 -72.58619017999676,-36.04077617299991,0 -72.58627266999679,-36.04084657799989,0 -72.58627413399681,-36.04084737699988,0 -72.58624080299683,-36.04087166299986,0 -72.5862077559968,-36.04089574199989,0 -72.58612715699675,-36.04082695299985,0 -72.58601648899678,-36.04074699299989,0 -72.5860151379968,-36.04074597599987,0 -72.58591018299683,-36.04066356099988,0 -72.58584291299678,-36.0406256049999,0 -72.58578668699681,-36.04062903199986,0 -72.58577904599679,-36.0406294959999,0 -72.58574107699678,-36.04064485599985,0 -72.5857009219968,-36.0406724269999,0 -72.58568347199677,-36.04071688999992,0 -72.5856601749968,-36.04082934199991,0 -72.58564810299681,-36.04093977899987,0 -72.58564739399679,-36.0409437289999,0 -72.58564513099677,-36.04094991799987,0 -72.58559812099679,-36.04104452799987,0 -72.58559483799675,-36.04104982899987,0 -72.58559282199677,-36.04105227499985,0 -72.58551927099683,-36.04113418999989,0 -72.5855166919968,-36.04113679899991,0 -72.58551553299677,-36.04113782799991,0 -72.58544979699677,-36.04119380999989,0 -72.58544660199678,-36.04119627299985,0 -72.58535359199681,-36.04126117399989,0 -72.58535234499679,-36.04126201299992,0 -72.5853479529968,-36.04126452099987,0 -72.58528407799676,-36.04129648899991,0 -72.58524278599678,-36.04134006699986,0 -72.58524180399677,-36.04134202299986,0 -72.5851793859968,-36.04146657499987,0 -72.58517600899681,-36.0414719639999,0 -72.58513676899679,-36.0415227299999,0 -72.58508873499682,-36.04158486699987,0 -72.58508511499679,-36.04158889799991,0 -72.58508084799675,-36.04159248499986,0 -72.58507601199679,-36.04159555899989,0 -72.58507069599682,-36.04159805999991,0 -72.58496814299679,-36.04163891999989,0 -72.58496260599678,-36.0416407599999,0 -72.58483813699678,-36.04167406099986,0 -72.5848318439968,-36.04167533899988,0 -72.5846943949968,-36.04169472599989,0 -72.58459489099678,-36.0417226699999,0 -72.58446471899677,-36.04175854299994,0 -72.58434959499681,-36.04179524299987,0 -72.58434751199675,-36.0417958589999,0 -72.58420019199676,-36.04183603499987,0 -72.58416584399677,-36.04186186099989,0 -72.58413131699677,-36.04188782199986,0 -72.58412439799676,-36.04198248699988,0 -72.58412714299678,-36.04211973499986,0 -72.58413642799677,-36.0422559189999,0 -72.58418321899681,-36.04243431599985,0 -72.58421028599673,-36.04251213999989,0 -72.58426706799678,-36.04258520899989,0 -72.58432277699674,-36.0426447349999,0 -72.5843258269968,-36.04264844899993,0 -72.58432828699679,-36.04265244199986,0 -72.58433011999681,-36.04265665099985,0 -72.58436349399679,-36.04275159799988,0 -72.58438030799678,-36.0427899229999,0 -72.58438133399679,-36.04279267699989,0 -72.58441962999676,-36.04291273599989,0 -72.58453325099677,-36.04305011299989,0 -72.5846983379968,-36.04318202099989,0 -72.58483810999678,-36.04329236999985,0 -72.58498412199677,-36.04336530899988,0 -72.58518246899678,-36.04341059299986,0 -72.58546278499681,-36.04342629299988,0 -72.58546804299679,-36.0434268459999,0 -72.58547318299678,-36.04342789999991,0 -72.58547813099679,-36.04342944999988,0 -72.5856256069968,-36.04348401199985,0 -72.58562638499676,-36.04345849399988,0 -72.58562758499681,-36.04341917099986,0 -72.58565057699676,-36.0433874419999,0 -72.58569481799678,-36.04338117499986,0 -72.58574334999676,-36.04337857899986,0 -72.5857876929968,-36.04336874099989,0 -72.58583622799679,-36.04336614199988,0 -72.58588453799676,-36.04337069199991,0 -72.58593284999682,-36.04337524099989,0 -72.58598127499681,-36.04337621799989,0 -72.58602969399681,-36.04337719199989,0 -72.58607800899681,-36.04338173999987,0 -72.58613039599676,-36.04339710499988,0 -72.58616935399681,-36.04341935599984,0 -72.58619027699676,-36.04345554899989,0 -72.58619798599682,-36.04349147299985,0 -72.58620118699677,-36.04353088999989,0 -72.58620889999679,-36.04356681499985,0 -72.58621210099682,-36.04360623199992,0 -72.5862108989968,-36.04364555299989,0 -72.5862052989968,-36.0436847899999,0 -72.58620398899676,-36.04372768999989,0 -72.58620278799678,-36.04376701799987,0 -72.58620125699677,-36.04381706399991,0 -72.58619295799677,-36.04383766999984,0 -72.58625331999679,-36.04387412899984,0 -72.58645451299678,-36.04390925899987,0 -72.58671293399678,-36.04390048299988,0 -72.58691253399675,-36.04389022099985,0 -72.58718763599683,-36.0438767799999,0 -72.58741819499683,-36.04385342199991,0 -72.5876606009968,-36.04379467599992,0 -72.58777978999679,-36.0437157869999,0 -72.58778138999681,-36.04371478699989,0 -72.58790890999684,-36.04363878499987,0 -72.5880121999968,-36.04354129399986,0 -72.58811343299682,-36.04340868399988,0 -72.58819782499684,-36.04327526199989,0 -72.58825313399679,-36.04315520899988,0 -72.5882961359968,-36.04304564299986,0 -72.5883009329968,-36.04301449999986,0 -72.58831759799683,-36.04290629999988,0 -72.5883181329968,-36.0429036389999,0 -72.58831885799681,-36.04290117099987,0 -72.58833821199683,-36.04284432499988,0 -72.58833967199679,-36.04284076699987,0 -72.58834311599682,-36.04283513899986,0 -72.58834770699681,-36.04283008199985,0 -72.58835331099682,-36.04282575299987,0 -72.58835975599681,-36.04282227899992,0 -72.5883668459968,-36.04281976199989,0 -72.58837436599683,-36.04281828999991,0 -72.58838208799682,-36.04281789799992,0 -72.58838977399685,-36.04281860099987,0 -72.58839719599678,-36.04282037599992,0 -72.58840412199683,-36.04282317199989,0 -72.5884103479968,-36.04282689999988,0 -72.58841568399683,-36.04283145099988,0 -72.58841995899678,-36.04283668699989,0 -72.58842305399682,-36.04284244499985,0 -72.58842486899682,-36.04284855199993,0 -72.58842535299682,-36.04285482299985,0 -72.58842448799683,-36.04286106499989,0 -72.58842376199681,-36.04286353399987,0 -72.58840526999683,-36.04291785299989,0 -72.58838369899679,-36.04305788999989,0 -72.58838316499681,-36.04306055699991,0 -72.58838194999682,-36.04306436699992,0 -72.58833737499683,-36.04317794099989,0 -72.58833665199684,-36.04317962499989,0 -72.5882799209968,-36.04330275599992,0 -72.5882779599968,-36.04330632999992,0 -72.58819156799679,-36.04344291399985,0 -72.58818988699683,-36.04344533499991,0 -72.58808581599681,-36.04358165999986,0 -72.58808173799682,-36.0435861769999,0 -72.58799276499678,-36.04367015699989,0 -72.58797270799683,-36.0436890849999,0 -72.58796692399682,-36.04369358199992,0 -72.58796550499683,-36.04369446699986,0 -72.58783481799681,-36.04377235699989,0 -72.58770963399682,-36.04385521999989,0 -72.58770493499681,-36.04385790699988,0 -72.58769984999678,-36.04386007599989,0 -72.58769446299684,-36.04386169899987,0 -72.58764975999679,-36.04387253099988,0 -72.58744005099679,-36.04392335199989,0 -72.58743397999679,-36.04392445199989,0 -72.58743285299681,-36.0439245779999,0 -72.58719719999678,-36.04394844899985,0 -72.58719437699681,-36.04394866499985,0 -72.5869180039968,-36.04396217299989,0 -72.58671759799681,-36.04397246699992,0 -72.58645256799676,-36.04398147199986,0 -72.58644961399681,-36.04398149099993,0 -72.58644165599678,-36.04398074399992,0 -72.58622523599676,-36.04394295399987,0 -72.58621916799677,-36.04394152299988,0 -72.58621340599677,-36.04393940299986,0 -72.58620808199677,-36.04393663799988,0 -72.58613453099682,-36.04389221299988,0 -72.58611005099681,-36.04387742999989,0 -72.58610494799676,-36.04387382699989,0 -72.58610057899679,-36.04386963099989,0 -72.58608547699679,-36.04385267899988,0 -72.58607680099679,-36.0438539099999,0 -72.58602837699679,-36.04385293399987,0 -72.58597995799678,-36.04385195999986,0 -72.58593164199679,-36.04384740599991,0 -72.58588322299681,-36.04384643299989,0 -72.5858444969968,-36.04384565099986,0 -72.58583480099676,-36.0438454549999,0 -72.58578637799675,-36.0438444819999,0 -72.58574203099681,-36.04385431899988,0 -72.58569371899682,-36.04384976999992,0 -72.58567899899678,-36.04384341199989,0 -72.58565024399675,-36.04383100799991,0 -72.58564253199681,-36.04379507999991,0 -72.58564373399679,-36.04375575099988,0 -72.5856449329968,-36.04371642899988,0 -72.58564173499676,-36.04367701299986,0 -72.58563853399681,-36.04363760299987,0 -72.58563533299677,-36.04359818899985,0 -72.58563270699682,-36.04356585099989,0 -72.58544865299677,-36.04349775799991,0 -72.58517180399679,-36.04348224999993,0 -72.5851660689968,-36.04348162499988,0 -72.58516284599681,-36.04348099399989,0 -72.58495413699674,-36.04343334399992,0 -72.58494993899674,-36.04343219799988,0 -72.58494295199682,-36.04342937299989,0 -72.58478743499683,-36.0433516869999,0 -72.58478132399681,-36.04334801399989,0 -72.58477975099679,-36.04334682899989,0 -72.58463629199676,-36.04323356799991,0 -72.58446779399677,-36.04309893499987,0 -72.58446422399678,-36.04309571799984,0 -72.5844620779968,-36.04309333799992,0 -72.58434172699677,-36.0429478259999,0 -72.58433808899677,-36.04294250599985,0 -72.58433560399679,-36.0429367679999,0 -72.58429590699674,-36.04281230899989,0 -72.5842792769968,-36.04277440899991,0 -72.58427853999676,-36.04277250899985,0 -72.58424706299675,-36.04268295899988,0 -72.58419524099676,-36.04262758799984,0 -72.58419304399673,-36.0426250139999,0 -72.58413179399678,-36.04254619599988,0 -72.58412878399675,-36.04254162599992,0 -72.58412661599679,-36.04253675699987,0 -72.58409740699678,-36.0424527779999,0 -72.58409670999676,-36.04245048999985,0 -72.58407289899675,-36.04235938999989,0 -72.58406995999675,-36.04235480066655,0 -72.58406926299679,-36.04234547749986,0 -72.5840659139968,-36.04230072299987,0 -72.58406120599679,-36.0422687244999,0 -72.58405021599677,-36.04219402499994,0 -72.58404776599676,-36.04217737649986,0 -72.58404576399681,-36.0421532739999,0 -72.58404489433009,-36.04212787233323,0 -72.58403691399673,-36.04204680699988,0 -72.58401308999677,-36.04179446799989,0 -72.58414968499679,-36.04177594399987,0 
						</coordinates>
					</LinearRing>
				</outerBoundaryIs>
			</Polygon>
		</Placemark>
		<Placemark>
			<styleUrl>#falseColor</styleUrl>
			<ExtendedData>
				<SchemaData schemaUrl="#S_UsoSuelo_SDSDDD">
					<SimpleData name="OBJECTID">595034580</SimpleData>
					<SimpleData name="ZONA">4</SimpleData>
					<SimpleData name="AREA">5</SimpleData>
					<SimpleData name="ID_PREDIO">10728</SimpleData>
					<SimpleData name="NOM_PREDIO">CHAMIZAL</SimpleData>
					<SimpleData name="ID_SECCION">1</SimpleData>
					<SimpleData name="ID_RODAL">0</SimpleData>
					<SimpleData name="TIPO_USO">54</SimpleData>
					<SimpleData name="APL">0</SimpleData>
					<SimpleData name="MPL">0</SimpleData>
					<SimpleData name="SUP_M2">21037.3</SimpleData>
					<SimpleData name="TIPOUSO">FCAM</SimpleData>
					<SimpleData name="PORC_PROP">100</SimpleData>
					<SimpleData name="Shape_Leng">0</SimpleData>
					<SimpleData name="Shape_Area">0</SimpleData>
				</SchemaData>
			</ExtendedData>
			<Polygon>
				<outerBoundaryIs>
					<LinearRing>
						<coordinates>
							-72.59046845499685,-36.03187817849992,0 -72.59047100499681,-36.03185372399989,0 -72.59047325599683,-36.03183214049988,0 -72.5904759200848,-36.03180659700598,0 -72.59047815699682,-36.03178515149989,0 -72.59048016499682,-36.03176589299991,0 -72.59048021907542,-36.03176537400529,0 -72.59048188899683,-36.03174936049987,0 -72.59048410214244,-36.03172813700974,0 -72.59048423799683,-36.03172683499986,0 -72.5904905632232,-36.03166618201547,0 -72.5904931029968,-36.03164183099992,0 -72.59055037491103,-36.03162876875178,0 -72.59053426799683,-36.0316935019999,0 -72.59053603099684,-36.03171257799992,0 -72.59053692099684,-36.03172221099988,0 -72.59054878799682,-36.03177129199986,0 -72.59055256899687,-36.03177355799989,0 -72.59056056799686,-36.0317803849999,0 -72.59056698599686,-36.03178823599993,0 -72.59056797699685,-36.0317897739999,0 -72.59071326699681,-36.03202399599987,0 -72.59071433999681,-36.03202579999988,0 -72.59071535799679,-36.03202759699985,0 -72.59071697799682,-36.03203061399991,0 -72.59074357799685,-36.03208013199992,0 -72.59079495599683,-36.0321757849999,0 -72.59079586199684,-36.03217693399991,0 -72.59079675499684,-36.03217810999985,0 -72.59079771799684,-36.03217921899989,0 -72.59090246699685,-36.03227455099989,0 -72.59090395799679,-36.03227580399988,0 -72.59098597299683,-36.03233875099991,0 -72.5909892169968,-36.03234142299988,0 -72.59099104199684,-36.03234303499989,0 -72.59099409099682,-36.03234592399985,0 -72.59110289699682,-36.0324327789999,0 -72.59110655399681,-36.03243817099988,0 -72.5911514579968,-36.03257648999992,0 -72.59118807299681,-36.03280773299988,0 -72.59122755099682,-36.03286721699988,0 -72.5913141929968,-36.03293698699985,0 -72.59131642699683,-36.03293854799992,0 -72.59136362699681,-36.03296674099992,0 -72.59140434099682,-36.03299106099987,0 -72.59141450899685,-36.03299777599988,0 -72.59141644899685,-36.03299865599985,0 -72.59141793999684,-36.03299929799991,0 -72.59141940499687,-36.03299999499989,0 -72.59142112799684,-36.03300076999989,0 -72.59152770499684,-36.03303459599987,0 -72.59152931299683,-36.03303486799984,0 -72.59153103799683,-36.03303511699992,0 -72.59153264999682,-36.03303527199989,0 -72.59169894099686,-36.03303029299985,0 -72.59185689599681,-36.03296821799989,0 -72.59193974399686,-36.0329174449999,0 -72.59199359499682,-36.03284031699985,0 -72.59200186899689,-36.03273408999987,0 -72.59199686699682,-36.03261868999991,0 -72.59199684699682,-36.03261540099988,0 -72.59199691299688,-36.03261339999992,0 -72.59199774899685,-36.0326061509999,0 -72.59199841099682,-36.03260303899986,0 -72.59199958499687,-36.03259909199991,0 -72.59200023799683,-36.0325972069999,0 -72.59200148699688,-36.03259399099989,0 -72.59201377299682,-36.03256548499985,0 -72.59201661799686,-36.03255888899986,0 -72.59203234499687,-36.03252240599988,0 -72.59203320199684,-36.0325205309999,0 -72.59203406699685,-36.03251882499993,0 -72.59203516399684,-36.03251676299988,0 -72.59203949899685,-36.03250997799989,0 -72.59204035199681,-36.03250884999988,0 -72.59204590199685,-36.03250256399988,0 -72.59204767199681,-36.03250083499989,0 -72.59204893399684,-36.0324996379999,0 -72.59205081799682,-36.03249797499992,0 -72.59211250199684,-36.03244574999985,0 -72.59211569499683,-36.03244322199991,0 -72.59211733799684,-36.0324420059999,0 -72.59212066599682,-36.03243969899989,0 -72.59212535199684,-36.03243692599988,0 -72.59212724599681,-36.03243590399992,0 -72.59213222599686,-36.03243346399992,0 -72.59213745399686,-36.03243138699986,0 -72.59213920599682,-36.03243076599989,0 -72.59214461199683,-36.03242907299989,0 -72.59215018199683,-36.0324277689999,0 -72.5921526809968,-36.03242727899988,0 -72.59215838799685,-36.03242636999989,0 -72.59216212299684,-36.03242599599988,0 -72.59216591599687,-36.03242574399987,0 -72.59227616999685,-36.03242089599986,0 -72.59227944399684,-36.03242081499985,0 -72.59228261999687,-36.03242081999988,0 -72.59228650099683,-36.03242098999988,0 -72.59228909599686,-36.03242116499984,0 -72.59229297899682,-36.03242152199989,0 -72.59239104399687,-36.03243289699989,0 -72.59239349299683,-36.03243321599984,0 -72.59239601099688,-36.03243359099987,0 -72.59239768599684,-36.03243388299989,0 -72.59239924199687,-36.03243417499991,0 -72.59253240799681,-36.03246050299988,0 -72.59253520199682,-36.0324611089999,0 -72.59253747099682,-36.03246164299987,0 -72.59254007299688,-36.0324623029999,0 -72.59262025199683,-36.03248411699985,0 -72.59258920999685,-36.03260870599988,0 -72.59249320899684,-36.03258258399993,0 -72.59236581399688,-36.03255739799992,0 -72.59227761199685,-36.03254716799989,0 -72.59220412699688,-36.03255039899992,0 -72.59217374599683,-36.03257611899991,0 -72.59215255699679,-36.0326252759999,0 -72.59215719999682,-36.03273236299989,0 -72.59215724399682,-36.03273449799986,0 -72.59215722899685,-36.0327366729999,0 -72.59215716799685,-36.03273801199988,0 -72.59215709099685,-36.03273918199989,0 -72.59214754599685,-36.03286175999992,0 -72.5921470429968,-36.03286579999985,0 -72.59214664099684,-36.03286814699991,0 -72.59214595699682,-36.03287139599984,0 -72.59214449599688,-36.03287615599989,0 -72.59214402299685,-36.0328774439999,0 -72.59211040299685,-36.03299460499992,0 -72.59203348299683,-36.03308762199986,0 -72.59190868599681,-36.03313096299986,0 -72.59181631899683,-36.0331520309999,0 -72.59172073999682,-36.0331556839999,0 -72.59152026899686,-36.03316108799986,0 -72.59151609199685,-36.03316109299987,0 -72.59151314799685,-36.0331610119999,0 -72.59150422799681,-36.0331602709999,0 -72.59150276899683,-36.03316006899988,0 -72.59150080899683,-36.03315977199986,0 -72.59149404399685,-36.0331583579999,0 -72.59149154599683,-36.03315772199989,0 -72.59148730499686,-36.03315651099987,0 -72.59135297199686,-36.03311396499986,0 -72.59134757699681,-36.03311202299989,0 -72.59134387599684,-36.0331105279999,0 -72.59133881799684,-36.03310825799986,0 -72.59133598399683,-36.03310677199989,0 -72.59133321599687,-36.0331051979999,0 -72.59121905899683,-36.03303681799986,0 -72.5912166939968,-36.03303533399986,0 -72.59121520999685,-36.03303435899991,0 -72.59121304799682,-36.03303287499991,0 -72.59121121799683,-36.0330315149999,0 -72.59120927299685,-36.03302999799985,0 -72.59109284899685,-36.03293548199989,0 -72.59109027799681,-36.03293327299986,0 -72.59108910599682,-36.03293220899987,0 -72.59108669999686,-36.03292989399992,0 -72.5910835009968,-36.03292634999985,0 -72.59108150999683,-36.03292394599987,0 -72.59107867199681,-36.03292019799992,0 -72.59102070099684,-36.0328361469999,0 -72.59101102999685,-36.03283496699986,0 -72.59096811099685,-36.03285416199989,0 -72.5909570089968,-36.03287113199985,0 -72.59094063699681,-36.0329453069999,0 -72.59094411199682,-36.03306286299991,0 -72.59095537099687,-36.03327227199991,0 -72.59100056999685,-36.03333040699989,0 -72.59119225499686,-36.03344357999986,0 -72.59119360499685,-36.03344432399984,0 -72.59139368099686,-36.03354592799987,0 -72.59159408799681,-36.03363479899986,0 -72.59159589799684,-36.03363563199989,0 -72.59159747199683,-36.03363638899987,0 -72.59159977399683,-36.03363758499992,0 -72.59160130799687,-36.0336384179999,0 -72.59160348699686,-36.0336396539999,0 -72.59173003499683,-36.03371449099993,0 -72.59173488999686,-36.0337176549999,0 -72.59163023699685,-36.03381151599991,0 -72.59151561499684,-36.03374372799991,0 -72.59144297699686,-36.03371151599987,0 -72.59141590499682,-36.0337092079999,0 -72.59136591399687,-36.03372163499992,0 -72.59135985899682,-36.03373942299988,0 -72.59135863299684,-36.03377969399989,0 -72.59135726899683,-36.0338244409999,0 -72.59132795199682,-36.03388205799987,0 -72.59123211699686,-36.03395176899988,0 -72.59114219999684,-36.03400816799989,0 -72.59112984999682,-36.03402454599993,0 -72.59116368399684,-36.03407838699984,0 -72.59120704399685,-36.03412248299992,0 -72.59127856899684,-36.03414909799988,0 -72.59144260599685,-36.03415676899991,0 -72.59144406199685,-36.0341568479999,0 -72.59154890899683,-36.03416369299989,0 -72.59155351799684,-36.03416412599992,0 -72.59155620599685,-36.03416445599987,0 -72.59155943899682,-36.03416491999987,0 -72.59156532299686,-36.03416611299989,0 -72.59156679199684,-36.03416646999992,0 -72.59157203699685,-36.03416793899988,0 -72.59157550999684,-36.03416913899988,0 -72.59157797199683,-36.0341700569999,0 -72.59158212899681,-36.03417175399991,0 -72.59163502199685,-36.0341952469999,0 -72.59167636799685,-36.03421361299988,0 -72.59167794999681,-36.03421433799988,0 -72.59167947099682,-36.03421506999985,0 -72.59168255099682,-36.0342166939999,0 -72.59168474799684,-36.0342179249999,0 -72.59168771799686,-36.03421968699985,0 -72.59177605199685,-36.03427522799991,0 -72.59185603999684,-36.0343005229999,0 -72.59197059799685,-36.03429895199989,0 -72.59210082599682,-36.03426591899991,0 -72.59216340799684,-36.03422077899992,0 -72.59219571499685,-36.03414634999989,0 -72.59221621499687,-36.0340543379999,0 -72.59221702499681,-36.03405070599987,0 -72.59221318199683,-36.03389986799991,0 -72.59221316999685,-36.03389820099991,0 -72.59221318999685,-36.03389672499986,0 -72.59221327899682,-36.03389494799992,0 -72.59221340999684,-36.03389317599987,0 -72.59223077799683,-36.03370626699993,0 -72.59223120599687,-36.03370297799992,0 -72.59223147299683,-36.03370139399991,0 -72.59223217299682,-36.0336980489999,0 -72.5922335809968,-36.03369344099989,0 -72.59223423799685,-36.03369163499986,0 -72.59223610799685,-36.03368720399988,0 -72.59223845499683,-36.03368290499986,0 -72.59223931099683,-36.0336815039999,0 -72.59224212599683,-36.0336773629999,0 -72.59224536499687,-36.03367345199985,0 -72.59224650099684,-36.03367219999989,0 -72.59225015099685,-36.03366852799989,0 -72.59225417899688,-36.03366513099989,0 -72.59225555899683,-36.03366406399988,0 -72.59225993499682,-36.0336609639999,0 -72.59226463899687,-36.03365818099985,0 -72.59226623299685,-36.03365732099986,0 -72.59227119599683,-36.03365489199984,0 -72.59227642099688,-36.03365281499987,0 -72.59227817499685,-36.03365219299987,0 -72.59228358299686,-36.03365049999987,0 -72.59228918199688,-36.03364918999988,0 -72.59229103399683,-36.03364882699986,0 -72.59229671299684,-36.03364792399986,0 -72.59230248599688,-36.0336474239999,0 -72.59230439099683,-36.03364732699989,0 -72.59231019799688,-36.0336472379999,0 -72.59231602399682,-36.03364756299991,0 -72.59231792299687,-36.03364773699985,0 -72.59232362699684,-36.0336484659999,0 -72.59232926999684,-36.03364960099986,0 -72.59233111499685,-36.03365004299987,0 -72.59233660099684,-36.03365156999984,0 -72.59234188299682,-36.03365347199988,0 -72.59234359699683,-36.0336541619999,0 -72.59234870599687,-36.03365645399989,0 -72.59235354799688,-36.03365909999984,0 -72.59235507699685,-36.03366001699988,0 -72.59235957299687,-36.03366296599989,0 -72.59236371899686,-36.03366620599987,0 -72.59236504399682,-36.03366733499987,0 -72.59236889699683,-36.03367092199989,0 -72.59237230999683,-36.03367472699992,0 -72.59237336199686,-36.0336760109999,0 -72.59237636599683,-36.03368005699992,0 -72.59237892799682,-36.03368431199991,0 -72.59237969499685,-36.03368573999993,0 -72.59238177399683,-36.03369012199988,0 -72.59238338799683,-36.03369467099989,0 -72.59238383599687,-36.03369617899992,0 -72.59238494599687,-36.0337007899999,0 -72.59238555999684,-36.0337054529999,0 -72.59238574599684,-36.03370785299992,0 -72.59238585799686,-36.03371259599989,0 -72.59238568699686,-36.03371536699991,0 -72.59236852999685,-36.03389996099985,0 -72.59237245899685,-36.03405408899987,0 -72.59237245299686,-36.03405654499988,0 -72.59237212999686,-36.0340606949999,0 -72.59237173299685,-36.03406384399992,0 -72.59237101199687,-36.03406798899989,0 -72.59234747599686,-36.03417355499989,0 -72.59234636699686,-36.03417747699989,0 -72.59234532999686,-36.03418059799987,0 -72.59234384199686,-36.03418448599987,0 -72.59230367699682,-36.03427701699985,0 -72.59230286799686,-36.03427878199992,0 -72.59230157899684,-36.03428126599989,0 -72.59230024099685,-36.03428367499986,0 -72.59229636899686,-36.03428963099986,0 -72.59229482699683,-36.03429158499992,0 -72.59229378799688,-36.03429284199992,0 -72.59228844199683,-36.03429847099989,0 -72.59228675799686,-36.03429996299985,0 -72.59228452299686,-36.03430187299989,0 -72.59228048999688,-36.0343050389999,0 -72.59219236299684,-36.03436860999988,0 -72.59218920099687,-36.03437074999992,0 -72.59218656199685,-36.03437240299985,0 -72.59217875099687,-36.03437660399988,0 -72.59217692899688,-36.03437743599991,0 -72.59216890999686,-36.03438050599988,0 -72.59216636999685,-36.03438131299993,0 -72.59216330299687,-36.03438221999991,0 -72.59216193099682,-36.0343825809999,0 -72.59200744999687,-36.03442176099986,0 -72.59200254499682,-36.03442283999991,0 -72.59199950199685,-36.03442340899991,0 -72.59199450299683,-36.03442418099984,0 -72.59199011299687,-36.03442459899986,0 -72.59198770599684,-36.03442476299993,0 -72.59198328599682,-36.03442494299986,0 -72.59184447199685,-36.03442684799992,0 -72.5918417009968,-36.03442683999986,0 -72.59184019299686,-36.03442679599988,0 -72.59183770199681,-36.03442669999987,0 -72.59182841499685,-36.03442580999987,0 -72.59182627199687,-36.03442548499986,0 -72.59181936099682,-36.03442403499987,0 -72.59181697999685,-36.03442342299986,0 -72.59181291999685,-36.0344222599999,0 -72.59171048299686,-36.03438986899992,0 -72.59170511999683,-36.03438793999988,0 -72.59170160599683,-36.0343865239999,0 -72.5916964999968,-36.03438423499991,0 -72.59169340399681,-36.03438260099992,0 -72.59169209899684,-36.0343818699999,0 -72.59168914699681,-36.03438011699989,0 -72.59159679099685,-36.0343220469999,0 -72.59152111699679,-36.0342884349999,0 -72.59143316299684,-36.03428268699987,0 -72.59125607499685,-36.03427440499986,0 -72.5912520129968,-36.03427411399989,0 -72.59124961999682,-36.03427388199989,0 -72.59124433099682,-36.03427319199988,0 -72.59124077299685,-36.03427252799988,0 -72.59123228099682,-36.03427038599988,0 -72.59122983399685,-36.03426961999988,0 -72.59122622399684,-36.03426837999994,0 -72.59112673099682,-36.03423135399987,0 -72.59112209799682,-36.03422944899989,0 -72.59111946599687,-36.03422825999988,0 -72.59111712699681,-36.03422715199989,0 -72.59111083799679,-36.03422361299987,0 -72.59110948599685,-36.03422275499986,0 -72.59110643799686,-36.03422069899989,0 -72.59110186099683,-36.03421708699989,0 -72.59109981299683,-36.03421530899988,0 -72.59109641299686,-36.03421211599988,0 -72.59103830899687,-36.03415302099992,0 -72.59103488999688,-36.03414921299987,0 -72.5910323779968,-36.03414614199992,0 -72.59103080999685,-36.0341440309999,0 -72.59102659399683,-36.03419554499987,0 -72.5910340429968,-36.03428436199988,0 -72.59110963099683,-36.03444119299987,0 -72.59111034799682,-36.03444274899988,0 -72.59111099299683,-36.03444423699992,0 -72.59111171999682,-36.03444610399988,0 -72.59111217699682,-36.03444735899992,0 -72.59111282499683,-36.03444926099986,0 -72.59116331499682,-36.03460881299987,0 -72.59116418299686,-36.03461192999987,0 -72.59116461899683,-36.03461374699986,0 -72.59116510199684,-36.03461602199985,0 -72.59116571399686,-36.03462062599991,0 -72.59116590199685,-36.03462701899986,0 -72.59116577999683,-36.03462939699991,0 -72.59116548799685,-36.03463259599988,0 -72.59115410899686,-36.03472155699993,0 -72.59115370299683,-36.03472412799988,0 -72.59115342999678,-36.0347255799999,0 -72.59115287399683,-36.03472812499985,0 -72.59115213499682,-36.03473075899993,0 -72.59115164199685,-36.03473233199986,0 -72.59115073299687,-36.03473495499989,0 -72.59111625899685,-36.03482558399986,0 -72.59111458399683,-36.03482945699988,0 -72.59111342799683,-36.03483182699991,0 -72.59110885899683,-36.03483940299992,0 -72.59110773599683,-36.03484094199985,0 -72.5911020719968,-36.03484745999987,0 -72.59110015899688,-36.03484934799985,0 -72.59109868199687,-36.03485075499987,0 -72.5910967059968,-36.03485249599991,0 -72.59104237199685,-36.0348983119999,0 -72.59100577999683,-36.03497693299989,0 -72.59097606599686,-36.03507800899984,0 -72.59097053799682,-36.03525943099987,0 -72.59096586799681,-36.0355057049999,0 -72.59099783699682,-36.03560710799985,0 -72.5909987469968,-36.03561042699989,0 -72.59099920199681,-36.03561237099989,0 -72.59099962599684,-36.03561439399988,0 -72.59100029099686,-36.03561973999984,0 -72.59100043699686,-36.03562493499991,0 -72.59100031799687,-36.03562707599985,0 -72.59100016299685,-36.03562904999993,0 -72.59099975799684,-36.03563246299989,0 -72.59097849499686,-36.03576683899988,0 -72.5909717859968,-36.03589463999987,0 -72.59083512699682,-36.03609109199991,0 -72.59077857799683,-36.03617238499987,0 -72.5907620499968,-36.03617205099992,0 -72.59072321299683,-36.03618022499989,0 -72.59070545899685,-36.03622016399988,0 -72.59068706599683,-36.0362593699999,0 -72.59067791099685,-36.03638969099992,0 -72.5906992649968,-36.03651776099986,0 -72.59071640999682,-36.03662461699985,0 -72.59071687699682,-36.03662877699986,0 -72.59071709999688,-36.03663224899987,0 -72.59071717099687,-36.0366364129999,0 -72.59071317099685,-36.03676765399985,0 -72.59071277499683,-36.03677235699985,0 -72.59071235399685,-36.0367753999999,0 -72.59071145299683,-36.03678006199991,0 -72.59071047299686,-36.03678344099992,0 -72.59070919899685,-36.03678727199988,0 -72.5906668479968,-36.03692437099991,0 -72.59065648699686,-36.03703554899988,0 -72.59072393799683,-36.03710761399986,0 -72.59083574999686,-36.0371809479999,0 -72.59094073999688,-36.03723075499988,0 -72.59094291699685,-36.03723164299988,0 -72.59094722699682,-36.03723328399987,0 -72.59105800699679,-36.03726074299991,0 -72.59114200699682,-36.0372590229999,0 -72.59119686399684,-36.03723181599985,0 -72.59125575899682,-36.03713051799988,0 -72.59130513999683,-36.03699800599987,0 -72.59130586099681,-36.03699617699988,0 -72.5913065819968,-36.0369944519999,0 -72.59137984499688,-36.03682749799989,0 -72.59141288499679,-36.03666601599988,0 -72.59143494699681,-36.0365077509999,0 -72.59144549199684,-36.03635099499987,0 -72.59144592699684,-36.03634711099989,0 -72.59144624699681,-36.03634506599988,0 -72.59144703099683,-36.03634119799992,0 -72.59144842699685,-36.03633661999987,0 -72.59144903699681,-36.03633493699989,0 -72.59145091999684,-36.03633047499989,0 -72.59145326999683,-36.0363261719999,0 -72.59145412099683,-36.03632477899991,0 -72.59145693399685,-36.0363206429999,0 -72.59146017499685,-36.0363167279999,0 -72.59146130899686,-36.03631547899987,0 -72.59146495699682,-36.03631180999987,0 -72.59146898499685,-36.03630841299989,0 -72.59147036499684,-36.0363073469999,0 -72.59147474199685,-36.03630424599988,0 -72.59147943999686,-36.03630146699987,0 -72.59148103899682,-36.0363006049999,0 -72.59148600699683,-36.03629817199988,0 -72.59149121499682,-36.03629610099988,0 -72.59149296999686,-36.0362954789999,0 -72.59149839699687,-36.0362937789999,0 -72.59150399299685,-36.0362924689999,0 -72.5915058409968,-36.03629210699989,0 -72.59151152199682,-36.0362912039999,0 -72.59151728399682,-36.03629070399992,0 -72.59151919799683,-36.03629060699993,0 -72.59152501599685,-36.03629051699991,0 -72.59153082299683,-36.03629083999991,0 -72.59153272799688,-36.03629101499985,0 -72.59153845199688,-36.03629174499989,0 -72.59154407699684,-36.03629287699988,0 -72.59154590799685,-36.03629331499987,0 -72.59155141299684,-36.03629484599986,0 -72.59155671899686,-36.03629675799988,0 -72.59155842699687,-36.0362974469999,0 -72.59156351099686,-36.03629972699985,0 -72.59156833499685,-36.03630236299993,0 -72.59156987699683,-36.03630328699992,0 -72.59157438999686,-36.03630624599987,0 -72.59157857299684,-36.03630951899988,0 -72.59157988499683,-36.03631063799987,0 -72.59158370199684,-36.0363141929999,0 -72.59158712499686,-36.03631800899992,0 -72.59158818599681,-36.03631930699987,0 -72.5915911809968,-36.0363233429999,0 -72.59159373499686,-36.03632757999989,0 -72.59159449699681,-36.03632899799987,0 -72.59159658599683,-36.0363333979999,0 -72.59159819799683,-36.03633794399985,0 -72.59159864799685,-36.03633945799988,0 -72.59159975999687,-36.0363440729999,0 -72.59160037399685,-36.03634874299988,0 -72.59160056399681,-36.03635118899987,0 -72.59160067499685,-36.03635592399988,0 -72.59160059599681,-36.03635753499987,0 -72.59158993399681,-36.0365160929999,0 -72.59158979899684,-36.03651767699989,0 -72.5915896649968,-36.03651896699992,0 -72.59158947699682,-36.03652051699989,0 -72.59156703699685,-36.0366814869999,0 -72.59156682199686,-36.03668287099988,0 -72.59156661899684,-36.03668404999987,0 -72.59156635699684,-36.0366854449999,0 -72.59153200599684,-36.03685333799993,0 -72.59153158799685,-36.03685517799988,0 -72.59153048399683,-36.03685892799987,0 -72.59152950999685,-36.03686177399991,0 -72.59152807099683,-36.03686547199987,0 -72.59145329799682,-36.03703587499984,0 -72.59140295599683,-36.03717098799989,0 -72.59140213199684,-36.03717304899988,0 -72.59140158999682,-36.03717431899987,0 -72.59140067199679,-36.03717633799987,0 -72.59139956499681,-36.03717849699994,0 -72.59139841299684,-36.03718058399991,0 -72.59132790199685,-36.03730186099989,0 -72.59132567799683,-36.03730535099988,0 -72.59132430099683,-36.03730733399988,0 -72.59132313999685,-36.03730893999992,0 -72.59131893999687,-36.03731388399991,0 -72.59131795999681,-36.03731491099989,0 -72.59131527099684,-36.03731754999989,0 -72.59131152499684,-36.03732072899987,0 -72.59131036899682,-36.03732163299989,0 -72.59130570899684,-36.03732495199992,0 -72.59130291399684,-36.03732666699989,0 -72.59130063999683,-36.03732798699986,0 -72.59129661599682,-36.0373301499999,0 -72.59120645799683,-36.03737486799989,0 -72.59120360999687,-36.03737620399988,0 -72.59120136799683,-36.0373771509999,0 -72.59119835299683,-36.03737836699989,0 -72.59118996199683,-36.03738118999988,0 -72.59118759699686,-36.03738179599987,0 -72.59118576899684,-36.03738223399989,0 -72.59117685599685,-36.03738383999984,0 -72.59117436199686,-36.0373841069999,0 -72.59117102999686,-36.03738441199991,0 -72.59116526999682,-36.0373847329999,0 -72.59105052099686,-36.03738708699993,0 -72.59104719399684,-36.03738708699991,0 -72.59104511299685,-36.03738701899988,0 -72.59104199799683,-36.03738687699985,0 -72.59103189099685,-36.03738577799988,0 -72.59102816299681,-36.03738510799985,0 -72.59102296999683,-36.03738398799991,0 -72.59089080199682,-36.03735076099988,0 -72.59088811299685,-36.03735003499988,0 -72.59088542699683,-36.03734923199988,0 -72.59088081599683,-36.0373475959999,0 -72.59087760499685,-36.03734633799987,0 -72.59087311499681,-36.03734440499989,0 -72.59075310799686,-36.03728784699987,0 -72.59075181799685,-36.03728722299986,0 -72.59074817899688,-36.03728528199986,0 -72.59074543999684,-36.03728371499989,0 -72.59074195799681,-36.03728157999989,0 -72.59061981599682,-36.03720146799986,0 -72.59061717999684,-36.03719964199988,0 -72.5906150259968,-36.03719804999985,0 -72.59060943999683,-36.03719337799987,0 -72.59060792299684,-36.03719194499987,0 -72.59060635199684,-36.03719040499988,0 -72.59060539599685,-36.03718940799984,0 -72.59051576699686,-36.03709364599985,0 -72.59051286699682,-36.03709029099989,0 -72.59051137999685,-36.0370884239999,0 -72.59050881799683,-36.03708492599986,0 -72.59050627499681,-36.03708070899989,0 -72.59050543399682,-36.03707914499989,0 -72.59050333499684,-36.03707472499988,0 -72.59050172799684,-36.03707019699991,0 -72.59050127899681,-36.03706868799988,0 -72.59050032699683,-36.03706413899989,0 -72.59048382999681,-36.03708608299988,0 -72.59039926899682,-36.03723525199985,0 -72.59039792899685,-36.03723747899988,0 -72.59039675299682,-36.03723932599987,0 -72.59039529999681,-36.03724148499987,0 -72.59030362599681,-36.03737066499989,0 -72.59023989899681,-36.03750581499988,0 -72.59021326599681,-36.03765912799985,0 -72.5902108059968,-36.0377398359999,0 -72.59024086099681,-36.03781352399988,0 -72.59028222199683,-36.0378586419999,0 -72.59011349199685,-36.03788581399989,0 -72.59010833099687,-36.03788664499994,0 -72.59010949199686,-36.03788145199984,0 -72.59010681699684,-36.03787830999988,0 -72.59010550699681,-36.03787664699987,0 -72.59010311899681,-36.03787336799988,0 -72.59010053599683,-36.03786907599988,0 -72.59009907399683,-36.03786634799985,0 -72.59009696899686,-36.03786188899991,0 -72.59005956099679,-36.03777017599989,0 -72.59005801099681,-36.03776575299987,0 -72.59005725499684,-36.03776318499987,0 -72.59005617399683,-36.03775867499988,0 -72.59005555799682,-36.03775398499989,0 -72.59005534499684,-36.03775121999984,0 -72.59005523599679,-36.03774650399989,0 -72.59005808199683,-36.0376531309999,0 -72.59005828699682,-36.03765002299988,0 -72.59005854999683,-36.03764743199986,0 -72.59005897799683,-36.03764432499987,0 -72.59008726199684,-36.03748152099985,0 -72.59008757999683,-36.03747987299991,0 -72.59008796999682,-36.03747816799989,0 -72.59008928999683,-36.03747380399989,0 -72.59009043499681,-36.03747059799989,0 -72.5900921999968,-36.03746632999985,0 -72.59016044999682,-36.03732158799991,0 -72.59016246999683,-36.03731779299989,0 -72.59016427499685,-36.0373147299999,0 -72.59016664899681,-36.03731106499989,0 -72.59025861499686,-36.03718153099991,0 -72.59025934599683,-36.03718046299988,0 -72.59026003599681,-36.03717935899991,0 -72.59034432999685,-36.03703053299989,0 -72.59034608699686,-36.03702766099985,0 -72.59034763199682,-36.03702531199985,0 -72.59034963799682,-36.03702247499994,0 -72.59055838699683,-36.03674861499988,0 -72.59056178499684,-36.03663712099993,0 -72.59054531099682,-36.0365344359999,0 -72.59052317599682,-36.03640168199985,0 -72.59052267499683,-36.0363974009999,0 -72.59052244999684,-36.03639408199984,0 -72.59052236899683,-36.03638976999989,0 -72.59052245699682,-36.03638802799986,0 -72.59053272499686,-36.03624187399988,0 -72.59053316399681,-36.03623803799986,0 -72.59053363399684,-36.03623507999988,0 -72.5905344049968,-36.03623129299992,0 -72.59053477099681,-36.03622991299989,0 -72.59057397899686,-36.03609103199992,0 -72.59057461999684,-36.03608895199989,0 -72.59057521099683,-36.03608718299993,0 -72.5905759649968,-36.03608509799992,0 -72.59062975199684,-36.03594647099987,0 -72.59063047199685,-36.03594471699993,0 -72.59063095499684,-36.03594360499988,0 -72.59063175299683,-36.03594186699988,0 -72.59063265999683,-36.03594007899991,0 -72.59063363199684,-36.03593828199984,0 -72.59072741899681,-36.03577276299993,0 -72.59076656399684,-36.03566797599989,0 -72.59081072699679,-36.03550584599987,0 -72.59081525799681,-36.03525679799989,0 -72.59082096499684,-36.03506943899987,0 -72.59082136299681,-36.03506472899988,0 -72.59082186399684,-36.03506111699988,0 -72.59082276399684,-36.03505646199991,0 -72.59082326599683,-36.0350546089999,0 -72.59085560999686,-36.03494458299989,0 -72.59085672499681,-36.03494126099988,0 -72.5908577589968,-36.03493852599987,0 -72.59085912499688,-36.03493528599992,0 -72.59090256199686,-36.03484196499988,0 -72.59090427599685,-36.03483867499988,0 -72.59090530999684,-36.03483686199985,0 -72.5909092359968,-36.03483096899991,0 -72.59091035099684,-36.03482954099984,0 -72.59091559899683,-36.03482373999989,0 -72.59091725999683,-36.03482213899989,0 -72.59091823799683,-36.03482121799988,0 -72.59092021399685,-36.03481947499991,0 -72.59097293099686,-36.03477502799993,0 -72.59100033499683,-36.03470298699992,0 -72.59100966699683,-36.03463002699991,0 -72.59096342599685,-36.03448389999991,0 -72.59088552699683,-36.03432227999986,0 -72.59088441499685,-36.03431979999988,0 -72.59088385399683,-36.03431837499988,0 -72.59088299199685,-36.03431608399989,0 -72.59088080399682,-36.03430820299987,0 -72.59088035199686,-36.03430568399989,0 -72.59087981399684,-36.03430158099984,0 -72.59087133899683,-36.03420051799986,0 -72.59087120099682,-36.03419802599989,0 -72.59087115199684,-36.03419620899984,0 -72.59087115599685,-36.03419368899991,0 -72.59087121999684,-36.03419231099986,0 -72.5908712989968,-36.03419116599989,0 -72.59088055799683,-36.03407803099986,0 -72.59088099699684,-36.03407445599988,0 -72.59088130099683,-36.03407260999992,0 -72.59088203299682,-36.03406906799989,0 -72.59088335199684,-36.03406470299989,0 -72.59088432399686,-36.03406198299987,0 -72.59088608899683,-36.03405771599991,0 -72.59091986099682,-36.03398608999986,0 -72.59092163499682,-36.03398271599986,0 -72.59092272099682,-36.03398083099993,0 -72.59092620599687,-36.03397556099987,0 -72.59092715499683,-36.03397433799993,0 -72.59092796799679,-36.03397331799991,0 -72.59093340299685,-36.03396742899988,0 -72.59093538399684,-36.03396556399989,0 -72.59093825899683,-36.03396305099989,0 -72.59096172199681,-36.03394380999993,0 -72.59096303799684,-36.03394270799987,0 -72.59096441999681,-36.0339415839999,0 -72.59096758199682,-36.03393908799993,0 -72.59103241999682,-36.03388571699989,0 -72.59108151999683,-36.03384108799985,0 -72.59108539399688,-36.03383785099991,0 -72.5910881749968,-36.03383571299989,0 -72.59109242299681,-36.03383271199989,0 -72.59109553299685,-36.03383081199985,0 -72.59109870499681,-36.03382903199986,0 -72.59117693299686,-36.03378773399988,0 -72.59118974799684,-36.03374642299988,0 -72.5911889489968,-36.03371180699987,0 -72.59117130899686,-36.03367692299986,0 -72.59103120799686,-36.03358161699987,0 -72.59102991199688,-36.03358071199992,0 -72.59102634799682,-36.03357796199989,0 -72.59102364799681,-36.0335757179999,0 -72.59102032999685,-36.03357274799988,0 -72.59086784599681,-36.03342566299992,0 -72.5908667289968,-36.03342455599992,0 -72.5908650249968,-36.03342274499987,0 -72.59086344699685,-36.03342099099993,0 -72.59085864199683,-36.03341481499994,0 -72.59085730299685,-36.03341279099991,0 -72.59085525099685,-36.03340941299985,0 -72.59084095399683,-36.03338364399988,0 -72.59083983199685,-36.03338169599991,0 -72.59083902099682,-36.03338022999989,0 -72.59083758699687,-36.03337753199987,0 -72.59078114799682,-36.03327625299988,0 -72.59077912199682,-36.03327218499987,0 -72.59077786099685,-36.03326930799991,0 -72.59077528699683,-36.0332614109999,0 -72.5907747199968,-36.03325891799991,0 -72.59077435599686,-36.03325715599991,0 -72.59077395799682,-36.03325460499985,0 -72.59075993199683,-36.03314356199988,0 -72.59075979899679,-36.0331423829999,0 -72.59075968899683,-36.03314130999985,0 -72.59074659099684,-36.03299642599993,0 -72.59074643199685,-36.03299377299987,0 -72.59074639199682,-36.0329924459999,0 -72.59074639299682,-36.03298980199988,0 -72.59074663899685,-36.03298630899987,0 -72.59074688799679,-36.03298406199989,0 -72.59074741299682,-36.0329805749999,0 -72.59076813299683,-36.03287248399991,0 -72.59076847299681,-36.03287085899994,0 -72.59076884599683,-36.0328692439999,0 -72.59076910699682,-36.03286823999986,0 -72.59082165499679,-36.03267925499989,0 -72.59082295099687,-36.03267529799988,0 -72.59082409699684,-36.03267226399987,0 -72.59082576199684,-36.03266838999985,0 -72.59082646399683,-36.03266699599988,0 -72.59087747199683,-36.03257113799987,0 -72.59087913499681,-36.03256789399989,0 -72.59087978949681,-36.03256592499987,0 -72.59088021599678,-36.03256389399988,0 -72.59084913099683,-36.03246845899985,0 -72.59075379099683,-36.03237345299991,0 -72.59067303199684,-36.03225444899991,0 -72.59067080499685,-36.0322522979999,0 -72.59066975299683,-36.03225119899988,0 -72.59066794499685,-36.0322492569999,0 -72.59066246999683,-36.03224233999989,0 -72.59066094099687,-36.03224002499988,0 -72.59065868099682,-36.03223625699989,0 -72.59057417999684,-36.03208016499986,0 -72.59057356799681,-36.03207910199993,0 -72.59055472299681,-36.03204874399992,0 -72.59053423899684,-36.03201574499985,0 -72.59046564206012,-36.03190515700422,0 -72.59046845499685,-36.03187817849992,0 
						</coordinates>
					</LinearRing>
				</outerBoundaryIs>
			</Polygon>
		</Placemark>
		<Placemark>
			<styleUrl>#falseColor</styleUrl>
			<ExtendedData>
				<SchemaData schemaUrl="#S_UsoSuelo_SDSDDD">
					<SimpleData name="OBJECTID">595041800</SimpleData>
					<SimpleData name="ZONA">4</SimpleData>
					<SimpleData name="AREA">5</SimpleData>
					<SimpleData name="ID_PREDIO">10728</SimpleData>
					<SimpleData name="NOM_PREDIO">CHAMIZAL</SimpleData>
					<SimpleData name="ID_SECCION">1</SimpleData>
					<SimpleData name="ID_RODAL">0</SimpleData>
					<SimpleData name="TIPO_USO">52</SimpleData>
					<SimpleData name="APL">0</SimpleData>
					<SimpleData name="MPL">0</SimpleData>
					<SimpleData name="SUP_M2">2322.22</SimpleData>
					<SimpleData name="TIPOUSO">FASP</SimpleData>
					<SimpleData name="PORC_PROP">100</SimpleData>
					<SimpleData name="Shape_Leng">0</SimpleData>
					<SimpleData name="Shape_Area">0</SimpleData>
				</SchemaData>
			</ExtendedData>
			<Polygon>
				<outerBoundaryIs>
					<LinearRing>
						<coordinates>
							-72.59056098299683,-36.03162634899988,0 -72.59063660199679,-36.03161290899991,0 -72.59078049599682,-36.03158733299989,0 -72.59086989299682,-36.03157144399989,0 -72.59088503199681,-36.03156875299991,0 -72.59113364899683,-36.03150429699986,0 -72.59131194999684,-36.03142720099987,0 -72.59134027099684,-36.0314149549999,0 -72.59150063399686,-36.03133269599991,0 -72.59157548199686,-36.03128285399988,0 -72.59159798099685,-36.03126787099992,0 -72.59183512349685,-36.03104023399987,0 -72.59188583399686,-36.03100103399988,0 -72.59192269149682,-36.03097254099986,0 -72.59200672749685,-36.0309127899999,0 -72.59210589649682,-36.03089608399989,0 -72.59214541749682,-36.03089420599986,0 -72.59224672849683,-36.0308962419999,0 -72.5922637394968,-36.03089658299989,0 -72.5923084009968,-36.0309072689999,0 -72.59244656899689,-36.03094032499985,0 -72.59245263249684,-36.03094131399985,0 -72.59257747149682,-36.0309616539999,0 -72.59267867649683,-36.03096634299991,0 -72.59267927749686,-36.03096637099989,0 -72.59272906549683,-36.03095134299985,0 -72.59277580899688,-36.03092823999989,0 -72.59279822649683,-36.03089792699991,0 -72.59284532449686,-36.03083424699985,0 -72.59284783549684,-36.03083084999987,0 -72.59288236349686,-36.03080119699987,0 -72.59289625349685,-36.03078926799986,0 -72.59290124799686,-36.03078497799987,0 -72.59293905199682,-36.03085939399989,0 -72.59296452299684,-36.03093059799989,0 -72.59300060699684,-36.03103147299986,0 -72.59297314299687,-36.0310578159999,0 -72.59294286699685,-36.03108082899987,0 -72.59290977899683,-36.0311005099999,0 -72.59287388499681,-36.03111686099987,0 -72.59284359599684,-36.03112782299988,0 -72.59281933299684,-36.03113404899992,0 -72.59279868699683,-36.03113666999985,0 -72.59277543399683,-36.03113720499992,0 -72.5927158479968,-36.0311319709999,0 -72.59267524399684,-36.0311249549999,0 -72.59263536099682,-36.03111448899992,0 -72.59259789999683,-36.03110102299984,0 -72.59256420299687,-36.03108504199986,0 -72.59254983999688,-36.03107594199987,0 -72.59253525799686,-36.03106405599988,0 -72.59247994099682,-36.03100913299991,0 -72.59245449999682,-36.03099141499988,0 -72.59243063999683,-36.0309797909999,0 -72.59240448199687,-36.03096931399991,0 -72.59237655899688,-36.03096020099988,0 -72.59234762599688,-36.03095269899992,0 -72.59231314499687,-36.03094637199985,0 -72.59227635999683,-36.0309424979999,0 -72.59223805699683,-36.03094116199988,0 -72.59219936999688,-36.03094240599989,0 -72.59216302699683,-36.03094650799991,0 -72.59212368299681,-36.03095427899991,0 -72.59208052999685,-36.03096580699989,0 -72.59202705699686,-36.03098282799987,0 -72.59198701599684,-36.03099702999989,0 -72.59195417399681,-36.03101061799988,0 -72.59193257699684,-36.0310214809999,0 -72.59191139599685,-36.03103435499988,0 -72.59186917699684,-36.03106683999989,0 -72.59183274299684,-36.03110156199988,0 -72.59175150099684,-36.03118692399988,0 -72.59170902799681,-36.0312251089999,0 -72.59160060999683,-36.03130853699987,0 -72.5914833239968,-36.0313924489999,0 -72.59134287899684,-36.03149349299988,0 -72.59127796399684,-36.03153686499985,0 -72.59120929199683,-36.03157594599987,0 -72.59117630599683,-36.03159163899991,0 -72.59114368599685,-36.0316050379999,0 -72.59106384499685,-36.03163168999991,0 -72.59098014799682,-36.0316529479999,0 -72.59094687999685,-36.03165894099988,0 -72.59090955099683,-36.03166338099991,0 -72.59075668199685,-36.03167241799986,0 -72.59069118199687,-36.03168005199991,0 -72.59059955999682,-36.03169681199989,0 -72.59053603099684,-36.03171257799992,0 -72.59053426799683,-36.0316935019999,0 -72.59055037491103,-36.03162876875178,0 -72.59056098299683,-36.03162634899988,0 
						</coordinates>
					</LinearRing>
				</outerBoundaryIs>
			</Polygon>
		</Placemark>
	</Folder>
</Document>
</kml>
