{
"type": "FeatureCollection",
"features": [
{ "type": "Feature", "properties": { "OBJECTID": "734201", "NUMESCENAR": "911", "TIPOUSO": "PIRA", "TIPO_USO": "094", "NOM_TIPUSO": "PINO RADIATA", "APL": "2008,2009", "TEMPORADA": "VE2026", "NUM_ACTA": "2074455", "ZONA": "Chillán", "ID_AREA": "11", "NOM_AREA": "Canteras del Laja", "INTERVENCI": "COSECHA", "CODIGO": "21391", "NOM_PREDIO": "SAN ANTONIO 2", "UNIDAD": "COSECHA", "CS_EMSEFOR": "3.28300000000e+03", "ID_EMSEFOR": "", "EMSEFOR": "FORESTAL MILLALEMU Y CIA.LTDA.", "FAENA": "SK.Huinche", "SUPERVISOR": "DE LA CRUZ FRANCISCO", "ID_RESPON": "", "NOM_RESPON": "", "EQUIPO_MAD": "SKHU", "FCH_LIBERA": "16-01-2026", "FCH_CIERRE": "", "EST_MADERA": "Verde", "SUPERFICIE": "1.66332607070e+02", "ESTADO": "3", "ID_TRA_INI": "", "ID_TRA_FIN": "", "Shape_Leng": "0.00000000000e+00", "Shape_Area": "0.00000000000e+00", "CLOSED": "YES", "BORDER_STYLE": "Solid", "BORDER_COLOR": "RGB(255,255,255)", "BORDER_WIDTH": "4", "FILL_STYLE": "No Fill", "MOD_DATE": "09-02-2026" }, "geometry": { "type": "Polygon", "coordinates": [ [ [ -71.947780, -37.812524 ], [ -71.947770, -37.812525 ], [ -71.947760, -37.812524 ], [ -71.947750, -37.812523 ], [ -71.947741, -37.812522 ], [ -71.947731, -37.812519 ], [ -71.947722, -37.812516 ], [ -71.947713, -37.812513 ], [ -71.947705, -37.812508 ], [ -71.947697, -37.812504 ], [ -71.947690, -37.812498 ], [ -71.947683, -37.812493 ], [ -71.947675, -37.812484 ], [ -71.947515, -37.812289 ], [ -71.947511, -37.812285 ], [ -71.947508, -37.812279 ], [ -71.947457, -37.812196 ], [ -71.947449, -37.812193 ], [ -71.947420, -37.812159 ], [ -71.947404, -37.812121 ], [ -71.947402, -37.812108 ], [ -71.947393, -37.812092 ], [ -71.947375, -37.812092 ], [ -71.947371, -37.812091 ], [ -71.947249, -37.812077 ], [ -71.947174, -37.812069 ], [ -71.947055, -37.812055 ], [ -71.947049, -37.812055 ], [ -71.946801, -37.812042 ], [ -71.946746, -37.812084 ], [ -71.946741, -37.812088 ], [ -71.946658, -37.812144 ], [ -71.946657, -37.812145 ], [ -71.946651, -37.812149 ], [ -71.946645, -37.812153 ], [ -71.946644, -37.812159 ], [ -71.946643, -37.812185 ], [ -71.946660, -37.812214 ], [ -71.946658, -37.812257 ], [ -71.946666, -37.812293 ], [ -71.946664, -37.812336 ], [ -71.946672, -37.812372 ], [ -71.946679, -37.812415 ], [ -71.946694, -37.812487 ], [ -71.946698, -37.812505 ], [ -71.946702, -37.812522 ], [ -71.946709, -37.812558 ], [ -71.946717, -37.812594 ], [ -71.946724, -37.812630 ], [ -71.946732, -37.812666 ], [ -71.946748, -37.812703 ], [ -71.946765, -37.812739 ], [ -71.946772, -37.812755 ], [ -71.946781, -37.812775 ], [ -71.946789, -37.812811 ], [ -71.946796, -37.812847 ], [ -71.946804, -37.812890 ], [ -71.946804, -37.812892 ], [ -71.946811, -37.812926 ], [ -71.946828, -37.812962 ], [ -71.946832, -37.812971 ], [ -71.946844, -37.812998 ], [ -71.946870, -37.813035 ], [ -71.946879, -37.813056 ], [ -71.946886, -37.813071 ], [ -71.946903, -37.813107 ], [ -71.946928, -37.813143 ], [ -71.946962, -37.813194 ], [ -71.946979, -37.813231 ], [ -71.947004, -37.813267 ], [ -71.947039, -37.813296 ], [ -71.947074, -37.813326 ], [ -71.947109, -37.813356 ], [ -71.947134, -37.813392 ], [ -71.947164, -37.813417 ], [ -71.947169, -37.813421 ], [ -71.947204, -37.813451 ], [ -71.947239, -37.813480 ], [ -71.947274, -37.813510 ], [ -71.947309, -37.813539 ], [ -71.947344, -37.813569 ], [ -71.947387, -37.813599 ], [ -71.947432, -37.813621 ], [ -71.947475, -37.813651 ], [ -71.947519, -37.813674 ], [ -71.947532, -37.813687 ], [ -71.947554, -37.813710 ], [ -71.947589, -37.813740 ], [ -71.947633, -37.813770 ], [ -71.947677, -37.813799 ], [ -71.947711, -37.813829 ], [ -71.947746, -37.813858 ], [ -71.947781, -37.813888 ], [ -71.947816, -37.813917 ], [ -71.947851, -37.813947 ], [ -71.947885, -37.813984 ], [ -71.947920, -37.814013 ], [ -71.947946, -37.814049 ], [ -71.947971, -37.814086 ], [ -71.948006, -37.814115 ], [ -71.948032, -37.814152 ], [ -71.948066, -37.814188 ], [ -71.948092, -37.814225 ], [ -71.948108, -37.814261 ], [ -71.948137, -37.814292 ], [ -71.948143, -37.814298 ], [ -71.948177, -37.814334 ], [ -71.948203, -37.814371 ], [ -71.948237, -37.814407 ], [ -71.948263, -37.814444 ], [ -71.948298, -37.814473 ], [ -71.948333, -37.814503 ], [ -71.948360, -37.814532 ], [ -71.948367, -37.814540 ], [ -71.948402, -37.814569 ], [ -71.948419, -37.814605 ], [ -71.948453, -37.814642 ], [ -71.948470, -37.814678 ], [ -71.948495, -37.814715 ], [ -71.948530, -37.814751 ], [ -71.948546, -37.814787 ], [ -71.948572, -37.814824 ], [ -71.948580, -37.814841 ], [ -71.948588, -37.814860 ], [ -71.948614, -37.814896 ], [ -71.948620, -37.814902 ], [ -71.948649, -37.814933 ], [ -71.948683, -37.814970 ], [ -71.948718, -37.814999 ], [ -71.948762, -37.815022 ], [ -71.948805, -37.815037 ], [ -71.948807, -37.815037 ], [ -71.948851, -37.815053 ], [ -71.948905, -37.815054 ], [ -71.948959, -37.815056 ], [ -71.949004, -37.815064 ], [ -71.949058, -37.815065 ], [ -71.949069, -37.815066 ], [ -71.949112, -37.815067 ], [ -71.949157, -37.815054 ], [ -71.949203, -37.815040 ], [ -71.949240, -37.815013 ], [ -71.949286, -37.814985 ], [ -71.949315, -37.814950 ], [ -71.949361, -37.814923 ], [ -71.949407, -37.814903 ], [ -71.949453, -37.814890 ], [ -71.949498, -37.814876 ], [ -71.949544, -37.814870 ], [ -71.949589, -37.814857 ], [ -71.949635, -37.814851 ], [ -71.949679, -37.814860 ], [ -71.949723, -37.814882 ], [ -71.949768, -37.814898 ], [ -71.949812, -37.814913 ], [ -71.949866, -37.814915 ], [ -71.949868, -37.814914 ], [ -71.949912, -37.814894 ], [ -71.949930, -37.814889 ], [ -71.949927, -37.814752 ], [ -71.949915, -37.814600 ], [ -71.949915, -37.814597 ], [ -71.949915, -37.814594 ], [ -71.949938, -37.814485 ], [ -71.949939, -37.814481 ], [ -71.949941, -37.814477 ], [ -71.949971, -37.814427 ], [ -71.949986, -37.814402 ], [ -71.949988, -37.814400 ], [ -71.950048, -37.814323 ], [ -71.950052, -37.814319 ], [ -71.950056, -37.814316 ], [ -71.950061, -37.814314 ], [ -71.950234, -37.814240 ], [ -71.950399, -37.814157 ], [ -71.950408, -37.814152 ], [ -71.950409, -37.814151 ], [ -71.950489, -37.814115 ], [ -71.950482, -37.814109 ], [ -71.950463, -37.814075 ], [ -71.950443, -37.814041 ], [ -71.950426, -37.814007 ], [ -71.950413, -37.813972 ], [ -71.950413, -37.813971 ], [ -71.950408, -37.813933 ], [ -71.950413, -37.813895 ], [ -71.950423, -37.813859 ], [ -71.950434, -37.813824 ], [ -71.950448, -37.813799 ], [ -71.950453, -37.813791 ], [ -71.950467, -37.813772 ], [ -71.950333, -37.813715 ], [ -71.950327, -37.813712 ], [ -71.950287, -37.813695 ], [ -71.950172, -37.813652 ], [ -71.950047, -37.813659 ], [ -71.950000, -37.813661 ], [ -71.949997, -37.813662 ], [ -71.949817, -37.813657 ], [ -71.949811, -37.813656 ], [ -71.949807, -37.813656 ], [ -71.949792, -37.813652 ], [ -71.949682, -37.813624 ], [ -71.949680, -37.813623 ], [ -71.949675, -37.813621 ], [ -71.949551, -37.813561 ], [ -71.949547, -37.813558 ], [ -71.949543, -37.813555 ], [ -71.949540, -37.813552 ], [ -71.949429, -37.813406 ], [ -71.949428, -37.813404 ], [ -71.949426, -37.813400 ], [ -71.949368, -37.813263 ], [ -71.949367, -37.813259 ], [ -71.949366, -37.813255 ], [ -71.949367, -37.813251 ], [ -71.949391, -37.813108 ], [ -71.949391, -37.813106 ], [ -71.949392, -37.813104 ], [ -71.949452, -37.812956 ], [ -71.949481, -37.812847 ], [ -71.949428, -37.812769 ], [ -71.949319, -37.812648 ], [ -71.949164, -37.812517 ], [ -71.949123, -37.812486 ], [ -71.949019, -37.812408 ], [ -71.948938, -37.812347 ], [ -71.948698, -37.812180 ], [ -71.948298, -37.812065 ], [ -71.947939, -37.812035 ], [ -71.947709, -37.812078 ], [ -71.947717, -37.812100 ], [ -71.947746, -37.812125 ], [ -71.947769, -37.812159 ], [ -71.947792, -37.812193 ], [ -71.947814, -37.812227 ], [ -71.947821, -37.812252 ], [ -71.947824, -37.812262 ], [ -71.947825, -37.812265 ], [ -71.947835, -37.812303 ], [ -71.947835, -37.812305 ], [ -71.947834, -37.812341 ], [ -71.947833, -37.812346 ], [ -71.947865, -37.812385 ], [ -71.947868, -37.812390 ], [ -71.947873, -37.812397 ], [ -71.947877, -37.812404 ], [ -71.947880, -37.812411 ], [ -71.947882, -37.812419 ], [ -71.947883, -37.812427 ], [ -71.947884, -37.812435 ], [ -71.947883, -37.812442 ], [ -71.947882, -37.812450 ], [ -71.947880, -37.812458 ], [ -71.947877, -37.812465 ], [ -71.947873, -37.812473 ], [ -71.947868, -37.812480 ], [ -71.947863, -37.812486 ], [ -71.947857, -37.812493 ], [ -71.947850, -37.812498 ], [ -71.947843, -37.812504 ], [ -71.947835, -37.812508 ], [ -71.947827, -37.812513 ], [ -71.947818, -37.812516 ], [ -71.947809, -37.812519 ], [ -71.947799, -37.812522 ], [ -71.947790, -37.812523 ], [ -71.947780, -37.812524 ] ] ] } }
,
{ "type": "Feature", "properties": { "OBJECTID": "734201", "NUMESCENAR": "911", "TIPOUSO": "PIRA", "TIPO_USO": "094", "NOM_TIPUSO": "PINO RADIATA", "APL": "2008,2009", "TEMPORADA": "VE2026", "NUM_ACTA": "2074455", "ZONA": "Chillán", "ID_AREA": "11", "NOM_AREA": "Canteras del Laja", "INTERVENCI": "COSECHA", "CODIGO": "21391", "NOM_PREDIO": "SAN ANTONIO 2", "UNIDAD": "COSECHA", "CS_EMSEFOR": "3.28300000000e+03", "ID_EMSEFOR": "", "EMSEFOR": "FORESTAL MILLALEMU Y CIA.LTDA.", "FAENA": "SK.Huinche", "SUPERVISOR": "DE LA CRUZ FRANCISCO", "ID_RESPON": "", "NOM_RESPON": "", "EQUIPO_MAD": "SKHU", "FCH_LIBERA": "16-01-2026", "FCH_CIERRE": "", "EST_MADERA": "Verde", "SUPERFICIE": "1.66332607070e+02", "ESTADO": "3", "ID_TRA_INI": "", "ID_TRA_FIN": "", "Shape_Leng": "0.00000000000e+00", "Shape_Area": "0.00000000000e+00", "CLOSED": "YES", "BORDER_STYLE": "Solid", "BORDER_COLOR": "RGB(255,255,255)", "BORDER_WIDTH": "4", "FILL_STYLE": "No Fill", "MOD_DATE": "09-02-2026" }, "geometry": { "type": "Polygon", "coordinates": [ [ [ -71.947213, -37.812019 ], [ -71.947358, -37.812035 ], [ -71.947336, -37.811999 ], [ -71.947331, -37.811991 ], [ -71.947331, -37.811989 ], [ -71.947323, -37.811970 ], [ -71.947301, -37.811980 ], [ -71.947255, -37.812000 ], [ -71.947213, -37.812019 ] ] ] } }
,
{ "type": "Feature", "properties": { "OBJECTID": "734201", "NUMESCENAR": "911", "TIPOUSO": "PIRA", "TIPO_USO": "094", "NOM_TIPUSO": "PINO RADIATA", "APL": "2008,2009", "TEMPORADA": "VE2026", "NUM_ACTA": "2074455", "ZONA": "Chillán", "ID_AREA": "11", "NOM_AREA": "Canteras del Laja", "INTERVENCI": "COSECHA", "CODIGO": "21391", "NOM_PREDIO": "SAN ANTONIO 2", "UNIDAD": "COSECHA", "CS_EMSEFOR": "3.28300000000e+03", "ID_EMSEFOR": "", "EMSEFOR": "FORESTAL MILLALEMU Y CIA.LTDA.", "FAENA": "SK.Huinche", "SUPERVISOR": "DE LA CRUZ FRANCISCO", "ID_RESPON": "", "NOM_RESPON": "", "EQUIPO_MAD": "SKHU", "FCH_LIBERA": "16-01-2026", "FCH_CIERRE": "", "EST_MADERA": "Verde", "SUPERFICIE": "1.66332607070e+02", "ESTADO": "3", "ID_TRA_INI": "", "ID_TRA_FIN": "", "Shape_Leng": "0.00000000000e+00", "Shape_Area": "0.00000000000e+00", "CLOSED": "YES", "BORDER_STYLE": "Solid", "BORDER_COLOR": "RGB(255,255,255)", "BORDER_WIDTH": "4", "FILL_STYLE": "No Fill", "MOD_DATE": "09-02-2026" }, "geometry": { "type": "Polygon", "coordinates": [ [ [ -71.947831, -37.811801 ], [ -71.947785, -37.811814 ], [ -71.947740, -37.811827 ], [ -71.947694, -37.811840 ], [ -71.947649, -37.811853 ], [ -71.947603, -37.811874 ], [ -71.947574, -37.811909 ], [ -71.947540, -37.811918 ], [ -71.947544, -37.811926 ], [ -71.947614, -37.812040 ], [ -71.947929, -37.811981 ], [ -71.947935, -37.811981 ], [ -71.947941, -37.811981 ], [ -71.948309, -37.812012 ], [ -71.948313, -37.812012 ], [ -71.948317, -37.812013 ], [ -71.948707, -37.812125 ], [ -71.948727, -37.812131 ], [ -71.948731, -37.812133 ], [ -71.948735, -37.812134 ], [ -71.948738, -37.812136 ], [ -71.948744, -37.812140 ], [ -71.948983, -37.812307 ], [ -71.948984, -37.812308 ], [ -71.949089, -37.812387 ], [ -71.949212, -37.812478 ], [ -71.949213, -37.812479 ], [ -71.949370, -37.812612 ], [ -71.949372, -37.812614 ], [ -71.949373, -37.812615 ], [ -71.949480, -37.812734 ], [ -71.949485, -37.812739 ], [ -71.949487, -37.812742 ], [ -71.949528, -37.812803 ], [ -71.949546, -37.812830 ], [ -71.949548, -37.812833 ], [ -71.949550, -37.812837 ], [ -71.949550, -37.812841 ], [ -71.949550, -37.812844 ], [ -71.949550, -37.812848 ], [ -71.949518, -37.812969 ], [ -71.949517, -37.812972 ], [ -71.949458, -37.813118 ], [ -71.949440, -37.813221 ], [ -71.949435, -37.813252 ], [ -71.949440, -37.813264 ], [ -71.949489, -37.813380 ], [ -71.949594, -37.813518 ], [ -71.949707, -37.813573 ], [ -71.949801, -37.813597 ], [ -71.949824, -37.813603 ], [ -71.949997, -37.813607 ], [ -71.950176, -37.813598 ], [ -71.950182, -37.813598 ], [ -71.950187, -37.813599 ], [ -71.950193, -37.813600 ], [ -71.950291, -37.813637 ], [ -71.950317, -37.813647 ], [ -71.950319, -37.813647 ], [ -71.950532, -37.813739 ], [ -71.950535, -37.813740 ], [ -71.950539, -37.813743 ], [ -71.950542, -37.813745 ], [ -71.950546, -37.813749 ], [ -71.950581, -37.813744 ], [ -71.950626, -37.813757 ], [ -71.950667, -37.813773 ], [ -71.950702, -37.813797 ], [ -71.950737, -37.813824 ], [ -71.950737, -37.813825 ], [ -71.950754, -37.813858 ], [ -71.950764, -37.813894 ], [ -71.950766, -37.813926 ], [ -71.950766, -37.813933 ], [ -71.950758, -37.813968 ], [ -71.950736, -37.814001 ], [ -71.950727, -37.814011 ], [ -71.950708, -37.814031 ], [ -71.950693, -37.814042 ], [ -71.950674, -37.814057 ], [ -71.950636, -37.814078 ], [ -71.950602, -37.814121 ], [ -71.950599, -37.814125 ], [ -71.950595, -37.814128 ], [ -71.950590, -37.814131 ], [ -71.950444, -37.814198 ], [ -71.950270, -37.814286 ], [ -71.950267, -37.814287 ], [ -71.950261, -37.814290 ], [ -71.950101, -37.814358 ], [ -71.950046, -37.814427 ], [ -71.950038, -37.814440 ], [ -71.950004, -37.814497 ], [ -71.949983, -37.814599 ], [ -71.949995, -37.814749 ], [ -71.949995, -37.814750 ], [ -71.949999, -37.814916 ], [ -71.950006, -37.814927 ], [ -71.950019, -37.814926 ], [ -71.950064, -37.814920 ], [ -71.950118, -37.814921 ], [ -71.950173, -37.814922 ], [ -71.950227, -37.814924 ], [ -71.950272, -37.814911 ], [ -71.950317, -37.814905 ], [ -71.950363, -37.814892 ], [ -71.950409, -37.814879 ], [ -71.950454, -37.814865 ], [ -71.950500, -37.814852 ], [ -71.950546, -37.814832 ], [ -71.950592, -37.814805 ], [ -71.950638, -37.814784 ], [ -71.950684, -37.814757 ], [ -71.950730, -37.814737 ], [ -71.950776, -37.814709 ], [ -71.950822, -37.814689 ], [ -71.950868, -37.814676 ], [ -71.950932, -37.814656 ], [ -71.950977, -37.814650 ], [ -71.951023, -37.814637 ], [ -71.951077, -37.814631 ], [ -71.951131, -37.814626 ], [ -71.951177, -37.814612 ], [ -71.951218, -37.814608 ], [ -71.951231, -37.814607 ], [ -71.951277, -37.814601 ], [ -71.951331, -37.814595 ], [ -71.951403, -37.814590 ], [ -71.951458, -37.814584 ], [ -71.951512, -37.814571 ], [ -71.951558, -37.814558 ], [ -71.951622, -37.814538 ], [ -71.951676, -37.814525 ], [ -71.951691, -37.814520 ], [ -71.951731, -37.814505 ], [ -71.951795, -37.814485 ], [ -71.951809, -37.814482 ], [ -71.951850, -37.814472 ], [ -71.951923, -37.814453 ], [ -71.951987, -37.814426 ], [ -71.952033, -37.814406 ], [ -71.952088, -37.814379 ], [ -71.952134, -37.814358 ], [ -71.952189, -37.814338 ], [ -71.952235, -37.814318 ], [ -71.952281, -37.814298 ], [ -71.952318, -37.814270 ], [ -71.952364, -37.814243 ], [ -71.952410, -37.814215 ], [ -71.952456, -37.814188 ], [ -71.952494, -37.814153 ], [ -71.952540, -37.814126 ], [ -71.952577, -37.814098 ], [ -71.952615, -37.814063 ], [ -71.952652, -37.814036 ], [ -71.952689, -37.814008 ], [ -71.952727, -37.813973 ], [ -71.952764, -37.813938 ], [ -71.952793, -37.813903 ], [ -71.952821, -37.813868 ], [ -71.952850, -37.813833 ], [ -71.952869, -37.813798 ], [ -71.952889, -37.813763 ], [ -71.952906, -37.813731 ], [ -71.952908, -37.813728 ], [ -71.952937, -37.813692 ], [ -71.952956, -37.813657 ], [ -71.952976, -37.813622 ], [ -71.952995, -37.813580 ], [ -71.953024, -37.813530 ], [ -71.953036, -37.813516 ], [ -71.953053, -37.813495 ], [ -71.953081, -37.813460 ], [ -71.953119, -37.813433 ], [ -71.953156, -37.813405 ], [ -71.953202, -37.813385 ], [ -71.953248, -37.813364 ], [ -71.953293, -37.813351 ], [ -71.953339, -37.813331 ], [ -71.953354, -37.813327 ], [ -71.953385, -37.813318 ], [ -71.953431, -37.813298 ], [ -71.953476, -37.813292 ], [ -71.953522, -37.813279 ], [ -71.953567, -37.813265 ], [ -71.953613, -37.813238 ], [ -71.953633, -37.813203 ], [ -71.953643, -37.813167 ], [ -71.953618, -37.813131 ], [ -71.953583, -37.813101 ], [ -71.953539, -37.813072 ], [ -71.953495, -37.813056 ], [ -71.953450, -37.813041 ], [ -71.953405, -37.813032 ], [ -71.953351, -37.813031 ], [ -71.953306, -37.813037 ], [ -71.953261, -37.813043 ], [ -71.953215, -37.813049 ], [ -71.953161, -37.813048 ], [ -71.953116, -37.813053 ], [ -71.953071, -37.813067 ], [ -71.953025, -37.813073 ], [ -71.952980, -37.813079 ], [ -71.952935, -37.813085 ], [ -71.952881, -37.813083 ], [ -71.952826, -37.813082 ], [ -71.952782, -37.813073 ], [ -71.952737, -37.813065 ], [ -71.952692, -37.813057 ], [ -71.952648, -37.813049 ], [ -71.952603, -37.813040 ], [ -71.952558, -37.813025 ], [ -71.952514, -37.813009 ], [ -71.952469, -37.813001 ], [ -71.952415, -37.813000 ], [ -71.952352, -37.812998 ], [ -71.952298, -37.813004 ], [ -71.952244, -37.813002 ], [ -71.952198, -37.813008 ], [ -71.952145, -37.813000 ], [ -71.952091, -37.812998 ], [ -71.952037, -37.812997 ], [ -71.951992, -37.812989 ], [ -71.951947, -37.812980 ], [ -71.951893, -37.812972 ], [ -71.951840, -37.812963 ], [ -71.951795, -37.812955 ], [ -71.951777, -37.812952 ], [ -71.951741, -37.812946 ], [ -71.951697, -37.812938 ], [ -71.951652, -37.812930 ], [ -71.951607, -37.812921 ], [ -71.951553, -37.812913 ], [ -71.951509, -37.812897 ], [ -71.951464, -37.812882 ], [ -71.951420, -37.812867 ], [ -71.951376, -37.812851 ], [ -71.951322, -37.812828 ], [ -71.951278, -37.812806 ], [ -71.951234, -37.812790 ], [ -71.951190, -37.812768 ], [ -71.951145, -37.812752 ], [ -71.951092, -37.812729 ], [ -71.951048, -37.812714 ], [ -71.951004, -37.812691 ], [ -71.950959, -37.812669 ], [ -71.950915, -37.812653 ], [ -71.950862, -37.812638 ], [ -71.950817, -37.812615 ], [ -71.950773, -37.812607 ], [ -71.950749, -37.812598 ], [ -71.950728, -37.812591 ], [ -71.950684, -37.812583 ], [ -71.950655, -37.812582 ], [ -71.950620, -37.812581 ], [ -71.950566, -37.812580 ], [ -71.950512, -37.812578 ], [ -71.950467, -37.812584 ], [ -71.950413, -37.812583 ], [ -71.950359, -37.812582 ], [ -71.950296, -37.812580 ], [ -71.950252, -37.812564 ], [ -71.950208, -37.812535 ], [ -71.950173, -37.812505 ], [ -71.950129, -37.812475 ], [ -71.950103, -37.812458 ], [ -71.950085, -37.812446 ], [ -71.950041, -37.812423 ], [ -71.949996, -37.812415 ], [ -71.949991, -37.812413 ], [ -71.949952, -37.812399 ], [ -71.949898, -37.812391 ], [ -71.949853, -37.812383 ], [ -71.949800, -37.812374 ], [ -71.949746, -37.812365 ], [ -71.949674, -37.812349 ], [ -71.949621, -37.812334 ], [ -71.949577, -37.812311 ], [ -71.949532, -37.812296 ], [ -71.949479, -37.812273 ], [ -71.949464, -37.812265 ], [ -71.949435, -37.812250 ], [ -71.949391, -37.812235 ], [ -71.949347, -37.812205 ], [ -71.949294, -37.812168 ], [ -71.949188, -37.812115 ], [ -71.949144, -37.812085 ], [ -71.949092, -37.812055 ], [ -71.949048, -37.812026 ], [ -71.949004, -37.812003 ], [ -71.948960, -37.811973 ], [ -71.948916, -37.811951 ], [ -71.948871, -37.811935 ], [ -71.948818, -37.811919 ], [ -71.948773, -37.811911 ], [ -71.948720, -37.811895 ], [ -71.948657, -37.811880 ], [ -71.948603, -37.811871 ], [ -71.948559, -37.811863 ], [ -71.948514, -37.811854 ], [ -71.948469, -37.811846 ], [ -71.948425, -37.811831 ], [ -71.948380, -37.811815 ], [ -71.948336, -37.811800 ], [ -71.948291, -37.811791 ], [ -71.948237, -37.811790 ], [ -71.948192, -37.811796 ], [ -71.948183, -37.811796 ], [ -71.948127, -37.811802 ], [ -71.948074, -37.811807 ], [ -71.948020, -37.811799 ], [ -71.947976, -37.811790 ], [ -71.947922, -37.811789 ], [ -71.947876, -37.811795 ], [ -71.947831, -37.811801 ] ] ] } }
,
{ "type": "Feature", "properties": { "OBJECTID": "734201", "NUMESCENAR": "911", "TIPOUSO": "PIRA", "TIPO_USO": "094", "NOM_TIPUSO": "PINO RADIATA", "APL": "2008,2009", "TEMPORADA": "VE2026", "NUM_ACTA": "2074455", "ZONA": "Chillán", "ID_AREA": "11", "NOM_AREA": "Canteras del Laja", "INTERVENCI": "COSECHA", "CODIGO": "21391", "NOM_PREDIO": "SAN ANTONIO 2", "UNIDAD": "COSECHA", "CS_EMSEFOR": "3.28300000000e+03", "ID_EMSEFOR": "", "EMSEFOR": "FORESTAL MILLALEMU Y CIA.LTDA.", "FAENA": "SK.Huinche", "SUPERVISOR": "DE LA CRUZ FRANCISCO", "ID_RESPON": "", "NOM_RESPON": "", "EQUIPO_MAD": "SKHU", "FCH_LIBERA": "16-01-2026", "FCH_CIERRE": "", "EST_MADERA": "Verde", "SUPERFICIE": "1.66332607070e+02", "ESTADO": "3", "ID_TRA_INI": "", "ID_TRA_FIN": "", "Shape_Leng": "0.00000000000e+00", "Shape_Area": "0.00000000000e+00", "CLOSED": "YES", "BORDER_STYLE": "Solid", "BORDER_COLOR": "RGB(255,255,255)", "BORDER_WIDTH": "4", "FILL_STYLE": "No Fill", "MOD_DATE": "09-02-2026" }, "geometry": { "type": "Polygon", "coordinates": [ [ [ -71.949086, -37.810096 ], [ -71.948966, -37.810255 ], [ -71.948963, -37.810258 ], [ -71.948960, -37.810261 ], [ -71.948957, -37.810263 ], [ -71.948760, -37.810372 ], [ -71.948755, -37.810375 ], [ -71.948749, -37.810376 ], [ -71.948288, -37.810479 ], [ -71.948286, -37.810479 ], [ -71.947938, -37.810536 ], [ -71.947664, -37.810623 ], [ -71.947610, -37.810651 ], [ -71.947652, -37.810658 ], [ -71.947702, -37.810663 ], [ -71.947756, -37.810668 ], [ -71.947810, -37.810669 ], [ -71.947859, -37.810671 ], [ -71.947909, -37.810665 ], [ -71.947959, -37.810659 ], [ -71.948004, -37.810653 ], [ -71.948049, -37.810647 ], [ -71.948095, -37.810641 ], [ -71.948140, -37.810632 ], [ -71.948186, -37.810618 ], [ -71.948231, -37.810609 ], [ -71.948277, -37.810592 ], [ -71.948323, -37.810579 ], [ -71.948368, -37.810570 ], [ -71.948414, -37.810560 ], [ -71.948464, -37.810543 ], [ -71.948514, -37.810527 ], [ -71.948560, -37.810510 ], [ -71.948601, -37.810490 ], [ -71.948643, -37.810473 ], [ -71.948684, -37.810453 ], [ -71.948725, -37.810436 ], [ -71.948771, -37.810423 ], [ -71.948816, -37.810413 ], [ -71.948866, -37.810411 ], [ -71.948875, -37.810415 ], [ -71.948915, -37.810416 ], [ -71.948965, -37.810417 ], [ -71.949015, -37.810415 ], [ -71.949060, -37.810409 ], [ -71.949106, -37.810392 ], [ -71.949147, -37.810372 ], [ -71.949193, -37.810348 ], [ -71.949205, -37.810341 ], [ -71.949373, -37.810292 ], [ -71.949437, -37.810254 ], [ -71.949534, -37.810215 ], [ -71.949650, -37.810218 ], [ -71.949782, -37.810239 ], [ -71.949927, -37.810287 ], [ -71.949973, -37.810305 ], [ -71.950020, -37.810323 ], [ -71.950101, -37.810353 ], [ -71.950194, -37.810396 ], [ -71.950304, -37.810447 ], [ -71.950418, -37.810494 ], [ -71.950511, -37.810527 ], [ -71.950573, -37.810531 ], [ -71.950561, -37.810395 ], [ -71.950484, -37.809538 ], [ -71.950204, -37.809649 ], [ -71.950199, -37.809651 ], [ -71.950193, -37.809652 ], [ -71.949974, -37.809677 ], [ -71.949931, -37.809683 ], [ -71.949675, -37.809758 ], [ -71.949481, -37.809929 ], [ -71.949478, -37.809932 ], [ -71.949305, -37.810051 ], [ -71.949300, -37.810054 ], [ -71.949295, -37.810056 ], [ -71.949290, -37.810057 ], [ -71.949086, -37.810096 ] ] ] } }
,
{ "type": "Feature", "properties": { "OBJECTID": "734201", "NUMESCENAR": "911", "TIPOUSO": "PIRA", "TIPO_USO": "094", "NOM_TIPUSO": "PINO RADIATA", "APL": "2008,2009", "TEMPORADA": "VE2026", "NUM_ACTA": "2074455", "ZONA": "Chillán", "ID_AREA": "11", "NOM_AREA": "Canteras del Laja", "INTERVENCI": "COSECHA", "CODIGO": "21391", "NOM_PREDIO": "SAN ANTONIO 2", "UNIDAD": "COSECHA", "CS_EMSEFOR": "3.28300000000e+03", "ID_EMSEFOR": "", "EMSEFOR": "FORESTAL MILLALEMU Y CIA.LTDA.", "FAENA": "SK.Huinche", "SUPERVISOR": "DE LA CRUZ FRANCISCO", "ID_RESPON": "", "NOM_RESPON": "", "EQUIPO_MAD": "SKHU", "FCH_LIBERA": "16-01-2026", "FCH_CIERRE": "", "EST_MADERA": "Verde", "SUPERFICIE": "1.66332607070e+02", "ESTADO": "3", "ID_TRA_INI": "", "ID_TRA_FIN": "", "Shape_Leng": "0.00000000000e+00", "Shape_Area": "0.00000000000e+00", "CLOSED": "YES", "BORDER_STYLE": "Solid", "BORDER_COLOR": "RGB(255,255,255)", "BORDER_WIDTH": "4", "FILL_STYLE": "No Fill", "MOD_DATE": "09-02-2026" }, "geometry": { "type": "Polygon", "coordinates": [ [ [ -71.943447, -37.808990 ], [ -71.943450, -37.809029 ], [ -71.943512, -37.809031 ], [ -71.943561, -37.809025 ], [ -71.943622, -37.809044 ], [ -71.943646, -37.809119 ], [ -71.943642, -37.809220 ], [ -71.943629, -37.809318 ], [ -71.943609, -37.809374 ], [ -71.943593, -37.809419 ], [ -71.943574, -37.809461 ], [ -71.943536, -37.809530 ], [ -71.943498, -37.809596 ], [ -71.943487, -37.809645 ], [ -71.943497, -37.809708 ], [ -71.943490, -37.809786 ], [ -71.943475, -37.809838 ], [ -71.943483, -37.809851 ], [ -71.943505, -37.809853 ], [ -71.943526, -37.809850 ], [ -71.943550, -37.809839 ], [ -71.943575, -37.809817 ], [ -71.943590, -37.809790 ], [ -71.943600, -37.809761 ], [ -71.943606, -37.809736 ], [ -71.943606, -37.809711 ], [ -71.943602, -37.809686 ], [ -71.943601, -37.809658 ], [ -71.943616, -37.809638 ], [ -71.943629, -37.809627 ], [ -71.943649, -37.809623 ], [ -71.943685, -37.809632 ], [ -71.943723, -37.809650 ], [ -71.943764, -37.809653 ], [ -71.943784, -37.809642 ], [ -71.943784, -37.809624 ], [ -71.943749, -37.809605 ], [ -71.943718, -37.809589 ], [ -71.943700, -37.809567 ], [ -71.943704, -37.809528 ], [ -71.943743, -37.809488 ], [ -71.943784, -37.809476 ], [ -71.943854, -37.809478 ], [ -71.943931, -37.809489 ], [ -71.943996, -37.809500 ], [ -71.944044, -37.809516 ], [ -71.944081, -37.809535 ], [ -71.944129, -37.809559 ], [ -71.944169, -37.809576 ], [ -71.944206, -37.809583 ], [ -71.944272, -37.809586 ], [ -71.944307, -37.809586 ], [ -71.944308, -37.809571 ], [ -71.944285, -37.809448 ], [ -71.944203, -37.809277 ], [ -71.944114, -37.809102 ], [ -71.944008, -37.809131 ], [ -71.943937, -37.809144 ], [ -71.943865, -37.809159 ], [ -71.943800, -37.809144 ], [ -71.943771, -37.809090 ], [ -71.943774, -37.809020 ], [ -71.943780, -37.808967 ], [ -71.943787, -37.808915 ], [ -71.943790, -37.808845 ], [ -71.943765, -37.808795 ], [ -71.943736, -37.808745 ], [ -71.943707, -37.808709 ], [ -71.943691, -37.808666 ], [ -71.943675, -37.808613 ], [ -71.943660, -37.808560 ], [ -71.943644, -37.808525 ], [ -71.943596, -37.808495 ], [ -71.943559, -37.808530 ], [ -71.943544, -37.808582 ], [ -71.943519, -37.808644 ], [ -71.943503, -37.808725 ], [ -71.943481, -37.808819 ], [ -71.943460, -37.808906 ], [ -71.943447, -37.808990 ] ] ] } }
,
{ "type": "Feature", "properties": { "OBJECTID": "734201", "NUMESCENAR": "911", "TIPOUSO": "PIRA", "TIPO_USO": "094", "NOM_TIPUSO": "PINO RADIATA", "APL": "2008,2009", "TEMPORADA": "VE2026", "NUM_ACTA": "2074455", "ZONA": "Chillán", "ID_AREA": "11", "NOM_AREA": "Canteras del Laja", "INTERVENCI": "COSECHA", "CODIGO": "21391", "NOM_PREDIO": "SAN ANTONIO 2", "UNIDAD": "COSECHA", "CS_EMSEFOR": "3.28300000000e+03", "ID_EMSEFOR": "", "EMSEFOR": "FORESTAL MILLALEMU Y CIA.LTDA.", "FAENA": "SK.Huinche", "SUPERVISOR": "DE LA CRUZ FRANCISCO", "ID_RESPON": "", "NOM_RESPON": "", "EQUIPO_MAD": "SKHU", "FCH_LIBERA": "16-01-2026", "FCH_CIERRE": "", "EST_MADERA": "Verde", "SUPERFICIE": "1.66332607070e+02", "ESTADO": "3", "ID_TRA_INI": "", "ID_TRA_FIN": "", "Shape_Leng": "0.00000000000e+00", "Shape_Area": "0.00000000000e+00", "CLOSED": "YES", "BORDER_STYLE": "Solid", "BORDER_COLOR": "RGB(255,255,255)", "BORDER_WIDTH": "4", "FILL_STYLE": "No Fill", "MOD_DATE": "09-02-2026" }, "geometry": { "type": "Polygon", "coordinates": [ [ [ -71.942976, -37.807993 ], [ -71.942992, -37.808007 ], [ -71.943023, -37.808046 ], [ -71.943062, -37.808084 ], [ -71.943076, -37.808102 ], [ -71.943085, -37.808123 ], [ -71.943088, -37.808138 ], [ -71.943088, -37.808153 ], [ -71.943087, -37.808161 ], [ -71.943082, -37.808169 ], [ -71.943076, -37.808175 ], [ -71.943068, -37.808179 ], [ -71.943056, -37.808182 ], [ -71.943045, -37.808183 ], [ -71.943031, -37.808182 ], [ -71.943017, -37.808179 ], [ -71.943007, -37.808175 ], [ -71.942997, -37.808169 ], [ -71.942974, -37.808147 ], [ -71.942962, -37.808139 ], [ -71.942942, -37.808132 ], [ -71.942917, -37.808129 ], [ -71.942822, -37.808129 ], [ -71.942800, -37.808127 ], [ -71.942765, -37.808119 ], [ -71.942748, -37.808119 ], [ -71.942726, -37.808124 ], [ -71.942664, -37.808147 ], [ -71.942650, -37.808150 ], [ -71.942635, -37.808152 ], [ -71.942614, -37.808150 ], [ -71.942574, -37.808141 ], [ -71.942552, -37.808138 ], [ -71.942523, -37.808138 ], [ -71.942498, -37.808139 ], [ -71.942461, -37.808146 ], [ -71.942435, -37.808155 ], [ -71.942415, -37.808166 ], [ -71.942370, -37.808197 ], [ -71.942356, -37.808205 ], [ -71.942339, -37.808212 ], [ -71.942316, -37.808217 ], [ -71.942260, -37.808225 ], [ -71.942164, -37.808242 ], [ -71.942143, -37.808248 ], [ -71.942123, -37.808256 ], [ -71.942110, -37.808263 ], [ -71.942107, -37.808265 ], [ -71.942021, -37.808303 ], [ -71.942028, -37.808307 ], [ -71.942049, -37.808344 ], [ -71.942070, -37.808380 ], [ -71.942091, -37.808416 ], [ -71.942105, -37.808453 ], [ -71.942118, -37.808489 ], [ -71.942132, -37.808525 ], [ -71.942153, -37.808561 ], [ -71.942182, -37.808592 ], [ -71.942203, -37.808628 ], [ -71.942232, -37.808658 ], [ -71.942253, -37.808695 ], [ -71.942281, -37.808725 ], [ -71.942302, -37.808762 ], [ -71.942316, -37.808798 ], [ -71.942337, -37.808834 ], [ -71.942345, -37.808834 ], [ -71.942388, -37.808883 ], [ -71.942401, -37.808919 ], [ -71.942415, -37.808955 ], [ -71.942436, -37.808992 ], [ -71.942456, -37.809034 ], [ -71.942485, -37.809070 ], [ -71.942514, -37.809107 ], [ -71.942542, -37.809137 ], [ -71.942571, -37.809168 ], [ -71.942600, -37.809198 ], [ -71.942621, -37.809235 ], [ -71.942627, -37.809271 ], [ -71.942633, -37.809307 ], [ -71.942647, -37.809343 ], [ -71.942675, -37.809379 ], [ -71.942711, -37.809410 ], [ -71.942740, -37.809440 ], [ -71.942777, -37.809465 ], [ -71.942821, -37.809484 ], [ -71.942858, -37.809509 ], [ -71.942894, -37.809534 ], [ -71.942923, -37.809564 ], [ -71.942936, -37.809600 ], [ -71.942957, -37.809637 ], [ -71.942978, -37.809673 ], [ -71.943007, -37.809704 ], [ -71.943044, -37.809728 ], [ -71.943080, -37.809759 ], [ -71.943116, -37.809790 ], [ -71.943153, -37.809815 ], [ -71.943189, -37.809839 ], [ -71.943218, -37.809870 ], [ -71.943255, -37.809895 ], [ -71.943291, -37.809920 ], [ -71.943328, -37.809944 ], [ -71.943357, -37.809975 ], [ -71.943393, -37.810000 ], [ -71.943430, -37.810025 ], [ -71.943466, -37.810049 ], [ -71.943481, -37.810062 ], [ -71.943634, -37.810161 ], [ -71.943678, -37.810186 ], [ -71.943707, -37.810216 ], [ -71.943752, -37.810236 ], [ -71.943788, -37.810260 ], [ -71.943832, -37.810285 ], [ -71.943877, -37.810292 ], [ -71.943913, -37.810279 ], [ -71.943936, -37.810234 ], [ -71.943958, -37.810191 ], [ -71.943961, -37.810185 ], [ -71.943965, -37.810179 ], [ -71.943966, -37.810177 ], [ -71.943978, -37.810162 ], [ -71.943995, -37.810134 ], [ -71.943999, -37.810128 ], [ -71.944004, -37.810122 ], [ -71.944036, -37.810085 ], [ -71.944043, -37.810078 ], [ -71.944090, -37.810034 ], [ -71.944115, -37.810009 ], [ -71.944115, -37.810009 ], [ -71.944144, -37.809981 ], [ -71.944146, -37.809980 ], [ -71.944202, -37.809929 ], [ -71.944223, -37.809907 ], [ -71.944224, -37.809890 ], [ -71.944240, -37.809855 ], [ -71.944257, -37.809820 ], [ -71.944260, -37.809813 ], [ -71.944193, -37.809784 ], [ -71.944115, -37.809753 ], [ -71.944079, -37.809727 ], [ -71.944040, -37.809701 ], [ -71.943999, -37.809680 ], [ -71.943951, -37.809663 ], [ -71.943909, -37.809662 ], [ -71.943877, -37.809690 ], [ -71.943858, -37.809728 ], [ -71.943830, -37.809730 ], [ -71.943790, -37.809715 ], [ -71.943751, -37.809714 ], [ -71.943719, -37.809740 ], [ -71.943746, -37.809768 ], [ -71.943791, -37.809780 ], [ -71.943811, -37.809835 ], [ -71.943792, -37.809895 ], [ -71.943761, -37.809946 ], [ -71.943715, -37.809974 ], [ -71.943638, -37.809981 ], [ -71.943529, -37.809942 ], [ -71.943450, -37.809927 ], [ -71.943403, -37.809905 ], [ -71.943381, -37.809878 ], [ -71.943371, -37.809800 ], [ -71.943370, -37.809800 ], [ -71.943324, -37.809736 ], [ -71.943274, -37.809650 ], [ -71.943240, -37.809603 ], [ -71.943220, -37.809561 ], [ -71.943178, -37.809507 ], [ -71.943117, -37.809491 ], [ -71.943051, -37.809475 ], [ -71.943017, -37.809425 ], [ -71.942952, -37.809403 ], [ -71.942904, -37.809384 ], [ -71.942848, -37.809351 ], [ -71.942792, -37.809311 ], [ -71.942750, -37.809264 ], [ -71.942712, -37.809200 ], [ -71.942720, -37.809119 ], [ -71.942775, -37.809085 ], [ -71.942885, -37.809106 ], [ -71.942945, -37.809146 ], [ -71.943000, -37.809204 ], [ -71.943078, -37.809248 ], [ -71.943130, -37.809277 ], [ -71.943221, -37.809325 ], [ -71.943278, -37.809327 ], [ -71.943308, -37.809247 ], [ -71.943280, -37.809186 ], [ -71.943247, -37.809126 ], [ -71.943226, -37.809083 ], [ -71.943193, -37.809026 ], [ -71.943147, -37.808933 ], [ -71.943148, -37.808933 ], [ -71.943153, -37.808931 ], [ -71.943153, -37.808929 ], [ -71.943152, -37.808927 ], [ -71.943139, -37.808914 ], [ -71.943133, -37.808906 ], [ -71.943130, -37.808899 ], [ -71.943132, -37.808891 ], [ -71.943140, -37.808881 ], [ -71.943152, -37.808875 ], [ -71.943163, -37.808875 ], [ -71.943175, -37.808879 ], [ -71.943179, -37.808881 ], [ -71.943196, -37.808892 ], [ -71.943198, -37.808893 ], [ -71.943203, -37.808895 ], [ -71.943224, -37.808898 ], [ -71.943271, -37.808900 ], [ -71.943281, -37.808899 ], [ -71.943286, -37.808896 ], [ -71.943287, -37.808891 ], [ -71.943284, -37.808884 ], [ -71.943277, -37.808873 ], [ -71.943272, -37.808864 ], [ -71.943270, -37.808855 ], [ -71.943272, -37.808848 ], [ -71.943276, -37.808841 ], [ -71.943284, -37.808836 ], [ -71.943302, -37.808830 ], [ -71.943307, -37.808827 ], [ -71.943312, -37.808825 ], [ -71.943322, -37.808818 ], [ -71.943328, -37.808812 ], [ -71.943335, -37.808799 ], [ -71.943347, -37.808749 ], [ -71.943347, -37.808723 ], [ -71.943344, -37.808700 ], [ -71.943344, -37.808697 ], [ -71.943346, -37.808680 ], [ -71.943347, -37.808676 ], [ -71.943348, -37.808672 ], [ -71.943354, -37.808659 ], [ -71.943372, -37.808634 ], [ -71.943377, -37.808626 ], [ -71.943379, -37.808616 ], [ -71.943377, -37.808604 ], [ -71.943377, -37.808599 ], [ -71.943379, -37.808582 ], [ -71.943400, -37.808502 ], [ -71.943411, -37.808446 ], [ -71.943426, -37.808365 ], [ -71.943441, -37.808270 ], [ -71.943441, -37.808251 ], [ -71.943438, -37.808233 ], [ -71.943433, -37.808217 ], [ -71.943425, -37.808202 ], [ -71.943417, -37.808193 ], [ -71.943405, -37.808183 ], [ -71.943364, -37.808158 ], [ -71.943342, -37.808143 ], [ -71.943329, -37.808132 ], [ -71.943316, -37.808118 ], [ -71.943306, -37.808105 ], [ -71.943298, -37.808089 ], [ -71.943285, -37.808042 ], [ -71.943274, -37.808020 ], [ -71.943259, -37.807995 ], [ -71.943249, -37.807981 ], [ -71.943239, -37.807972 ], [ -71.943228, -37.807964 ], [ -71.943219, -37.807960 ], [ -71.943210, -37.807958 ], [ -71.943202, -37.807958 ], [ -71.943192, -37.807959 ], [ -71.943179, -37.807965 ], [ -71.943146, -37.807986 ], [ -71.943126, -37.807996 ], [ -71.943094, -37.808004 ], [ -71.943079, -37.808006 ], [ -71.943066, -37.808006 ], [ -71.943052, -37.808003 ], [ -71.943043, -37.807998 ], [ -71.943036, -37.807992 ], [ -71.943017, -37.807969 ], [ -71.943008, -37.807962 ], [ -71.942997, -37.807956 ], [ -71.942980, -37.807948 ], [ -71.942956, -37.807941 ], [ -71.942936, -37.807936 ], [ -71.942919, -37.807934 ], [ -71.942902, -37.807936 ], [ -71.942893, -37.807940 ], [ -71.942887, -37.807944 ], [ -71.942880, -37.807952 ], [ -71.942879, -37.807956 ], [ -71.942881, -37.807960 ], [ -71.942891, -37.807965 ], [ -71.942923, -37.807970 ], [ -71.942940, -37.807975 ], [ -71.942960, -37.807983 ], [ -71.942976, -37.807993 ] ] ] } }
,
{ "type": "Feature", "properties": { "OBJECTID": "734201", "NUMESCENAR": "911", "TIPOUSO": "PIRA", "TIPO_USO": "094", "NOM_TIPUSO": "PINO RADIATA", "APL": "2008,2009", "TEMPORADA": "VE2026", "NUM_ACTA": "2074455", "ZONA": "Chillán", "ID_AREA": "11", "NOM_AREA": "Canteras del Laja", "INTERVENCI": "COSECHA", "CODIGO": "21391", "NOM_PREDIO": "SAN ANTONIO 2", "UNIDAD": "COSECHA", "CS_EMSEFOR": "3.28300000000e+03", "ID_EMSEFOR": "", "EMSEFOR": "FORESTAL MILLALEMU Y CIA.LTDA.", "FAENA": "SK.Huinche", "SUPERVISOR": "DE LA CRUZ FRANCISCO", "ID_RESPON": "", "NOM_RESPON": "", "EQUIPO_MAD": "SKHU", "FCH_LIBERA": "16-01-2026", "FCH_CIERRE": "", "EST_MADERA": "Verde", "SUPERFICIE": "1.66332607070e+02", "ESTADO": "3", "ID_TRA_INI": "", "ID_TRA_FIN": "", "Shape_Leng": "0.00000000000e+00", "Shape_Area": "0.00000000000e+00", "CLOSED": "YES", "BORDER_STYLE": "Solid", "BORDER_COLOR": "RGB(255,255,255)", "BORDER_WIDTH": "4", "FILL_STYLE": "No Fill", "MOD_DATE": "09-02-2026" }, "geometry": { "type": "Polygon", "coordinates": [ [ [ -71.950912, -37.806776 ], [ -71.950909, -37.806776 ], [ -71.950908, -37.806776 ], [ -71.950897, -37.806776 ], [ -71.950894, -37.806776 ], [ -71.950889, -37.806775 ], [ -71.950882, -37.806779 ], [ -71.950875, -37.806784 ], [ -71.950867, -37.806789 ], [ -71.950861, -37.806793 ], [ -71.950797, -37.806841 ], [ -71.950796, -37.806842 ], [ -71.950779, -37.806854 ], [ -71.950778, -37.806855 ], [ -71.950769, -37.806861 ], [ -71.950767, -37.806862 ], [ -71.950759, -37.806868 ], [ -71.950755, -37.806870 ], [ -71.950747, -37.806875 ], [ -71.950742, -37.806878 ], [ -71.950733, -37.806883 ], [ -71.950726, -37.806887 ], [ -71.950717, -37.806891 ], [ -71.950717, -37.806891 ], [ -71.950707, -37.806895 ], [ -71.950697, -37.806898 ], [ -71.950689, -37.806901 ], [ -71.950685, -37.806902 ], [ -71.950678, -37.806904 ], [ -71.950676, -37.806905 ], [ -71.950666, -37.806907 ], [ -71.950657, -37.806908 ], [ -71.950652, -37.806909 ], [ -71.950650, -37.806909 ], [ -71.950641, -37.806910 ], [ -71.950636, -37.806911 ], [ -71.950609, -37.806914 ], [ -71.950605, -37.806914 ], [ -71.950604, -37.806914 ], [ -71.950601, -37.806914 ], [ -71.950587, -37.806920 ], [ -71.950579, -37.806923 ], [ -71.950572, -37.806925 ], [ -71.950563, -37.806928 ], [ -71.950561, -37.806928 ], [ -71.950551, -37.806931 ], [ -71.950542, -37.806933 ], [ -71.950533, -37.806934 ], [ -71.950526, -37.806935 ], [ -71.950517, -37.806936 ], [ -71.950505, -37.806936 ], [ -71.950495, -37.806936 ], [ -71.950488, -37.806936 ], [ -71.950479, -37.806936 ], [ -71.950476, -37.806935 ], [ -71.950460, -37.806934 ], [ -71.950459, -37.806934 ], [ -71.950457, -37.806934 ], [ -71.950452, -37.806935 ], [ -71.950444, -37.806937 ], [ -71.950414, -37.806946 ], [ -71.950409, -37.806947 ], [ -71.950400, -37.806949 ], [ -71.950398, -37.806949 ], [ -71.950392, -37.806951 ], [ -71.950382, -37.806953 ], [ -71.950375, -37.806954 ], [ -71.950374, -37.806954 ], [ -71.950363, -37.806955 ], [ -71.950356, -37.806956 ], [ -71.950345, -37.806957 ], [ -71.950340, -37.806957 ], [ -71.950329, -37.806958 ], [ -71.950326, -37.806958 ], [ -71.950314, -37.806958 ], [ -71.950312, -37.806958 ], [ -71.950309, -37.806958 ], [ -71.950301, -37.806958 ], [ -71.950300, -37.806958 ], [ -71.950298, -37.806958 ], [ -71.950276, -37.806958 ], [ -71.950274, -37.806958 ], [ -71.950263, -37.806958 ], [ -71.950206, -37.806956 ], [ -71.950204, -37.806956 ], [ -71.950159, -37.806955 ], [ -71.950157, -37.806955 ], [ -71.950134, -37.806954 ], [ -71.950132, -37.806954 ], [ -71.950120, -37.806953 ], [ -71.950118, -37.806953 ], [ -71.950107, -37.806952 ], [ -71.950102, -37.806951 ], [ -71.950092, -37.806950 ], [ -71.950089, -37.806950 ], [ -71.950086, -37.806949 ], [ -71.950075, -37.806947 ], [ -71.950067, -37.806946 ], [ -71.950057, -37.806944 ], [ -71.950048, -37.806941 ], [ -71.950039, -37.806939 ], [ -71.950036, -37.806938 ], [ -71.950020, -37.806933 ], [ -71.950016, -37.806932 ], [ -71.950010, -37.806930 ], [ -71.950004, -37.806929 ], [ -71.949987, -37.806926 ], [ -71.949968, -37.806924 ], [ -71.949948, -37.806921 ], [ -71.949929, -37.806919 ], [ -71.949909, -37.806917 ], [ -71.949901, -37.806916 ], [ -71.949894, -37.806916 ], [ -71.949888, -37.806915 ], [ -71.949885, -37.806915 ], [ -71.949884, -37.806915 ], [ -71.949882, -37.806917 ], [ -71.949876, -37.806919 ], [ -71.949868, -37.806922 ], [ -71.949860, -37.806926 ], [ -71.949851, -37.806929 ], [ -71.949842, -37.806931 ], [ -71.949832, -37.806933 ], [ -71.949822, -37.806934 ], [ -71.949812, -37.806934 ], [ -71.949802, -37.806934 ], [ -71.949793, -37.806933 ], [ -71.949783, -37.806931 ], [ -71.949774, -37.806929 ], [ -71.949764, -37.806926 ], [ -71.949756, -37.806922 ], [ -71.949747, -37.806918 ], [ -71.949739, -37.806913 ], [ -71.949732, -37.806908 ], [ -71.949725, -37.806902 ], [ -71.949719, -37.806896 ], [ -71.949714, -37.806889 ], [ -71.949709, -37.806882 ], [ -71.949706, -37.806875 ], [ -71.949703, -37.806867 ], [ -71.949701, -37.806860 ], [ -71.949699, -37.806852 ], [ -71.949699, -37.806844 ], [ -71.949699, -37.806836 ], [ -71.949701, -37.806828 ], [ -71.949702, -37.806824 ], [ -71.949623, -37.806834 ], [ -71.949543, -37.806859 ], [ -71.949540, -37.806860 ], [ -71.949538, -37.806860 ], [ -71.949387, -37.806908 ], [ -71.949123, -37.807025 ], [ -71.948883, -37.807132 ], [ -71.948726, -37.807248 ], [ -71.948618, -37.807381 ], [ -71.948411, -37.807637 ], [ -71.947904, -37.808346 ], [ -71.947615, -37.808737 ], [ -71.947645, -37.808758 ], [ -71.947667, -37.808777 ], [ -71.947697, -37.808799 ], [ -71.947706, -37.808845 ], [ -71.947698, -37.808889 ], [ -71.947652, -37.808932 ], [ -71.947614, -37.808973 ], [ -71.947580, -37.809033 ], [ -71.947547, -37.809090 ], [ -71.947516, -37.809130 ], [ -71.947463, -37.809179 ], [ -71.947409, -37.809233 ], [ -71.947368, -37.809275 ], [ -71.947354, -37.809288 ], [ -71.947327, -37.809315 ], [ -71.947301, -37.809344 ], [ -71.947296, -37.809384 ], [ -71.947295, -37.809391 ], [ -71.947331, -37.809426 ], [ -71.947371, -37.809451 ], [ -71.947375, -37.809454 ], [ -71.947385, -37.809460 ], [ -71.947387, -37.809506 ], [ -71.947331, -37.809524 ], [ -71.947251, -37.809504 ], [ -71.947204, -37.809495 ], [ -71.947167, -37.809533 ], [ -71.947170, -37.809566 ], [ -71.947179, -37.809601 ], [ -71.947151, -37.809620 ], [ -71.947149, -37.809621 ], [ -71.947087, -37.809620 ], [ -71.947034, -37.809622 ], [ -71.947002, -37.809620 ], [ -71.946982, -37.809619 ], [ -71.946909, -37.809587 ], [ -71.946891, -37.809579 ], [ -71.946855, -37.809563 ], [ -71.946810, -37.809596 ], [ -71.946806, -37.809599 ], [ -71.946801, -37.809601 ], [ -71.946577, -37.809681 ], [ -71.946573, -37.809682 ], [ -71.946568, -37.809684 ], [ -71.946350, -37.809710 ], [ -71.946344, -37.809710 ], [ -71.946341, -37.809710 ], [ -71.946045, -37.809681 ], [ -71.945897, -37.809670 ], [ -71.945884, -37.809707 ], [ -71.945875, -37.809784 ], [ -71.945837, -37.809821 ], [ -71.945792, -37.809828 ], [ -71.945716, -37.809809 ], [ -71.945645, -37.809786 ], [ -71.945544, -37.809803 ], [ -71.945448, -37.809825 ], [ -71.945345, -37.809835 ], [ -71.945250, -37.809826 ], [ -71.945174, -37.809810 ], [ -71.945106, -37.809787 ], [ -71.945052, -37.809748 ], [ -71.945033, -37.809717 ], [ -71.944972, -37.809739 ], [ -71.944778, -37.809833 ], [ -71.944613, -37.809924 ], [ -71.944610, -37.809925 ], [ -71.944604, -37.809927 ], [ -71.944457, -37.809963 ], [ -71.944445, -37.809974 ], [ -71.944380, -37.810041 ], [ -71.944377, -37.810044 ], [ -71.944375, -37.810046 ], [ -71.944317, -37.810098 ], [ -71.944290, -37.810124 ], [ -71.944265, -37.810148 ], [ -71.944264, -37.810149 ], [ -71.944244, -37.810168 ], [ -71.944242, -37.810171 ], [ -71.944215, -37.810197 ], [ -71.944196, -37.810218 ], [ -71.944180, -37.810244 ], [ -71.944176, -37.810250 ], [ -71.944175, -37.810252 ], [ -71.944165, -37.810264 ], [ -71.944147, -37.810300 ], [ -71.944124, -37.810346 ], [ -71.944106, -37.810385 ], [ -71.944105, -37.810400 ], [ -71.944119, -37.810436 ], [ -71.944132, -37.810472 ], [ -71.944161, -37.810508 ], [ -71.944190, -37.810539 ], [ -71.944217, -37.810562 ], [ -71.944224, -37.810558 ], [ -71.944275, -37.810525 ], [ -71.944288, -37.810520 ], [ -71.944299, -37.810519 ], [ -71.944305, -37.810521 ], [ -71.944309, -37.810523 ], [ -71.944314, -37.810531 ], [ -71.944317, -37.810540 ], [ -71.944317, -37.810563 ], [ -71.944319, -37.810575 ], [ -71.944324, -37.810586 ], [ -71.944330, -37.810591 ], [ -71.944336, -37.810593 ], [ -71.944338, -37.810594 ], [ -71.944350, -37.810598 ], [ -71.944364, -37.810602 ], [ -71.944375, -37.810604 ], [ -71.944378, -37.810604 ], [ -71.944389, -37.810601 ], [ -71.944399, -37.810596 ], [ -71.944403, -37.810591 ], [ -71.944404, -37.810585 ], [ -71.944401, -37.810575 ], [ -71.944378, -37.810523 ], [ -71.944372, -37.810512 ], [ -71.944364, -37.810493 ], [ -71.944362, -37.810480 ], [ -71.944367, -37.810462 ], [ -71.944372, -37.810454 ], [ -71.944377, -37.810448 ], [ -71.944386, -37.810442 ], [ -71.944398, -37.810439 ], [ -71.944438, -37.810441 ], [ -71.944454, -37.810440 ], [ -71.944457, -37.810440 ], [ -71.944459, -37.810439 ], [ -71.944479, -37.810432 ], [ -71.944483, -37.810431 ], [ -71.944492, -37.810430 ], [ -71.944504, -37.810431 ], [ -71.944516, -37.810436 ], [ -71.944525, -37.810444 ], [ -71.944531, -37.810455 ], [ -71.944534, -37.810469 ], [ -71.944534, -37.810483 ], [ -71.944534, -37.810486 ], [ -71.944536, -37.810492 ], [ -71.944538, -37.810495 ], [ -71.944545, -37.810500 ], [ -71.944547, -37.810501 ], [ -71.944549, -37.810502 ], [ -71.944554, -37.810501 ], [ -71.944567, -37.810495 ], [ -71.944599, -37.810468 ], [ -71.944605, -37.810465 ], [ -71.944612, -37.810463 ], [ -71.944620, -37.810463 ], [ -71.944627, -37.810465 ], [ -71.944661, -37.810484 ], [ -71.944677, -37.810490 ], [ -71.944685, -37.810491 ], [ -71.944695, -37.810490 ], [ -71.944699, -37.810487 ], [ -71.944701, -37.810483 ], [ -71.944699, -37.810477 ], [ -71.944695, -37.810472 ], [ -71.944686, -37.810465 ], [ -71.944673, -37.810457 ], [ -71.944586, -37.810421 ], [ -71.944566, -37.810411 ], [ -71.944556, -37.810404 ], [ -71.944556, -37.810402 ], [ -71.944555, -37.810390 ], [ -71.944558, -37.810378 ], [ -71.944561, -37.810374 ], [ -71.944566, -37.810367 ], [ -71.944580, -37.810359 ], [ -71.944593, -37.810353 ], [ -71.944611, -37.810347 ], [ -71.944628, -37.810343 ], [ -71.944643, -37.810342 ], [ -71.944662, -37.810342 ], [ -71.944677, -37.810343 ], [ -71.944691, -37.810346 ], [ -71.944705, -37.810351 ], [ -71.944718, -37.810358 ], [ -71.944727, -37.810367 ], [ -71.944742, -37.810394 ], [ -71.944751, -37.810406 ], [ -71.944764, -37.810416 ], [ -71.944787, -37.810428 ], [ -71.944807, -37.810433 ], [ -71.944827, -37.810433 ], [ -71.944848, -37.810427 ], [ -71.944865, -37.810417 ], [ -71.944870, -37.810411 ], [ -71.944873, -37.810404 ], [ -71.944873, -37.810397 ], [ -71.944872, -37.810390 ], [ -71.944853, -37.810353 ], [ -71.944830, -37.810302 ], [ -71.944801, -37.810252 ], [ -71.944795, -37.810234 ], [ -71.944796, -37.810214 ], [ -71.944804, -37.810190 ], [ -71.944809, -37.810184 ], [ -71.944815, -37.810179 ], [ -71.944821, -37.810177 ], [ -71.944829, -37.810177 ], [ -71.944839, -37.810179 ], [ -71.944850, -37.810185 ], [ -71.944862, -37.810194 ], [ -71.944870, -37.810202 ], [ -71.944883, -37.810219 ], [ -71.944916, -37.810271 ], [ -71.944936, -37.810300 ], [ -71.944983, -37.810354 ], [ -71.945006, -37.810373 ], [ -71.945017, -37.810380 ], [ -71.945033, -37.810387 ], [ -71.945048, -37.810391 ], [ -71.945065, -37.810395 ], [ -71.945131, -37.810405 ], [ -71.945144, -37.810405 ], [ -71.945153, -37.810402 ], [ -71.945157, -37.810398 ], [ -71.945158, -37.810394 ], [ -71.945154, -37.810385 ], [ -71.945128, -37.810355 ], [ -71.945101, -37.810322 ], [ -71.945084, -37.810306 ], [ -71.945042, -37.810278 ], [ -71.945032, -37.810268 ], [ -71.945022, -37.810257 ], [ -71.945008, -37.810234 ], [ -71.944974, -37.810170 ], [ -71.944941, -37.810123 ], [ -71.944936, -37.810112 ], [ -71.944934, -37.810101 ], [ -71.944935, -37.810090 ], [ -71.944941, -37.810081 ], [ -71.944969, -37.810059 ], [ -71.944999, -37.810029 ], [ -71.945062, -37.809972 ], [ -71.945075, -37.809962 ], [ -71.945088, -37.809955 ], [ -71.945101, -37.809950 ], [ -71.945117, -37.809947 ], [ -71.945145, -37.809947 ], [ -71.945165, -37.809951 ], [ -71.945172, -37.809954 ], [ -71.945178, -37.809960 ], [ -71.945181, -37.809966 ], [ -71.945182, -37.809972 ], [ -71.945182, -37.809980 ], [ -71.945178, -37.809990 ], [ -71.945166, -37.810009 ], [ -71.945156, -37.810019 ], [ -71.945131, -37.810034 ], [ -71.945122, -37.810043 ], [ -71.945119, -37.810048 ], [ -71.945119, -37.810052 ], [ -71.945121, -37.810056 ], [ -71.945125, -37.810060 ], [ -71.945137, -37.810064 ], [ -71.945158, -37.810064 ], [ -71.945181, -37.810059 ], [ -71.945234, -37.810042 ], [ -71.945266, -37.810035 ], [ -71.945291, -37.810033 ], [ -71.945311, -37.810037 ], [ -71.945329, -37.810045 ], [ -71.945337, -37.810051 ], [ -71.945343, -37.810058 ], [ -71.945347, -37.810067 ], [ -71.945351, -37.810087 ], [ -71.945355, -37.810099 ], [ -71.945364, -37.810115 ], [ -71.945377, -37.810130 ], [ -71.945387, -37.810139 ], [ -71.945399, -37.810148 ], [ -71.945411, -37.810153 ], [ -71.945425, -37.810157 ], [ -71.945438, -37.810159 ], [ -71.945454, -37.810159 ], [ -71.945464, -37.810157 ], [ -71.945469, -37.810153 ], [ -71.945470, -37.810149 ], [ -71.945469, -37.810145 ], [ -71.945455, -37.810129 ], [ -71.945452, -37.810121 ], [ -71.945452, -37.810116 ], [ -71.945454, -37.810111 ], [ -71.945463, -37.810103 ], [ -71.945482, -37.810094 ], [ -71.945541, -37.810076 ], [ -71.945585, -37.810056 ], [ -71.945596, -37.810053 ], [ -71.945607, -37.810052 ], [ -71.945620, -37.810052 ], [ -71.945630, -37.810054 ], [ -71.945646, -37.810061 ], [ -71.945657, -37.810069 ], [ -71.945664, -37.810078 ], [ -71.945667, -37.810085 ], [ -71.945668, -37.810093 ], [ -71.945666, -37.810101 ], [ -71.945663, -37.810108 ], [ -71.945633, -37.810142 ], [ -71.945593, -37.810199 ], [ -71.945577, -37.810215 ], [ -71.945561, -37.810224 ], [ -71.945542, -37.810230 ], [ -71.945516, -37.810235 ], [ -71.945455, -37.810242 ], [ -71.945444, -37.810245 ], [ -71.945435, -37.810250 ], [ -71.945430, -37.810260 ], [ -71.945428, -37.810284 ], [ -71.945422, -37.810296 ], [ -71.945408, -37.810308 ], [ -71.945380, -37.810325 ], [ -71.945369, -37.810333 ], [ -71.945358, -37.810344 ], [ -71.945349, -37.810357 ], [ -71.945344, -37.810370 ], [ -71.945343, -37.810379 ], [ -71.945347, -37.810387 ], [ -71.945355, -37.810393 ], [ -71.945369, -37.810398 ], [ -71.945388, -37.810399 ], [ -71.945401, -37.810399 ], [ -71.945416, -37.810397 ], [ -71.945433, -37.810392 ], [ -71.945460, -37.810383 ], [ -71.945482, -37.810374 ], [ -71.945502, -37.810364 ], [ -71.945527, -37.810347 ], [ -71.945547, -37.810328 ], [ -71.945558, -37.810315 ], [ -71.945589, -37.810268 ], [ -71.945604, -37.810251 ], [ -71.945616, -37.810241 ], [ -71.945628, -37.810234 ], [ -71.945660, -37.810219 ], [ -71.945685, -37.810211 ], [ -71.945712, -37.810205 ], [ -71.945733, -37.810202 ], [ -71.945754, -37.810201 ], [ -71.945774, -37.810203 ], [ -71.945789, -37.810206 ], [ -71.945805, -37.810214 ], [ -71.945817, -37.810223 ], [ -71.945824, -37.810232 ], [ -71.945828, -37.810241 ], [ -71.945831, -37.810252 ], [ -71.945831, -37.810261 ], [ -71.945828, -37.810271 ], [ -71.945823, -37.810280 ], [ -71.945793, -37.810311 ], [ -71.945787, -37.810319 ], [ -71.945784, -37.810329 ], [ -71.945783, -37.810338 ], [ -71.945784, -37.810346 ], [ -71.945802, -37.810376 ], [ -71.945804, -37.810384 ], [ -71.945804, -37.810391 ], [ -71.945800, -37.810408 ], [ -71.945780, -37.810465 ], [ -71.945771, -37.810505 ], [ -71.945766, -37.810519 ], [ -71.945762, -37.810526 ], [ -71.945755, -37.810532 ], [ -71.945747, -37.810536 ], [ -71.945738, -37.810538 ], [ -71.945729, -37.810538 ], [ -71.945719, -37.810537 ], [ -71.945676, -37.810526 ], [ -71.945669, -37.810527 ], [ -71.945666, -37.810531 ], [ -71.945667, -37.810536 ], [ -71.945670, -37.810541 ], [ -71.945686, -37.810557 ], [ -71.945725, -37.810587 ], [ -71.945784, -37.810627 ], [ -71.945795, -37.810637 ], [ -71.945801, -37.810646 ], [ -71.945803, -37.810654 ], [ -71.945800, -37.810662 ], [ -71.945796, -37.810669 ], [ -71.945779, -37.810688 ], [ -71.945771, -37.810701 ], [ -71.945769, -37.810710 ], [ -71.945766, -37.810735 ], [ -71.945760, -37.810752 ], [ -71.945754, -37.810761 ], [ -71.945747, -37.810767 ], [ -71.945725, -37.810782 ], [ -71.945679, -37.810802 ], [ -71.945637, -37.810818 ], [ -71.945621, -37.810821 ], [ -71.945599, -37.810823 ], [ -71.945535, -37.810823 ], [ -71.945515, -37.810824 ], [ -71.945491, -37.810828 ], [ -71.945471, -37.810835 ], [ -71.945455, -37.810845 ], [ -71.945443, -37.810859 ], [ -71.945436, -37.810874 ], [ -71.945427, -37.810906 ], [ -71.945420, -37.810915 ], [ -71.945413, -37.810920 ], [ -71.945405, -37.810921 ], [ -71.945399, -37.810921 ], [ -71.945380, -37.810915 ], [ -71.945332, -37.810891 ], [ -71.945249, -37.810855 ], [ -71.945178, -37.810826 ], [ -71.945157, -37.810815 ], [ -71.945120, -37.810792 ], [ -71.945093, -37.810779 ], [ -71.945072, -37.810773 ], [ -71.945025, -37.810766 ], [ -71.945003, -37.810761 ], [ -71.944976, -37.810751 ], [ -71.944918, -37.810728 ], [ -71.944893, -37.810721 ], [ -71.944878, -37.810719 ], [ -71.944860, -37.810720 ], [ -71.944844, -37.810723 ], [ -71.944812, -37.810732 ], [ -71.944789, -37.810735 ], [ -71.944765, -37.810735 ], [ -71.944680, -37.810733 ], [ -71.944605, -37.810737 ], [ -71.944588, -37.810740 ], [ -71.944577, -37.810744 ], [ -71.944573, -37.810747 ], [ -71.944485, -37.810793 ], [ -71.944494, -37.810803 ], [ -71.944523, -37.810834 ], [ -71.944552, -37.810864 ], [ -71.944588, -37.810895 ], [ -71.944625, -37.810926 ], [ -71.944661, -37.810956 ], [ -71.944697, -37.810981 ], [ -71.944734, -37.811012 ], [ -71.944770, -37.811043 ], [ -71.944806, -37.811073 ], [ -71.944835, -37.811104 ], [ -71.944872, -37.811129 ], [ -71.944908, -37.811154 ], [ -71.944945, -37.811178 ], [ -71.944981, -37.811209 ], [ -71.945017, -37.811240 ], [ -71.945053, -37.811271 ], [ -71.945090, -37.811295 ], [ -71.945127, -37.811320 ], [ -71.945155, -37.811351 ], [ -71.945184, -37.811381 ], [ -71.945221, -37.811406 ], [ -71.945265, -37.811425 ], [ -71.945270, -37.811428 ], [ -71.945250, -37.811443 ], [ -71.945299, -37.811462 ], [ -71.945349, -37.811467 ], [ -71.945393, -37.811479 ], [ -71.945437, -37.811498 ], [ -71.945472, -37.811524 ], [ -71.945493, -37.811560 ], [ -71.945492, -37.811599 ], [ -71.945513, -37.811636 ], [ -71.945543, -37.811665 ], [ -71.945578, -37.811691 ], [ -71.945618, -37.811713 ], [ -71.945663, -37.811722 ], [ -71.945702, -37.811748 ], [ -71.945737, -37.811774 ], [ -71.945767, -37.811803 ], [ -71.945789, -37.811836 ], [ -71.945805, -37.811872 ], [ -71.945817, -37.811908 ], [ -71.945843, -37.811941 ], [ -71.945868, -37.811974 ], [ -71.945903, -37.812000 ], [ -71.945938, -37.812026 ], [ -71.945973, -37.812055 ], [ -71.946008, -37.812081 ], [ -71.946048, -37.812100 ], [ -71.946092, -37.812116 ], [ -71.946137, -37.812124 ], [ -71.946187, -37.812122 ], [ -71.946220, -37.812094 ], [ -71.946261, -37.812070 ], [ -71.946307, -37.812060 ], [ -71.946352, -37.812051 ], [ -71.946385, -37.812023 ], [ -71.946400, -37.811988 ], [ -71.946419, -37.811952 ], [ -71.946456, -37.811925 ], [ -71.946467, -37.811919 ], [ -71.946467, -37.811917 ], [ -71.946466, -37.811912 ], [ -71.946467, -37.811908 ], [ -71.946467, -37.811906 ], [ -71.946522, -37.811747 ], [ -71.946554, -37.811550 ], [ -71.946567, -37.811458 ], [ -71.946561, -37.811451 ], [ -71.946520, -37.811433 ], [ -71.946480, -37.811411 ], [ -71.946436, -37.811395 ], [ -71.946399, -37.811370 ], [ -71.946382, -37.811334 ], [ -71.946383, -37.811295 ], [ -71.946392, -37.811259 ], [ -71.946401, -37.811224 ], [ -71.946403, -37.811185 ], [ -71.946397, -37.811146 ], [ -71.946392, -37.811134 ], [ -71.946384, -37.811110 ], [ -71.946381, -37.811071 ], [ -71.946394, -37.811036 ], [ -71.946418, -37.811004 ], [ -71.946438, -37.810968 ], [ -71.946451, -37.810933 ], [ -71.946456, -37.810894 ], [ -71.946462, -37.810856 ], [ -71.946471, -37.810820 ], [ -71.946487, -37.810785 ], [ -71.946507, -37.810750 ], [ -71.946528, -37.810712 ], [ -71.946555, -37.810682 ], [ -71.946590, -37.810654 ], [ -71.946625, -37.810628 ], [ -71.946663, -37.810605 ], [ -71.946702, -37.810582 ], [ -71.946744, -37.810565 ], [ -71.946790, -37.810554 ], [ -71.946797, -37.810553 ], [ -71.946835, -37.810547 ], [ -71.946880, -37.810539 ], [ -71.946929, -37.810531 ], [ -71.946979, -37.810524 ], [ -71.947024, -37.810519 ], [ -71.947069, -37.810508 ], [ -71.947111, -37.810491 ], [ -71.947150, -37.810468 ], [ -71.947189, -37.810443 ], [ -71.947227, -37.810420 ], [ -71.947262, -37.810394 ], [ -71.947304, -37.810377 ], [ -71.947349, -37.810366 ], [ -71.947356, -37.810372 ], [ -71.947382, -37.810394 ], [ -71.947384, -37.810433 ], [ -71.947357, -37.810462 ], [ -71.947329, -37.810491 ], [ -71.947320, -37.810527 ], [ -71.947326, -37.810562 ], [ -71.947340, -37.810599 ], [ -71.947372, -37.810626 ], [ -71.947417, -37.810639 ], [ -71.947454, -37.810661 ], [ -71.947457, -37.810666 ], [ -71.947630, -37.810576 ], [ -71.947632, -37.810575 ], [ -71.947636, -37.810573 ], [ -71.947916, -37.810485 ], [ -71.947918, -37.810485 ], [ -71.947921, -37.810484 ], [ -71.948271, -37.810427 ], [ -71.948725, -37.810326 ], [ -71.948808, -37.810280 ], [ -71.948912, -37.810222 ], [ -71.949035, -37.810059 ], [ -71.949039, -37.810055 ], [ -71.949043, -37.810051 ], [ -71.949048, -37.810049 ], [ -71.949054, -37.810047 ], [ -71.949056, -37.810046 ], [ -71.949266, -37.810006 ], [ -71.949432, -37.809892 ], [ -71.949630, -37.809717 ], [ -71.949634, -37.809714 ], [ -71.949638, -37.809712 ], [ -71.949643, -37.809710 ], [ -71.949911, -37.809631 ], [ -71.949912, -37.809631 ], [ -71.949918, -37.809630 ], [ -71.950178, -37.809599 ], [ -71.950458, -37.809488 ], [ -71.950578, -37.809346 ], [ -71.950680, -37.809153 ], [ -71.950760, -37.808946 ], [ -71.950761, -37.808944 ], [ -71.950763, -37.808942 ], [ -71.950955, -37.808642 ], [ -71.950957, -37.808640 ], [ -71.950959, -37.808637 ], [ -71.951246, -37.808350 ], [ -71.951395, -37.808175 ], [ -71.951535, -37.807927 ], [ -71.951592, -37.807703 ], [ -71.951638, -37.807457 ], [ -71.951698, -37.807155 ], [ -71.951707, -37.806939 ], [ -71.951703, -37.806918 ], [ -71.951659, -37.806664 ], [ -71.951625, -37.806501 ], [ -71.951471, -37.806541 ], [ -71.951469, -37.806542 ], [ -71.951464, -37.806544 ], [ -71.951458, -37.806546 ], [ -71.951451, -37.806549 ], [ -71.951415, -37.806566 ], [ -71.951414, -37.806566 ], [ -71.951395, -37.806575 ], [ -71.951391, -37.806576 ], [ -71.951382, -37.806580 ], [ -71.951378, -37.806582 ], [ -71.951368, -37.806585 ], [ -71.951362, -37.806587 ], [ -71.951353, -37.806591 ], [ -71.951349, -37.806592 ], [ -71.951345, -37.806593 ], [ -71.951335, -37.806595 ], [ -71.951334, -37.806596 ], [ -71.951325, -37.806597 ], [ -71.951316, -37.806599 ], [ -71.951310, -37.806600 ], [ -71.951308, -37.806600 ], [ -71.951299, -37.806601 ], [ -71.951293, -37.806602 ], [ -71.951284, -37.806603 ], [ -71.951280, -37.806603 ], [ -71.951252, -37.806605 ], [ -71.951247, -37.806605 ], [ -71.951243, -37.806606 ], [ -71.951242, -37.806606 ], [ -71.951241, -37.806606 ], [ -71.951238, -37.806607 ], [ -71.951233, -37.806609 ], [ -71.951227, -37.806611 ], [ -71.951220, -37.806614 ], [ -71.951213, -37.806617 ], [ -71.951198, -37.806625 ], [ -71.951193, -37.806628 ], [ -71.951192, -37.806631 ], [ -71.951192, -37.806632 ], [ -71.951190, -37.806637 ], [ -71.951190, -37.806640 ], [ -71.951187, -37.806647 ], [ -71.951185, -37.806651 ], [ -71.951183, -37.806654 ], [ -71.951182, -37.806657 ], [ -71.951178, -37.806663 ], [ -71.951175, -37.806668 ], [ -71.951174, -37.806669 ], [ -71.951170, -37.806675 ], [ -71.951163, -37.806683 ], [ -71.951157, -37.806689 ], [ -71.951153, -37.806693 ], [ -71.951151, -37.806695 ], [ -71.951144, -37.806701 ], [ -71.951138, -37.806706 ], [ -71.951131, -37.806711 ], [ -71.951126, -37.806715 ], [ -71.951125, -37.806716 ], [ -71.951117, -37.806721 ], [ -71.951110, -37.806725 ], [ -71.951101, -37.806730 ], [ -71.951095, -37.806733 ], [ -71.951086, -37.806737 ], [ -71.951084, -37.806738 ], [ -71.951081, -37.806739 ], [ -71.951071, -37.806744 ], [ -71.951068, -37.806745 ], [ -71.951058, -37.806749 ], [ -71.951054, -37.806750 ], [ -71.951044, -37.806754 ], [ -71.951041, -37.806755 ], [ -71.951031, -37.806759 ], [ -71.951025, -37.806760 ], [ -71.951024, -37.806761 ], [ -71.951013, -37.806764 ], [ -71.951004, -37.806766 ], [ -71.950991, -37.806769 ], [ -71.950983, -37.806770 ], [ -71.950969, -37.806772 ], [ -71.950967, -37.806772 ], [ -71.950961, -37.806773 ], [ -71.950948, -37.806774 ], [ -71.950942, -37.806775 ], [ -71.950929, -37.806775 ], [ -71.950924, -37.806776 ], [ -71.950912, -37.806776 ] ] ] } }
,
{ "type": "Feature", "properties": { "OBJECTID": "734201", "NUMESCENAR": "911", "TIPOUSO": "PIRA", "TIPO_USO": "094", "NOM_TIPUSO": "PINO RADIATA", "APL": "2008,2009", "TEMPORADA": "VE2026", "NUM_ACTA": "2074455", "ZONA": "Chillán", "ID_AREA": "11", "NOM_AREA": "Canteras del Laja", "INTERVENCI": "COSECHA", "CODIGO": "21391", "NOM_PREDIO": "SAN ANTONIO 2", "UNIDAD": "COSECHA", "CS_EMSEFOR": "3.28300000000e+03", "ID_EMSEFOR": "", "EMSEFOR": "FORESTAL MILLALEMU Y CIA.LTDA.", "FAENA": "SK.Huinche", "SUPERVISOR": "DE LA CRUZ FRANCISCO", "ID_RESPON": "", "NOM_RESPON": "", "EQUIPO_MAD": "SKHU", "FCH_LIBERA": "16-01-2026", "FCH_CIERRE": "", "EST_MADERA": "Verde", "SUPERFICIE": "1.66332607070e+02", "ESTADO": "3", "ID_TRA_INI": "", "ID_TRA_FIN": "", "Shape_Leng": "0.00000000000e+00", "Shape_Area": "0.00000000000e+00", "CLOSED": "YES", "BORDER_STYLE": "Solid", "BORDER_COLOR": "RGB(255,255,255)", "BORDER_WIDTH": "4", "FILL_STYLE": "No Fill", "MOD_DATE": "09-02-2026" }, "geometry": { "type": "Polygon", "coordinates": [ [ [ -71.950933, -37.806533 ], [ -71.950694, -37.806647 ], [ -71.950480, -37.806755 ], [ -71.950493, -37.806756 ], [ -71.950510, -37.806750 ], [ -71.950518, -37.806747 ], [ -71.950527, -37.806744 ], [ -71.950528, -37.806744 ], [ -71.950537, -37.806742 ], [ -71.950546, -37.806740 ], [ -71.950554, -37.806738 ], [ -71.950563, -37.806737 ], [ -71.950565, -37.806737 ], [ -71.950569, -37.806736 ], [ -71.950578, -37.806735 ], [ -71.950581, -37.806735 ], [ -71.950607, -37.806732 ], [ -71.950609, -37.806732 ], [ -71.950611, -37.806731 ], [ -71.950615, -37.806728 ], [ -71.950621, -37.806725 ], [ -71.950627, -37.806720 ], [ -71.950642, -37.806710 ], [ -71.950706, -37.806661 ], [ -71.950709, -37.806659 ], [ -71.950718, -37.806653 ], [ -71.950720, -37.806651 ], [ -71.950721, -37.806651 ], [ -71.950731, -37.806644 ], [ -71.950735, -37.806642 ], [ -71.950746, -37.806635 ], [ -71.950750, -37.806633 ], [ -71.950762, -37.806626 ], [ -71.950767, -37.806624 ], [ -71.950778, -37.806618 ], [ -71.950781, -37.806616 ], [ -71.950785, -37.806615 ], [ -71.950796, -37.806610 ], [ -71.950806, -37.806607 ], [ -71.950816, -37.806603 ], [ -71.950820, -37.806602 ], [ -71.950829, -37.806600 ], [ -71.950838, -37.806598 ], [ -71.950847, -37.806596 ], [ -71.950854, -37.806595 ], [ -71.950860, -37.806595 ], [ -71.950873, -37.806594 ], [ -71.950883, -37.806595 ], [ -71.950888, -37.806595 ], [ -71.950894, -37.806595 ], [ -71.950901, -37.806596 ], [ -71.950909, -37.806596 ], [ -71.950917, -37.806596 ], [ -71.950925, -37.806595 ], [ -71.950931, -37.806595 ], [ -71.950937, -37.806594 ], [ -71.950942, -37.806593 ], [ -71.950946, -37.806591 ], [ -71.950951, -37.806590 ], [ -71.950958, -37.806587 ], [ -71.950965, -37.806585 ], [ -71.950970, -37.806582 ], [ -71.950972, -37.806581 ], [ -71.950973, -37.806577 ], [ -71.950973, -37.806575 ], [ -71.950976, -37.806565 ], [ -71.950977, -37.806565 ], [ -71.950979, -37.806559 ], [ -71.950981, -37.806554 ], [ -71.950984, -37.806548 ], [ -71.950988, -37.806542 ], [ -71.950992, -37.806536 ], [ -71.950993, -37.806534 ], [ -71.950998, -37.806528 ], [ -71.951003, -37.806523 ], [ -71.951008, -37.806517 ], [ -71.951010, -37.806516 ], [ -71.951017, -37.806510 ], [ -71.951024, -37.806505 ], [ -71.951030, -37.806500 ], [ -71.951038, -37.806495 ], [ -71.951042, -37.806492 ], [ -71.951050, -37.806487 ], [ -71.951054, -37.806485 ], [ -71.951062, -37.806480 ], [ -71.951065, -37.806479 ], [ -71.951074, -37.806474 ], [ -71.951077, -37.806473 ], [ -71.951095, -37.806464 ], [ -71.951098, -37.806462 ], [ -71.951107, -37.806458 ], [ -71.951110, -37.806457 ], [ -71.951119, -37.806453 ], [ -71.951122, -37.806451 ], [ -71.951132, -37.806448 ], [ -71.951136, -37.806446 ], [ -71.951146, -37.806442 ], [ -71.951151, -37.806441 ], [ -71.951161, -37.806437 ], [ -71.951164, -37.806437 ], [ -71.951169, -37.806435 ], [ -71.951179, -37.806433 ], [ -71.951189, -37.806431 ], [ -71.951198, -37.806429 ], [ -71.951203, -37.806428 ], [ -71.951205, -37.806428 ], [ -71.951215, -37.806427 ], [ -71.951220, -37.806426 ], [ -71.951230, -37.806426 ], [ -71.951233, -37.806425 ], [ -71.951261, -37.806424 ], [ -71.951266, -37.806423 ], [ -71.951269, -37.806423 ], [ -71.951270, -37.806423 ], [ -71.951272, -37.806422 ], [ -71.951274, -37.806421 ], [ -71.951279, -37.806420 ], [ -71.951284, -37.806418 ], [ -71.951287, -37.806416 ], [ -71.951301, -37.806410 ], [ -71.951338, -37.806393 ], [ -71.951341, -37.806392 ], [ -71.951350, -37.806387 ], [ -71.951353, -37.806386 ], [ -71.951363, -37.806382 ], [ -71.951367, -37.806381 ], [ -71.951377, -37.806377 ], [ -71.951382, -37.806375 ], [ -71.951387, -37.806374 ], [ -71.951390, -37.806373 ], [ -71.951394, -37.806372 ], [ -71.951561, -37.806328 ], [ -71.951588, -37.806321 ], [ -71.951597, -37.806235 ], [ -71.951532, -37.806271 ], [ -71.951528, -37.806273 ], [ -71.951190, -37.806410 ], [ -71.950933, -37.806533 ] ] ] } }
,
{ "type": "Feature", "properties": { "OBJECTID": "734201", "NUMESCENAR": "911", "TIPOUSO": "PIRA", "TIPO_USO": "094", "NOM_TIPUSO": "PINO RADIATA", "APL": "2008,2009", "TEMPORADA": "VE2026", "NUM_ACTA": "2074455", "ZONA": "Chillán", "ID_AREA": "11", "NOM_AREA": "Canteras del Laja", "INTERVENCI": "COSECHA", "CODIGO": "21391", "NOM_PREDIO": "SAN ANTONIO 2", "UNIDAD": "COSECHA", "CS_EMSEFOR": "3.28300000000e+03", "ID_EMSEFOR": "", "EMSEFOR": "FORESTAL MILLALEMU Y CIA.LTDA.", "FAENA": "SK.Huinche", "SUPERVISOR": "DE LA CRUZ FRANCISCO", "ID_RESPON": "", "NOM_RESPON": "", "EQUIPO_MAD": "SKHU", "FCH_LIBERA": "16-01-2026", "FCH_CIERRE": "", "EST_MADERA": "Verde", "SUPERFICIE": "1.66332607070e+02", "ESTADO": "3", "ID_TRA_INI": "", "ID_TRA_FIN": "", "Shape_Leng": "0.00000000000e+00", "Shape_Area": "0.00000000000e+00", "CLOSED": "YES", "BORDER_STYLE": "Solid", "BORDER_COLOR": "RGB(255,255,255)", "BORDER_WIDTH": "4", "FILL_STYLE": "No Fill", "MOD_DATE": "09-02-2026" }, "geometry": { "type": "Polygon", "coordinates": [ [ [ -71.945759, -37.806386 ], [ -71.945684, -37.806543 ], [ -71.945663, -37.806587 ], [ -71.945632, -37.806672 ], [ -71.945646, -37.806683 ], [ -71.945681, -37.806708 ], [ -71.945716, -37.806733 ], [ -71.945745, -37.806762 ], [ -71.945762, -37.806796 ], [ -71.945778, -37.806834 ], [ -71.945783, -37.806873 ], [ -71.945787, -37.806911 ], [ -71.945768, -37.806944 ], [ -71.945760, -37.806982 ], [ -71.945735, -37.807014 ], [ -71.945718, -37.807036 ], [ -71.945709, -37.807047 ], [ -71.945690, -37.807080 ], [ -71.945671, -37.807113 ], [ -71.945663, -37.807151 ], [ -71.945656, -37.807189 ], [ -71.945654, -37.807227 ], [ -71.945654, -37.807228 ], [ -71.945630, -37.807234 ], [ -71.945559, -37.807245 ], [ -71.945480, -37.807303 ], [ -71.945409, -37.807407 ], [ -71.945339, -37.807498 ], [ -71.945238, -37.807596 ], [ -71.945234, -37.807693 ], [ -71.945250, -37.807799 ], [ -71.945218, -37.807968 ], [ -71.945270, -37.808119 ], [ -71.945277, -37.808191 ], [ -71.945270, -37.808223 ], [ -71.945281, -37.808261 ], [ -71.945285, -37.808304 ], [ -71.945288, -37.808336 ], [ -71.945270, -37.808362 ], [ -71.945252, -37.808430 ], [ -71.945249, -37.808507 ], [ -71.945211, -37.808555 ], [ -71.945115, -37.808677 ], [ -71.945081, -37.808757 ], [ -71.944998, -37.808917 ], [ -71.944930, -37.809069 ], [ -71.944910, -37.809194 ], [ -71.944859, -37.809310 ], [ -71.944813, -37.809438 ], [ -71.944743, -37.809490 ], [ -71.944743, -37.809490 ], [ -71.944741, -37.809495 ], [ -71.944738, -37.809503 ], [ -71.944737, -37.809507 ], [ -71.944733, -37.809515 ], [ -71.944732, -37.809517 ], [ -71.944728, -37.809525 ], [ -71.944727, -37.809527 ], [ -71.944723, -37.809535 ], [ -71.944722, -37.809536 ], [ -71.944713, -37.809553 ], [ -71.944713, -37.809554 ], [ -71.944709, -37.809561 ], [ -71.944704, -37.809617 ], [ -71.944664, -37.809705 ], [ -71.944654, -37.809823 ], [ -71.944638, -37.809844 ], [ -71.944740, -37.809788 ], [ -71.944742, -37.809787 ], [ -71.944767, -37.809775 ], [ -71.944938, -37.809692 ], [ -71.944940, -37.809691 ], [ -71.944942, -37.809691 ], [ -71.945173, -37.809606 ], [ -71.945179, -37.809605 ], [ -71.945184, -37.809604 ], [ -71.945494, -37.809579 ], [ -71.945516, -37.809527 ], [ -71.945543, -37.809513 ], [ -71.945597, -37.809489 ], [ -71.945633, -37.809453 ], [ -71.945678, -37.809387 ], [ -71.945727, -37.809334 ], [ -71.945792, -37.809247 ], [ -71.945810, -37.809191 ], [ -71.945842, -37.809108 ], [ -71.945879, -37.809052 ], [ -71.945942, -37.809054 ], [ -71.945965, -37.809084 ], [ -71.945980, -37.809114 ], [ -71.945986, -37.809143 ], [ -71.945992, -37.809198 ], [ -71.946004, -37.809236 ], [ -71.946026, -37.809264 ], [ -71.946033, -37.809289 ], [ -71.946050, -37.809333 ], [ -71.946061, -37.809374 ], [ -71.946067, -37.809420 ], [ -71.946089, -37.809469 ], [ -71.946133, -37.809493 ], [ -71.946186, -37.809492 ], [ -71.946213, -37.809472 ], [ -71.946189, -37.809425 ], [ -71.946179, -37.809345 ], [ -71.946212, -37.809306 ], [ -71.946267, -37.809316 ], [ -71.946318, -37.809374 ], [ -71.946349, -37.809446 ], [ -71.946376, -37.809503 ], [ -71.946412, -37.809511 ], [ -71.946443, -37.809486 ], [ -71.946479, -37.809437 ], [ -71.946523, -37.809381 ], [ -71.946588, -37.809345 ], [ -71.946631, -37.809340 ], [ -71.946677, -37.809364 ], [ -71.946699, -37.809415 ], [ -71.946698, -37.809447 ], [ -71.946677, -37.809505 ], [ -71.946644, -37.809535 ], [ -71.946593, -37.809559 ], [ -71.946531, -37.809572 ], [ -71.946452, -37.809575 ], [ -71.946383, -37.809581 ], [ -71.946327, -37.809607 ], [ -71.946317, -37.809638 ], [ -71.946317, -37.809653 ], [ -71.946345, -37.809656 ], [ -71.946553, -37.809631 ], [ -71.946768, -37.809554 ], [ -71.946980, -37.809393 ], [ -71.947331, -37.809015 ], [ -71.947845, -37.808319 ], [ -71.948352, -37.807610 ], [ -71.948353, -37.807608 ], [ -71.948671, -37.807216 ], [ -71.948675, -37.807213 ], [ -71.948677, -37.807211 ], [ -71.948705, -37.807189 ], [ -71.948687, -37.807163 ], [ -71.948669, -37.807120 ], [ -71.948659, -37.807085 ], [ -71.948678, -37.807050 ], [ -71.948725, -37.807019 ], [ -71.948787, -37.807004 ], [ -71.948823, -37.806985 ], [ -71.948847, -37.806960 ], [ -71.948855, -37.806942 ], [ -71.948851, -37.806911 ], [ -71.948816, -37.806912 ], [ -71.948774, -37.806921 ], [ -71.948698, -37.806939 ], [ -71.948622, -37.806952 ], [ -71.948575, -37.806970 ], [ -71.948532, -37.806988 ], [ -71.948481, -37.807010 ], [ -71.948437, -37.807013 ], [ -71.948413, -37.806996 ], [ -71.948412, -37.806971 ], [ -71.948423, -37.806940 ], [ -71.948454, -37.806919 ], [ -71.948512, -37.806921 ], [ -71.948560, -37.806916 ], [ -71.948603, -37.806892 ], [ -71.948622, -37.806867 ], [ -71.948610, -37.806836 ], [ -71.948569, -37.806800 ], [ -71.948545, -37.806773 ], [ -71.948516, -37.806736 ], [ -71.948508, -37.806692 ], [ -71.948509, -37.806667 ], [ -71.948494, -37.806650 ], [ -71.948449, -37.806630 ], [ -71.948402, -37.806608 ], [ -71.948383, -37.806581 ], [ -71.948379, -37.806549 ], [ -71.948399, -37.806510 ], [ -71.948310, -37.806482 ], [ -71.947958, -37.806403 ], [ -71.947955, -37.806403 ], [ -71.947945, -37.806402 ], [ -71.947935, -37.806401 ], [ -71.947926, -37.806400 ], [ -71.947916, -37.806397 ], [ -71.947907, -37.806395 ], [ -71.947899, -37.806391 ], [ -71.947891, -37.806388 ], [ -71.947883, -37.806386 ], [ -71.947880, -37.806385 ], [ -71.947875, -37.806383 ], [ -71.947655, -37.806282 ], [ -71.947528, -37.806225 ], [ -71.947528, -37.806224 ], [ -71.947519, -37.806220 ], [ -71.947511, -37.806215 ], [ -71.947507, -37.806212 ], [ -71.947442, -37.806164 ], [ -71.947427, -37.806154 ], [ -71.947421, -37.806150 ], [ -71.947415, -37.806146 ], [ -71.947410, -37.806143 ], [ -71.947407, -37.806141 ], [ -71.947405, -37.806140 ], [ -71.947403, -37.806140 ], [ -71.947399, -37.806138 ], [ -71.947394, -37.806137 ], [ -71.947356, -37.806128 ], [ -71.947354, -37.806128 ], [ -71.947344, -37.806125 ], [ -71.947340, -37.806124 ], [ -71.947331, -37.806121 ], [ -71.947325, -37.806119 ], [ -71.947316, -37.806116 ], [ -71.947308, -37.806114 ], [ -71.947299, -37.806110 ], [ -71.947294, -37.806108 ], [ -71.947290, -37.806106 ], [ -71.947281, -37.806101 ], [ -71.947274, -37.806097 ], [ -71.947265, -37.806092 ], [ -71.947260, -37.806089 ], [ -71.947252, -37.806083 ], [ -71.947248, -37.806081 ], [ -71.947241, -37.806075 ], [ -71.947238, -37.806073 ], [ -71.947230, -37.806067 ], [ -71.947228, -37.806066 ], [ -71.947213, -37.806053 ], [ -71.947211, -37.806052 ], [ -71.947188, -37.806032 ], [ -71.947188, -37.806032 ], [ -71.947164, -37.806011 ], [ -71.947113, -37.805967 ], [ -71.947092, -37.805950 ], [ -71.947087, -37.805945 ], [ -71.947081, -37.805941 ], [ -71.947078, -37.805939 ], [ -71.947073, -37.805938 ], [ -71.947067, -37.805938 ], [ -71.947016, -37.805936 ], [ -71.947012, -37.805935 ], [ -71.947002, -37.805935 ], [ -71.946998, -37.805934 ], [ -71.946988, -37.805933 ], [ -71.946982, -37.805933 ], [ -71.946982, -37.805933 ], [ -71.946972, -37.805931 ], [ -71.946963, -37.805930 ], [ -71.946953, -37.805928 ], [ -71.946944, -37.805925 ], [ -71.946941, -37.805924 ], [ -71.946932, -37.805922 ], [ -71.946925, -37.805919 ], [ -71.946918, -37.805916 ], [ -71.946909, -37.805912 ], [ -71.946908, -37.805912 ], [ -71.946898, -37.805907 ], [ -71.946889, -37.805902 ], [ -71.946883, -37.805898 ], [ -71.946882, -37.805897 ], [ -71.946874, -37.805892 ], [ -71.946870, -37.805889 ], [ -71.946709, -37.805888 ], [ -71.946415, -37.805950 ], [ -71.946092, -37.806116 ], [ -71.945910, -37.806246 ], [ -71.945759, -37.806386 ] ] ] } }
,
{ "type": "Feature", "properties": { "OBJECTID": "734201", "NUMESCENAR": "911", "TIPOUSO": "PIRA", "TIPO_USO": "094", "NOM_TIPUSO": "PINO RADIATA", "APL": "2008,2009", "TEMPORADA": "VE2026", "NUM_ACTA": "2074455", "ZONA": "Chillán", "ID_AREA": "11", "NOM_AREA": "Canteras del Laja", "INTERVENCI": "COSECHA", "CODIGO": "21391", "NOM_PREDIO": "SAN ANTONIO 2", "UNIDAD": "COSECHA", "CS_EMSEFOR": "3.28300000000e+03", "ID_EMSEFOR": "", "EMSEFOR": "FORESTAL MILLALEMU Y CIA.LTDA.", "FAENA": "SK.Huinche", "SUPERVISOR": "DE LA CRUZ FRANCISCO", "ID_RESPON": "", "NOM_RESPON": "", "EQUIPO_MAD": "SKHU", "FCH_LIBERA": "16-01-2026", "FCH_CIERRE": "", "EST_MADERA": "Verde", "SUPERFICIE": "1.66332607070e+02", "ESTADO": "3", "ID_TRA_INI": "", "ID_TRA_FIN": "", "Shape_Leng": "0.00000000000e+00", "Shape_Area": "0.00000000000e+00", "CLOSED": "YES", "BORDER_STYLE": "Solid", "BORDER_COLOR": "RGB(255,255,255)", "BORDER_WIDTH": "4", "FILL_STYLE": "No Fill", "MOD_DATE": "09-02-2026" }, "geometry": { "type": "Polygon", "coordinates": [ [ [ -71.943139, -37.806506 ], [ -71.943105, -37.806756 ], [ -71.943104, -37.806760 ], [ -71.943077, -37.807000 ], [ -71.943102, -37.807246 ], [ -71.943157, -37.807494 ], [ -71.943313, -37.807704 ], [ -71.943341, -37.807742 ], [ -71.943500, -37.807955 ], [ -71.943723, -37.808223 ], [ -71.943724, -37.808224 ], [ -71.943952, -37.808535 ], [ -71.943954, -37.808539 ], [ -71.943955, -37.808542 ], [ -71.944034, -37.808795 ], [ -71.944161, -37.809050 ], [ -71.944267, -37.809258 ], [ -71.944350, -37.809432 ], [ -71.944350, -37.809433 ], [ -71.944351, -37.809435 ], [ -71.944356, -37.809410 ], [ -71.944364, -37.809372 ], [ -71.944365, -37.809329 ], [ -71.944362, -37.809263 ], [ -71.944352, -37.809224 ], [ -71.944335, -37.809186 ], [ -71.944325, -37.809147 ], [ -71.944320, -37.809109 ], [ -71.944316, -37.809071 ], [ -71.944324, -37.809033 ], [ -71.944337, -37.808995 ], [ -71.944351, -37.808957 ], [ -71.944370, -37.808924 ], [ -71.944395, -37.808892 ], [ -71.944427, -37.808859 ], [ -71.944458, -37.808831 ], [ -71.944489, -37.808799 ], [ -71.944526, -37.808776 ], [ -71.944558, -37.808748 ], [ -71.944589, -37.808720 ], [ -71.944632, -37.808683 ], [ -71.944676, -37.808651 ], [ -71.944713, -37.808628 ], [ -71.944744, -37.808600 ], [ -71.944775, -37.808572 ], [ -71.944807, -37.808540 ], [ -71.944832, -37.808507 ], [ -71.944857, -37.808474 ], [ -71.944883, -37.808442 ], [ -71.944896, -37.808404 ], [ -71.944916, -37.808366 ], [ -71.944924, -37.808324 ], [ -71.944931, -37.808286 ], [ -71.944938, -37.808253 ], [ -71.944939, -37.808248 ], [ -71.944952, -37.808210 ], [ -71.944954, -37.808172 ], [ -71.944956, -37.808134 ], [ -71.944947, -37.808057 ], [ -71.944936, -37.808019 ], [ -71.944926, -37.807980 ], [ -71.944921, -37.807942 ], [ -71.944911, -37.807899 ], [ -71.944901, -37.807861 ], [ -71.944897, -37.807831 ], [ -71.944897, -37.807829 ], [ -71.944896, -37.807827 ], [ -71.944896, -37.807824 ], [ -71.944894, -37.807815 ], [ -71.944894, -37.807814 ], [ -71.944886, -37.807784 ], [ -71.944879, -37.807746 ], [ -71.944867, -37.807727 ], [ -71.944866, -37.807725 ], [ -71.944861, -37.807718 ], [ -71.944860, -37.807715 ], [ -71.944855, -37.807708 ], [ -71.944853, -37.807704 ], [ -71.944850, -37.807696 ], [ -71.944848, -37.807694 ], [ -71.944847, -37.807690 ], [ -71.944844, -37.807682 ], [ -71.944841, -37.807674 ], [ -71.944839, -37.807666 ], [ -71.944838, -37.807663 ], [ -71.944837, -37.807655 ], [ -71.944836, -37.807647 ], [ -71.944835, -37.807639 ], [ -71.944835, -37.807638 ], [ -71.944835, -37.807630 ], [ -71.944836, -37.807624 ], [ -71.944837, -37.807616 ], [ -71.944837, -37.807611 ], [ -71.944839, -37.807603 ], [ -71.944839, -37.807600 ], [ -71.944841, -37.807591 ], [ -71.944842, -37.807588 ], [ -71.944844, -37.807580 ], [ -71.944845, -37.807578 ], [ -71.944847, -37.807570 ], [ -71.944848, -37.807567 ], [ -71.944851, -37.807559 ], [ -71.944852, -37.807557 ], [ -71.944855, -37.807549 ], [ -71.944856, -37.807546 ], [ -71.944860, -37.807538 ], [ -71.944860, -37.807538 ], [ -71.944860, -37.807526 ], [ -71.944880, -37.807493 ], [ -71.944899, -37.807460 ], [ -71.944925, -37.807427 ], [ -71.944938, -37.807414 ], [ -71.944948, -37.807389 ], [ -71.944949, -37.807386 ], [ -71.944952, -37.807378 ], [ -71.944953, -37.807375 ], [ -71.944957, -37.807367 ], [ -71.944959, -37.807363 ], [ -71.944962, -37.807357 ], [ -71.944963, -37.807356 ], [ -71.944966, -37.807349 ], [ -71.944971, -37.807342 ], [ -71.944974, -37.807338 ], [ -71.944976, -37.807335 ], [ -71.944982, -37.807328 ], [ -71.944987, -37.807322 ], [ -71.944993, -37.807315 ], [ -71.944997, -37.807312 ], [ -71.944998, -37.807311 ], [ -71.945004, -37.807305 ], [ -71.945008, -37.807301 ], [ -71.945016, -37.807295 ], [ -71.945019, -37.807292 ], [ -71.945027, -37.807287 ], [ -71.945031, -37.807284 ], [ -71.945039, -37.807279 ], [ -71.945040, -37.807278 ], [ -71.945043, -37.807276 ], [ -71.945051, -37.807271 ], [ -71.945056, -37.807268 ], [ -71.945065, -37.807263 ], [ -71.945072, -37.807259 ], [ -71.945081, -37.807255 ], [ -71.945082, -37.807255 ], [ -71.945089, -37.807252 ], [ -71.945099, -37.807248 ], [ -71.945106, -37.807245 ], [ -71.945116, -37.807242 ], [ -71.945119, -37.807241 ], [ -71.945121, -37.807241 ], [ -71.945132, -37.807238 ], [ -71.945135, -37.807237 ], [ -71.945146, -37.807234 ], [ -71.945149, -37.807233 ], [ -71.945171, -37.807229 ], [ -71.945172, -37.807229 ], [ -71.945225, -37.807218 ], [ -71.945234, -37.807211 ], [ -71.945265, -37.807183 ], [ -71.945297, -37.807151 ], [ -71.945316, -37.807118 ], [ -71.945335, -37.807085 ], [ -71.945349, -37.807047 ], [ -71.945344, -37.807009 ], [ -71.945340, -37.806971 ], [ -71.945348, -37.806933 ], [ -71.945357, -37.806917 ], [ -71.945314, -37.806885 ], [ -71.945134, -37.806816 ], [ -71.945133, -37.806816 ], [ -71.944762, -37.806659 ], [ -71.944429, -37.806622 ], [ -71.944215, -37.806651 ], [ -71.944214, -37.806651 ], [ -71.944212, -37.806651 ], [ -71.944076, -37.806660 ], [ -71.944073, -37.806660 ], [ -71.944067, -37.806659 ], [ -71.944061, -37.806658 ], [ -71.944056, -37.806656 ], [ -71.944051, -37.806653 ], [ -71.944047, -37.806650 ], [ -71.944044, -37.806646 ], [ -71.944041, -37.806641 ], [ -71.944040, -37.806637 ], [ -71.944010, -37.806457 ], [ -71.944009, -37.806454 ], [ -71.944003, -37.806239 ], [ -71.944003, -37.806236 ], [ -71.944004, -37.806232 ], [ -71.944064, -37.806030 ], [ -71.944061, -37.806003 ], [ -71.944042, -37.805857 ], [ -71.943957, -37.805629 ], [ -71.943812, -37.805453 ], [ -71.943714, -37.805394 ], [ -71.943712, -37.805393 ], [ -71.943617, -37.805325 ], [ -71.943613, -37.805321 ], [ -71.943610, -37.805317 ], [ -71.943608, -37.805313 ], [ -71.943547, -37.805171 ], [ -71.943435, -37.805015 ], [ -71.943435, -37.805015 ], [ -71.943434, -37.805014 ], [ -71.943403, -37.804961 ], [ -71.943334, -37.805427 ], [ -71.943249, -37.806168 ], [ -71.943249, -37.806171 ], [ -71.943248, -37.806172 ], [ -71.943139, -37.806506 ] ] ] } }
,
{ "type": "Feature", "properties": { "OBJECTID": "734201", "NUMESCENAR": "911", "TIPOUSO": "PIRA", "TIPO_USO": "094", "NOM_TIPUSO": "PINO RADIATA", "APL": "2008,2009", "TEMPORADA": "VE2026", "NUM_ACTA": "2074455", "ZONA": "Chillán", "ID_AREA": "11", "NOM_AREA": "Canteras del Laja", "INTERVENCI": "COSECHA", "CODIGO": "21391", "NOM_PREDIO": "SAN ANTONIO 2", "UNIDAD": "COSECHA", "CS_EMSEFOR": "3.28300000000e+03", "ID_EMSEFOR": "", "EMSEFOR": "FORESTAL MILLALEMU Y CIA.LTDA.", "FAENA": "SK.Huinche", "SUPERVISOR": "DE LA CRUZ FRANCISCO", "ID_RESPON": "", "NOM_RESPON": "", "EQUIPO_MAD": "SKHU", "FCH_LIBERA": "16-01-2026", "FCH_CIERRE": "", "EST_MADERA": "Verde", "SUPERFICIE": "1.66332607070e+02", "ESTADO": "3", "ID_TRA_INI": "", "ID_TRA_FIN": "", "Shape_Leng": "0.00000000000e+00", "Shape_Area": "0.00000000000e+00", "CLOSED": "YES", "BORDER_STYLE": "Solid", "BORDER_COLOR": "RGB(255,255,255)", "BORDER_WIDTH": "4", "FILL_STYLE": "No Fill", "MOD_DATE": "09-02-2026" }, "geometry": { "type": "Polygon", "coordinates": [ [ [ -71.945137, -37.803534 ], [ -71.945092, -37.803548 ], [ -71.945025, -37.803540 ], [ -71.944962, -37.803534 ], [ -71.944954, -37.803582 ], [ -71.944954, -37.803584 ], [ -71.944953, -37.803585 ], [ -71.944926, -37.803670 ], [ -71.944924, -37.803673 ], [ -71.944922, -37.803678 ], [ -71.944918, -37.803681 ], [ -71.944914, -37.803685 ], [ -71.944909, -37.803687 ], [ -71.944713, -37.803772 ], [ -71.944340, -37.803934 ], [ -71.944338, -37.803935 ], [ -71.943974, -37.804063 ], [ -71.943642, -37.804233 ], [ -71.943526, -37.804328 ], [ -71.943470, -37.804456 ], [ -71.943467, -37.804484 ], [ -71.943481, -37.804469 ], [ -71.943489, -37.804462 ], [ -71.943573, -37.804442 ], [ -71.943706, -37.804448 ], [ -71.943714, -37.804472 ], [ -71.943684, -37.804526 ], [ -71.943653, -37.804549 ], [ -71.943634, -37.804587 ], [ -71.943614, -37.804637 ], [ -71.943612, -37.804684 ], [ -71.943643, -37.804718 ], [ -71.943698, -37.804708 ], [ -71.943740, -37.804702 ], [ -71.943770, -37.804703 ], [ -71.943821, -37.804704 ], [ -71.943835, -37.804733 ], [ -71.943833, -37.804797 ], [ -71.943830, -37.804864 ], [ -71.943801, -37.804906 ], [ -71.943746, -37.804924 ], [ -71.943681, -37.804898 ], [ -71.943646, -37.804866 ], [ -71.943620, -37.804859 ], [ -71.943559, -37.804864 ], [ -71.943510, -37.804891 ], [ -71.943447, -37.804908 ], [ -71.943495, -37.804990 ], [ -71.943608, -37.805147 ], [ -71.943609, -37.805147 ], [ -71.943611, -37.805151 ], [ -71.943670, -37.805289 ], [ -71.943757, -37.805352 ], [ -71.943858, -37.805413 ], [ -71.943863, -37.805416 ], [ -71.943866, -37.805420 ], [ -71.944016, -37.805603 ], [ -71.944019, -37.805606 ], [ -71.944020, -37.805610 ], [ -71.944108, -37.805845 ], [ -71.944110, -37.805848 ], [ -71.944110, -37.805850 ], [ -71.944123, -37.805957 ], [ -71.944132, -37.806029 ], [ -71.944132, -37.806033 ], [ -71.944132, -37.806038 ], [ -71.944071, -37.806241 ], [ -71.944078, -37.806451 ], [ -71.944103, -37.806604 ], [ -71.944205, -37.806598 ], [ -71.944422, -37.806568 ], [ -71.944428, -37.806567 ], [ -71.944433, -37.806568 ], [ -71.944777, -37.806606 ], [ -71.944783, -37.806607 ], [ -71.944788, -37.806609 ], [ -71.945135, -37.806756 ], [ -71.945133, -37.806728 ], [ -71.945156, -37.806700 ], [ -71.945167, -37.806665 ], [ -71.945177, -37.806629 ], [ -71.945170, -37.806593 ], [ -71.945162, -37.806557 ], [ -71.945164, -37.806511 ], [ -71.945161, -37.806471 ], [ -71.945145, -37.806435 ], [ -71.945110, -37.806409 ], [ -71.945065, -37.806394 ], [ -71.945015, -37.806400 ], [ -71.944970, -37.806413 ], [ -71.944924, -37.806419 ], [ -71.944880, -37.806410 ], [ -71.944835, -37.806399 ], [ -71.944831, -37.806399 ], [ -71.944724, -37.806428 ], [ -71.944642, -37.806457 ], [ -71.944634, -37.806460 ], [ -71.944624, -37.806462 ], [ -71.944615, -37.806464 ], [ -71.944605, -37.806465 ], [ -71.944595, -37.806465 ], [ -71.944585, -37.806465 ], [ -71.944575, -37.806464 ], [ -71.944566, -37.806462 ], [ -71.944556, -37.806460 ], [ -71.944547, -37.806457 ], [ -71.944538, -37.806453 ], [ -71.944530, -37.806449 ], [ -71.944522, -37.806444 ], [ -71.944515, -37.806439 ], [ -71.944508, -37.806433 ], [ -71.944502, -37.806427 ], [ -71.944497, -37.806420 ], [ -71.944492, -37.806413 ], [ -71.944488, -37.806406 ], [ -71.944485, -37.806399 ], [ -71.944483, -37.806391 ], [ -71.944482, -37.806383 ], [ -71.944481, -37.806375 ], [ -71.944482, -37.806367 ], [ -71.944483, -37.806360 ], [ -71.944485, -37.806352 ], [ -71.944488, -37.806344 ], [ -71.944492, -37.806337 ], [ -71.944497, -37.806330 ], [ -71.944502, -37.806324 ], [ -71.944508, -37.806317 ], [ -71.944515, -37.806311 ], [ -71.944522, -37.806306 ], [ -71.944530, -37.806301 ], [ -71.944538, -37.806297 ], [ -71.944548, -37.806293 ], [ -71.944636, -37.806262 ], [ -71.944644, -37.806259 ], [ -71.944646, -37.806259 ], [ -71.944669, -37.806252 ], [ -71.944675, -37.806248 ], [ -71.944716, -37.806227 ], [ -71.944766, -37.806225 ], [ -71.944768, -37.806226 ], [ -71.944814, -37.806213 ], [ -71.944822, -37.806211 ], [ -71.944830, -37.806210 ], [ -71.944839, -37.806209 ], [ -71.944904, -37.806204 ], [ -71.944979, -37.806198 ], [ -71.944983, -37.806198 ], [ -71.944988, -37.806198 ], [ -71.944992, -37.806195 ], [ -71.945038, -37.806171 ], [ -71.945080, -37.806147 ], [ -71.945121, -37.806127 ], [ -71.945159, -37.806089 ], [ -71.945187, -37.806057 ], [ -71.945220, -37.806029 ], [ -71.945261, -37.806009 ], [ -71.945303, -37.805992 ], [ -71.945344, -37.805968 ], [ -71.945372, -37.805937 ], [ -71.945392, -37.805902 ], [ -71.945411, -37.805866 ], [ -71.945440, -37.805835 ], [ -71.945472, -37.805807 ], [ -71.945514, -37.805783 ], [ -71.945555, -37.805766 ], [ -71.945592, -37.805739 ], [ -71.945630, -37.805715 ], [ -71.945653, -37.805683 ], [ -71.945677, -37.805652 ], [ -71.945697, -37.805613 ], [ -71.945721, -37.805578 ], [ -71.945731, -37.805542 ], [ -71.945746, -37.805507 ], [ -71.945761, -37.805471 ], [ -71.945781, -37.805436 ], [ -71.945800, -37.805401 ], [ -71.945824, -37.805369 ], [ -71.945848, -37.805338 ], [ -71.945867, -37.805302 ], [ -71.945882, -37.805267 ], [ -71.945882, -37.805258 ], [ -71.945880, -37.805255 ], [ -71.945878, -37.805247 ], [ -71.945877, -37.805242 ], [ -71.945871, -37.805203 ], [ -71.945870, -37.805193 ], [ -71.945869, -37.805137 ], [ -71.945869, -37.805136 ], [ -71.945870, -37.805130 ], [ -71.945871, -37.805124 ], [ -71.945879, -37.805080 ], [ -71.945879, -37.805077 ], [ -71.945880, -37.805074 ], [ -71.945882, -37.805067 ], [ -71.945887, -37.805048 ], [ -71.945888, -37.805028 ], [ -71.945894, -37.804988 ], [ -71.945900, -37.804949 ], [ -71.945910, -37.804914 ], [ -71.945913, -37.804908 ], [ -71.945913, -37.804908 ], [ -71.945913, -37.804906 ], [ -71.945916, -37.804888 ], [ -71.945916, -37.804886 ], [ -71.945918, -37.804878 ], [ -71.945918, -37.804876 ], [ -71.945919, -37.804875 ], [ -71.945921, -37.804867 ], [ -71.945921, -37.804863 ], [ -71.945924, -37.804855 ], [ -71.945925, -37.804850 ], [ -71.945928, -37.804842 ], [ -71.945930, -37.804837 ], [ -71.945934, -37.804829 ], [ -71.945934, -37.804828 ], [ -71.945936, -37.804824 ], [ -71.945940, -37.804817 ], [ -71.945942, -37.804814 ], [ -71.945946, -37.804806 ], [ -71.945947, -37.804804 ], [ -71.945952, -37.804796 ], [ -71.945953, -37.804794 ], [ -71.945971, -37.804766 ], [ -71.945976, -37.804733 ], [ -71.945978, -37.804694 ], [ -71.945989, -37.804648 ], [ -71.945989, -37.804637 ], [ -71.945996, -37.804598 ], [ -71.946006, -37.804562 ], [ -71.946021, -37.804527 ], [ -71.946036, -37.804492 ], [ -71.946047, -37.804453 ], [ -71.946048, -37.804413 ], [ -71.946045, -37.804374 ], [ -71.946038, -37.804338 ], [ -71.946033, -37.804316 ], [ -71.946032, -37.804314 ], [ -71.946030, -37.804310 ], [ -71.946029, -37.804307 ], [ -71.946026, -37.804300 ], [ -71.946023, -37.804292 ], [ -71.946021, -37.804285 ], [ -71.946020, -37.804280 ], [ -71.946019, -37.804279 ], [ -71.946019, -37.804277 ], [ -71.946014, -37.804266 ], [ -71.945993, -37.804233 ], [ -71.945971, -37.804200 ], [ -71.945950, -37.804168 ], [ -71.945934, -37.804131 ], [ -71.945917, -37.804095 ], [ -71.945905, -37.804059 ], [ -71.945898, -37.804026 ], [ -71.945891, -37.804018 ], [ -71.945888, -37.804015 ], [ -71.945886, -37.804012 ], [ -71.945880, -37.804005 ], [ -71.945877, -37.804001 ], [ -71.945877, -37.804000 ], [ -71.945872, -37.803994 ], [ -71.945867, -37.803987 ], [ -71.945867, -37.803986 ], [ -71.945863, -37.803980 ], [ -71.945863, -37.803979 ], [ -71.945859, -37.803972 ], [ -71.945858, -37.803968 ], [ -71.945854, -37.803960 ], [ -71.945852, -37.803951 ], [ -71.945850, -37.803943 ], [ -71.945849, -37.803941 ], [ -71.945848, -37.803936 ], [ -71.945847, -37.803927 ], [ -71.945846, -37.803923 ], [ -71.945846, -37.803914 ], [ -71.945846, -37.803911 ], [ -71.945845, -37.803907 ], [ -71.945836, -37.803878 ], [ -71.945842, -37.803839 ], [ -71.945835, -37.803803 ], [ -71.945809, -37.803770 ], [ -71.945774, -37.803745 ], [ -71.945734, -37.803722 ], [ -71.945699, -37.803696 ], [ -71.945695, -37.803676 ], [ -71.945688, -37.803676 ], [ -71.945680, -37.803677 ], [ -71.945673, -37.803678 ], [ -71.945667, -37.803679 ], [ -71.945662, -37.803680 ], [ -71.945659, -37.803681 ], [ -71.945657, -37.803682 ], [ -71.945655, -37.803682 ], [ -71.945650, -37.803685 ], [ -71.945633, -37.803692 ], [ -71.945633, -37.803693 ], [ -71.945628, -37.803695 ], [ -71.945619, -37.803698 ], [ -71.945611, -37.803702 ], [ -71.945602, -37.803705 ], [ -71.945596, -37.803706 ], [ -71.945589, -37.803708 ], [ -71.945580, -37.803710 ], [ -71.945570, -37.803712 ], [ -71.945560, -37.803714 ], [ -71.945559, -37.803714 ], [ -71.945551, -37.803715 ], [ -71.945542, -37.803715 ], [ -71.945534, -37.803716 ], [ -71.945531, -37.803716 ], [ -71.945524, -37.803716 ], [ -71.945521, -37.803716 ], [ -71.945517, -37.803716 ], [ -71.945511, -37.803716 ], [ -71.945508, -37.803716 ], [ -71.945500, -37.803715 ], [ -71.945491, -37.803715 ], [ -71.945482, -37.803714 ], [ -71.945473, -37.803712 ], [ -71.945462, -37.803711 ], [ -71.945453, -37.803709 ], [ -71.945445, -37.803706 ], [ -71.945440, -37.803705 ], [ -71.945432, -37.803702 ], [ -71.945425, -37.803700 ], [ -71.945419, -37.803697 ], [ -71.945417, -37.803696 ], [ -71.945409, -37.803692 ], [ -71.945397, -37.803686 ], [ -71.945389, -37.803681 ], [ -71.945386, -37.803679 ], [ -71.945382, -37.803676 ], [ -71.945374, -37.803671 ], [ -71.945369, -37.803667 ], [ -71.945362, -37.803661 ], [ -71.945359, -37.803658 ], [ -71.945352, -37.803652 ], [ -71.945350, -37.803650 ], [ -71.945343, -37.803643 ], [ -71.945341, -37.803642 ], [ -71.945338, -37.803638 ], [ -71.945242, -37.803562 ], [ -71.945203, -37.803534 ], [ -71.945189, -37.803526 ], [ -71.945183, -37.803526 ], [ -71.945137, -37.803534 ] ] ] } }
,
{ "type": "Feature", "properties": { "OBJECTID": "734201", "NUMESCENAR": "911", "TIPOUSO": "PIRA", "TIPO_USO": "094", "NOM_TIPUSO": "PINO RADIATA", "APL": "2008,2009", "TEMPORADA": "VE2026", "NUM_ACTA": "2074455", "ZONA": "Chillán", "ID_AREA": "11", "NOM_AREA": "Canteras del Laja", "INTERVENCI": "COSECHA", "CODIGO": "21391", "NOM_PREDIO": "SAN ANTONIO 2", "UNIDAD": "COSECHA", "CS_EMSEFOR": "3.28300000000e+03", "ID_EMSEFOR": "", "EMSEFOR": "FORESTAL MILLALEMU Y CIA.LTDA.", "FAENA": "SK.Huinche", "SUPERVISOR": "DE LA CRUZ FRANCISCO", "ID_RESPON": "", "NOM_RESPON": "", "EQUIPO_MAD": "SKHU", "FCH_LIBERA": "16-01-2026", "FCH_CIERRE": "", "EST_MADERA": "Verde", "SUPERFICIE": "1.66332607070e+02", "ESTADO": "3", "ID_TRA_INI": "", "ID_TRA_FIN": "", "Shape_Leng": "0.00000000000e+00", "Shape_Area": "0.00000000000e+00", "CLOSED": "YES", "BORDER_STYLE": "Solid", "BORDER_COLOR": "RGB(255,255,255)", "BORDER_WIDTH": "4", "FILL_STYLE": "No Fill", "MOD_DATE": "09-02-2026" }, "geometry": { "type": "Polygon", "coordinates": [ [ [ -71.944226, -37.803716 ], [ -71.944222, -37.803716 ], [ -71.944220, -37.803716 ], [ -71.944210, -37.803715 ], [ -71.944205, -37.803715 ], [ -71.944195, -37.803715 ], [ -71.944191, -37.803715 ], [ -71.944169, -37.803713 ], [ -71.944166, -37.803713 ], [ -71.944144, -37.803711 ], [ -71.944143, -37.803711 ], [ -71.944078, -37.803704 ], [ -71.944058, -37.803702 ], [ -71.944039, -37.803700 ], [ -71.944031, -37.803700 ], [ -71.944024, -37.803699 ], [ -71.944019, -37.803699 ], [ -71.944016, -37.803699 ], [ -71.944014, -37.803699 ], [ -71.944013, -37.803700 ], [ -71.944010, -37.803700 ], [ -71.944005, -37.803702 ], [ -71.943998, -37.803704 ], [ -71.943990, -37.803706 ], [ -71.943961, -37.803716 ], [ -71.943958, -37.803717 ], [ -71.943939, -37.803723 ], [ -71.943935, -37.803724 ], [ -71.943934, -37.803725 ], [ -71.943924, -37.803727 ], [ -71.943919, -37.803729 ], [ -71.943909, -37.803731 ], [ -71.943902, -37.803733 ], [ -71.943892, -37.803734 ], [ -71.943886, -37.803735 ], [ -71.943881, -37.803736 ], [ -71.943871, -37.803737 ], [ -71.943859, -37.803738 ], [ -71.943849, -37.803738 ], [ -71.943847, -37.803738 ], [ -71.943840, -37.803738 ], [ -71.943831, -37.803737 ], [ -71.943826, -37.803737 ], [ -71.943811, -37.803736 ], [ -71.943783, -37.803742 ], [ -71.943778, -37.803743 ], [ -71.943776, -37.803744 ], [ -71.943774, -37.803744 ], [ -71.943766, -37.803746 ], [ -71.943765, -37.803747 ], [ -71.943759, -37.803748 ], [ -71.943756, -37.803749 ], [ -71.943750, -37.803750 ], [ -71.943741, -37.803752 ], [ -71.943730, -37.803754 ], [ -71.943727, -37.803754 ], [ -71.943722, -37.803755 ], [ -71.943711, -37.803756 ], [ -71.943706, -37.803756 ], [ -71.943695, -37.803757 ], [ -71.943691, -37.803757 ], [ -71.943659, -37.803759 ], [ -71.943651, -37.803759 ], [ -71.943645, -37.803759 ], [ -71.943642, -37.803760 ], [ -71.943639, -37.803761 ], [ -71.943636, -37.803762 ], [ -71.943636, -37.803762 ], [ -71.943632, -37.803764 ], [ -71.943598, -37.803779 ], [ -71.943593, -37.803781 ], [ -71.943584, -37.803785 ], [ -71.943578, -37.803787 ], [ -71.943568, -37.803791 ], [ -71.943560, -37.803794 ], [ -71.943550, -37.803797 ], [ -71.943539, -37.803799 ], [ -71.943528, -37.803801 ], [ -71.943521, -37.803803 ], [ -71.943498, -37.803812 ], [ -71.943456, -37.803836 ], [ -71.943419, -37.803860 ], [ -71.943382, -37.803884 ], [ -71.943349, -37.803912 ], [ -71.943312, -37.803940 ], [ -71.943275, -37.803964 ], [ -71.943233, -37.803988 ], [ -71.943188, -37.804008 ], [ -71.943142, -37.804025 ], [ -71.943096, -37.804038 ], [ -71.943051, -37.804044 ], [ -71.942964, -37.804066 ], [ -71.942919, -37.804076 ], [ -71.942873, -37.804093 ], [ -71.942827, -37.804109 ], [ -71.942786, -37.804130 ], [ -71.942749, -37.804154 ], [ -71.942712, -37.804181 ], [ -71.942674, -37.804213 ], [ -71.942637, -37.804240 ], [ -71.942591, -37.804264 ], [ -71.942545, -37.804284 ], [ -71.942495, -37.804297 ], [ -71.942445, -37.804310 ], [ -71.942395, -37.804320 ], [ -71.942350, -37.804326 ], [ -71.942300, -37.804328 ], [ -71.942250, -37.804327 ], [ -71.942201, -37.804326 ], [ -71.942151, -37.804328 ], [ -71.942102, -37.804330 ], [ -71.942047, -37.804332 ], [ -71.942002, -37.804338 ], [ -71.941957, -37.804348 ], [ -71.941911, -37.804357 ], [ -71.941861, -37.804370 ], [ -71.941811, -37.804383 ], [ -71.941770, -37.804404 ], [ -71.941728, -37.804424 ], [ -71.941691, -37.804452 ], [ -71.941654, -37.804479 ], [ -71.941617, -37.804507 ], [ -71.941584, -37.804535 ], [ -71.941551, -37.804566 ], [ -71.941518, -37.804594 ], [ -71.941486, -37.804622 ], [ -71.941462, -37.804653 ], [ -71.941442, -37.804670 ], [ -71.941434, -37.804699 ], [ -71.941432, -37.804707 ], [ -71.941403, -37.804779 ], [ -71.941401, -37.804783 ], [ -71.941400, -37.804785 ], [ -71.941367, -37.804851 ], [ -71.941362, -37.804859 ], [ -71.941350, -37.804878 ], [ -71.941352, -37.804911 ], [ -71.941355, -37.804951 ], [ -71.941362, -37.804987 ], [ -71.941370, -37.805023 ], [ -71.941377, -37.805059 ], [ -71.941380, -37.805098 ], [ -71.941379, -37.805137 ], [ -71.941377, -37.805177 ], [ -71.941376, -37.805216 ], [ -71.941354, -37.805245 ], [ -71.941363, -37.805270 ], [ -71.941365, -37.805279 ], [ -71.941366, -37.805287 ], [ -71.941370, -37.805321 ], [ -71.941370, -37.805328 ], [ -71.941369, -37.805339 ], [ -71.941363, -37.805382 ], [ -71.941362, -37.805386 ], [ -71.941360, -37.805393 ], [ -71.941358, -37.805400 ], [ -71.941342, -37.805436 ], [ -71.941317, -37.805501 ], [ -71.941299, -37.805548 ], [ -71.941297, -37.805579 ], [ -71.941287, -37.805618 ], [ -71.941272, -37.805653 ], [ -71.941229, -37.805706 ], [ -71.941196, -37.805737 ], [ -71.941163, -37.805761 ], [ -71.941163, -37.805762 ], [ -71.941166, -37.805774 ], [ -71.941166, -37.805789 ], [ -71.941158, -37.805851 ], [ -71.941147, -37.805911 ], [ -71.941143, -37.805947 ], [ -71.941144, -37.805993 ], [ -71.941147, -37.806010 ], [ -71.941151, -37.806023 ], [ -71.941156, -37.806032 ], [ -71.941161, -37.806037 ], [ -71.941169, -37.806040 ], [ -71.941180, -37.806039 ], [ -71.941206, -37.806034 ], [ -71.941222, -37.806032 ], [ -71.941239, -37.806033 ], [ -71.941258, -37.806039 ], [ -71.941274, -37.806048 ], [ -71.941287, -37.806059 ], [ -71.941293, -37.806069 ], [ -71.941293, -37.806079 ], [ -71.941288, -37.806089 ], [ -71.941279, -37.806097 ], [ -71.941231, -37.806127 ], [ -71.941205, -37.806145 ], [ -71.941176, -37.806168 ], [ -71.941128, -37.806210 ], [ -71.941110, -37.806224 ], [ -71.941086, -37.806238 ], [ -71.941003, -37.806275 ], [ -71.940974, -37.806293 ], [ -71.940946, -37.806314 ], [ -71.940918, -37.806340 ], [ -71.940899, -37.806366 ], [ -71.940893, -37.806378 ], [ -71.940888, -37.806391 ], [ -71.940887, -37.806406 ], [ -71.940893, -37.806424 ], [ -71.940917, -37.806467 ], [ -71.940936, -37.806498 ], [ -71.940958, -37.806526 ], [ -71.940973, -37.806543 ], [ -71.940984, -37.806552 ], [ -71.940998, -37.806560 ], [ -71.941030, -37.806573 ], [ -71.941037, -37.806579 ], [ -71.941042, -37.806585 ], [ -71.941043, -37.806597 ], [ -71.941035, -37.806628 ], [ -71.941036, -37.806647 ], [ -71.941043, -37.806667 ], [ -71.941073, -37.806731 ], [ -71.941080, -37.806755 ], [ -71.941080, -37.806766 ], [ -71.941077, -37.806776 ], [ -71.941072, -37.806785 ], [ -71.941061, -37.806801 ], [ -71.941061, -37.806807 ], [ -71.941065, -37.806809 ], [ -71.941071, -37.806809 ], [ -71.941106, -37.806801 ], [ -71.941123, -37.806799 ], [ -71.941142, -37.806800 ], [ -71.941161, -37.806805 ], [ -71.941187, -37.806815 ], [ -71.941215, -37.806831 ], [ -71.941246, -37.806852 ], [ -71.941269, -37.806872 ], [ -71.941281, -37.806886 ], [ -71.941287, -37.806899 ], [ -71.941289, -37.806911 ], [ -71.941289, -37.806935 ], [ -71.941291, -37.806951 ], [ -71.941298, -37.806974 ], [ -71.941306, -37.806993 ], [ -71.941316, -37.807008 ], [ -71.941345, -37.807042 ], [ -71.941377, -37.807091 ], [ -71.941420, -37.807138 ], [ -71.941428, -37.807151 ], [ -71.941438, -37.807176 ], [ -71.941447, -37.807187 ], [ -71.941457, -37.807192 ], [ -71.941468, -37.807194 ], [ -71.941481, -37.807193 ], [ -71.941494, -37.807187 ], [ -71.941503, -37.807180 ], [ -71.941510, -37.807174 ], [ -71.941689, -37.807290 ], [ -71.941688, -37.807326 ], [ -71.941696, -37.807333 ], [ -71.941670, -37.807326 ], [ -71.941635, -37.807319 ], [ -71.941590, -37.807312 ], [ -71.941565, -37.807310 ], [ -71.941546, -37.807311 ], [ -71.941529, -37.807316 ], [ -71.941517, -37.807324 ], [ -71.941509, -37.807336 ], [ -71.941505, -37.807353 ], [ -71.941506, -37.807369 ], [ -71.941517, -37.807406 ], [ -71.941516, -37.807418 ], [ -71.941511, -37.807437 ], [ -71.941511, -37.807442 ], [ -71.941514, -37.807446 ], [ -71.941517, -37.807448 ], [ -71.941523, -37.807450 ], [ -71.941550, -37.807452 ], [ -71.941561, -37.807454 ], [ -71.941571, -37.807458 ], [ -71.941581, -37.807464 ], [ -71.941597, -37.807477 ], [ -71.941630, -37.807510 ], [ -71.941646, -37.807524 ], [ -71.941665, -37.807538 ], [ -71.941703, -37.807562 ], [ -71.941718, -37.807573 ], [ -71.941769, -37.807618 ], [ -71.941789, -37.807641 ], [ -71.941797, -37.807652 ], [ -71.941801, -37.807662 ], [ -71.941803, -37.807672 ], [ -71.941803, -37.807694 ], [ -71.941816, -37.807729 ], [ -71.941829, -37.807775 ], [ -71.941835, -37.807792 ], [ -71.941841, -37.807804 ], [ -71.941849, -37.807816 ], [ -71.941870, -37.807838 ], [ -71.941887, -37.807850 ], [ -71.941907, -37.807861 ], [ -71.941970, -37.807891 ], [ -71.941994, -37.807899 ], [ -71.942010, -37.807902 ], [ -71.942026, -37.807901 ], [ -71.942094, -37.807893 ], [ -71.942120, -37.807892 ], [ -71.942133, -37.807894 ], [ -71.942142, -37.807896 ], [ -71.942148, -37.807900 ], [ -71.942153, -37.807905 ], [ -71.942156, -37.807910 ], [ -71.942156, -37.807917 ], [ -71.942153, -37.807931 ], [ -71.942142, -37.807946 ], [ -71.942129, -37.807955 ], [ -71.942122, -37.807958 ], [ -71.942112, -37.807960 ], [ -71.942072, -37.807960 ], [ -71.942044, -37.807965 ], [ -71.942009, -37.807975 ], [ -71.941982, -37.807985 ], [ -71.941965, -37.807993 ], [ -71.941957, -37.807999 ], [ -71.941951, -37.808007 ], [ -71.941949, -37.808014 ], [ -71.941949, -37.808020 ], [ -71.941952, -37.808026 ], [ -71.941956, -37.808033 ], [ -71.941965, -37.808039 ], [ -71.941978, -37.808045 ], [ -71.941989, -37.808046 ], [ -71.942004, -37.808046 ], [ -71.942106, -37.808023 ], [ -71.942130, -37.808016 ], [ -71.942154, -37.808006 ], [ -71.942214, -37.807974 ], [ -71.942233, -37.807967 ], [ -71.942261, -37.807958 ], [ -71.942273, -37.807953 ], [ -71.942278, -37.807947 ], [ -71.942279, -37.807940 ], [ -71.942274, -37.807933 ], [ -71.942261, -37.807919 ], [ -71.942256, -37.807912 ], [ -71.942253, -37.807902 ], [ -71.942255, -37.807894 ], [ -71.942262, -37.807883 ], [ -71.942273, -37.807874 ], [ -71.942281, -37.807876 ], [ -71.942364, -37.807889 ], [ -71.942466, -37.807892 ], [ -71.942486, -37.807855 ], [ -71.942512, -37.807845 ], [ -71.942573, -37.807811 ], [ -71.942617, -37.807799 ], [ -71.942702, -37.807786 ], [ -71.942780, -37.807779 ], [ -71.942829, -37.807782 ], [ -71.942933, -37.807768 ], [ -71.942957, -37.807753 ], [ -71.943003, -37.807711 ], [ -71.943010, -37.807680 ], [ -71.943011, -37.807644 ], [ -71.943010, -37.807620 ], [ -71.942987, -37.807576 ], [ -71.942961, -37.807541 ], [ -71.942909, -37.807494 ], [ -71.942875, -37.807465 ], [ -71.942834, -37.807420 ], [ -71.942831, -37.807378 ], [ -71.942857, -37.807354 ], [ -71.942884, -37.807355 ], [ -71.942921, -37.807378 ], [ -71.942953, -37.807403 ], [ -71.942969, -37.807422 ], [ -71.942982, -37.807434 ], [ -71.943008, -37.807471 ], [ -71.943058, -37.807479 ], [ -71.943081, -37.807466 ], [ -71.943035, -37.807254 ], [ -71.943035, -37.807253 ], [ -71.943034, -37.807251 ], [ -71.943009, -37.807003 ], [ -71.943009, -37.806999 ], [ -71.943009, -37.806998 ], [ -71.943037, -37.806750 ], [ -71.943071, -37.806498 ], [ -71.943072, -37.806496 ], [ -71.943072, -37.806495 ], [ -71.943182, -37.806161 ], [ -71.943199, -37.806012 ], [ -71.943178, -37.806011 ], [ -71.943118, -37.806017 ], [ -71.943090, -37.806033 ], [ -71.943073, -37.806073 ], [ -71.943060, -37.806101 ], [ -71.943049, -37.806158 ], [ -71.943028, -37.806220 ], [ -71.943014, -37.806277 ], [ -71.942987, -37.806340 ], [ -71.942941, -37.806363 ], [ -71.942918, -37.806334 ], [ -71.942916, -37.806245 ], [ -71.942956, -37.806141 ], [ -71.942987, -37.806061 ], [ -71.943001, -37.806016 ], [ -71.943019, -37.805943 ], [ -71.943021, -37.805890 ], [ -71.943013, -37.805852 ], [ -71.943000, -37.805806 ], [ -71.943021, -37.805745 ], [ -71.943095, -37.805699 ], [ -71.943137, -37.805686 ], [ -71.943175, -37.805660 ], [ -71.943180, -37.805608 ], [ -71.943193, -37.805558 ], [ -71.943205, -37.805491 ], [ -71.943213, -37.805443 ], [ -71.943225, -37.805368 ], [ -71.943241, -37.805309 ], [ -71.943244, -37.805251 ], [ -71.943244, -37.805169 ], [ -71.943242, -37.805147 ], [ -71.943222, -37.805139 ], [ -71.943203, -37.805154 ], [ -71.943168, -37.805197 ], [ -71.943144, -37.805229 ], [ -71.943124, -37.805265 ], [ -71.943101, -37.805299 ], [ -71.943079, -37.805308 ], [ -71.943047, -37.805281 ], [ -71.943042, -37.805232 ], [ -71.943073, -37.805171 ], [ -71.943113, -37.805140 ], [ -71.943151, -37.805116 ], [ -71.943248, -37.805068 ], [ -71.943267, -37.805039 ], [ -71.943289, -37.804981 ], [ -71.943284, -37.804954 ], [ -71.943268, -37.804933 ], [ -71.943248, -37.804943 ], [ -71.943227, -37.804974 ], [ -71.943190, -37.804996 ], [ -71.943155, -37.804992 ], [ -71.943137, -37.804978 ], [ -71.943134, -37.804947 ], [ -71.943136, -37.804914 ], [ -71.943151, -37.804865 ], [ -71.943158, -37.804827 ], [ -71.943167, -37.804805 ], [ -71.943210, -37.804785 ], [ -71.943251, -37.804772 ], [ -71.943307, -37.804764 ], [ -71.943341, -37.804744 ], [ -71.943344, -37.804715 ], [ -71.943332, -37.804672 ], [ -71.943307, -37.804628 ], [ -71.943301, -37.804588 ], [ -71.943314, -37.804558 ], [ -71.943338, -37.804534 ], [ -71.943361, -37.804527 ], [ -71.943393, -37.804526 ], [ -71.943402, -37.804448 ], [ -71.943403, -37.804445 ], [ -71.943404, -37.804441 ], [ -71.943405, -37.804439 ], [ -71.943464, -37.804305 ], [ -71.943466, -37.804301 ], [ -71.943468, -37.804298 ], [ -71.943472, -37.804295 ], [ -71.943596, -37.804193 ], [ -71.943599, -37.804191 ], [ -71.943602, -37.804189 ], [ -71.943940, -37.804017 ], [ -71.943942, -37.804016 ], [ -71.943944, -37.804015 ], [ -71.944309, -37.803886 ], [ -71.944681, -37.803725 ], [ -71.944864, -37.803645 ], [ -71.944887, -37.803573 ], [ -71.944898, -37.803506 ], [ -71.944894, -37.803505 ], [ -71.944878, -37.803495 ], [ -71.944868, -37.803499 ], [ -71.944828, -37.803526 ], [ -71.944826, -37.803527 ], [ -71.944788, -37.803551 ], [ -71.944781, -37.803555 ], [ -71.944774, -37.803559 ], [ -71.944765, -37.803562 ], [ -71.944727, -37.803576 ], [ -71.944719, -37.803579 ], [ -71.944709, -37.803581 ], [ -71.944700, -37.803583 ], [ -71.944691, -37.803584 ], [ -71.944683, -37.803584 ], [ -71.944678, -37.803585 ], [ -71.944668, -37.803585 ], [ -71.944663, -37.803585 ], [ -71.944624, -37.803586 ], [ -71.944619, -37.803586 ], [ -71.944615, -37.803589 ], [ -71.944586, -37.803614 ], [ -71.944585, -37.803616 ], [ -71.944577, -37.803622 ], [ -71.944575, -37.803624 ], [ -71.944567, -37.803630 ], [ -71.944563, -37.803633 ], [ -71.944555, -37.803639 ], [ -71.944552, -37.803641 ], [ -71.944549, -37.803643 ], [ -71.944540, -37.803649 ], [ -71.944532, -37.803653 ], [ -71.944524, -37.803657 ], [ -71.944519, -37.803660 ], [ -71.944517, -37.803661 ], [ -71.944508, -37.803665 ], [ -71.944501, -37.803668 ], [ -71.944492, -37.803671 ], [ -71.944484, -37.803673 ], [ -71.944475, -37.803676 ], [ -71.944474, -37.803676 ], [ -71.944467, -37.803678 ], [ -71.944457, -37.803680 ], [ -71.944448, -37.803682 ], [ -71.944437, -37.803684 ], [ -71.944435, -37.803684 ], [ -71.944430, -37.803685 ], [ -71.944422, -37.803686 ], [ -71.944419, -37.803686 ], [ -71.944414, -37.803686 ], [ -71.944403, -37.803687 ], [ -71.944401, -37.803687 ], [ -71.944370, -37.803689 ], [ -71.944364, -37.803689 ], [ -71.944360, -37.803690 ], [ -71.944357, -37.803691 ], [ -71.944351, -37.803692 ], [ -71.944344, -37.803694 ], [ -71.944313, -37.803702 ], [ -71.944310, -37.803703 ], [ -71.944299, -37.803706 ], [ -71.944294, -37.803707 ], [ -71.944284, -37.803710 ], [ -71.944276, -37.803711 ], [ -71.944265, -37.803713 ], [ -71.944263, -37.803713 ], [ -71.944255, -37.803714 ], [ -71.944245, -37.803715 ], [ -71.944237, -37.803715 ], [ -71.944226, -37.803716 ] ] ] } }
,
{ "type": "Feature", "properties": { "OBJECTID": "734201", "NUMESCENAR": "911", "TIPOUSO": "PIRA", "TIPO_USO": "094", "NOM_TIPUSO": "PINO RADIATA", "APL": "2008,2009", "TEMPORADA": "VE2026", "NUM_ACTA": "2074455", "ZONA": "Chillán", "ID_AREA": "11", "NOM_AREA": "Canteras del Laja", "INTERVENCI": "COSECHA", "CODIGO": "21391", "NOM_PREDIO": "SAN ANTONIO 2", "UNIDAD": "COSECHA", "CS_EMSEFOR": "3.28300000000e+03", "ID_EMSEFOR": "", "EMSEFOR": "FORESTAL MILLALEMU Y CIA.LTDA.", "FAENA": "SK.Huinche", "SUPERVISOR": "DE LA CRUZ FRANCISCO", "ID_RESPON": "", "NOM_RESPON": "", "EQUIPO_MAD": "SKHU", "FCH_LIBERA": "16-01-2026", "FCH_CIERRE": "", "EST_MADERA": "Verde", "SUPERFICIE": "1.66332607070e+02", "ESTADO": "3", "ID_TRA_INI": "", "ID_TRA_FIN": "", "Shape_Leng": "0.00000000000e+00", "Shape_Area": "0.00000000000e+00", "CLOSED": "YES", "BORDER_STYLE": "Solid", "BORDER_COLOR": "RGB(255,255,255)", "BORDER_WIDTH": "4", "FILL_STYLE": "No Fill", "MOD_DATE": "09-02-2026" }, "geometry": { "type": "Polygon", "coordinates": [ [ [ -71.947415, -37.802420 ], [ -71.947118, -37.802477 ], [ -71.946893, -37.802564 ], [ -71.946856, -37.802588 ], [ -71.946870, -37.802640 ], [ -71.946863, -37.802678 ], [ -71.946837, -37.802711 ], [ -71.946828, -37.802735 ], [ -71.946793, -37.802767 ], [ -71.946769, -37.802794 ], [ -71.946767, -37.802814 ], [ -71.946766, -37.802849 ], [ -71.946763, -37.802899 ], [ -71.946762, -37.802935 ], [ -71.946761, -37.802968 ], [ -71.946759, -37.803016 ], [ -71.946757, -37.803060 ], [ -71.946755, -37.803094 ], [ -71.946755, -37.803099 ], [ -71.946750, -37.803141 ], [ -71.946750, -37.803146 ], [ -71.946742, -37.803190 ], [ -71.946741, -37.803192 ], [ -71.946740, -37.803195 ], [ -71.946731, -37.803230 ], [ -71.946729, -37.803236 ], [ -71.946727, -37.803243 ], [ -71.946724, -37.803249 ], [ -71.946717, -37.803261 ], [ -71.946709, -37.803275 ], [ -71.946704, -37.803283 ], [ -71.946701, -37.803286 ], [ -71.946680, -37.803312 ], [ -71.946676, -37.803317 ], [ -71.946671, -37.803322 ], [ -71.946664, -37.803328 ], [ -71.946639, -37.803348 ], [ -71.946632, -37.803353 ], [ -71.946626, -37.803357 ], [ -71.946619, -37.803361 ], [ -71.946582, -37.803379 ], [ -71.946578, -37.803381 ], [ -71.946568, -37.803385 ], [ -71.946486, -37.803414 ], [ -71.946487, -37.803490 ], [ -71.946452, -37.803616 ], [ -71.946354, -37.803685 ], [ -71.946351, -37.803753 ], [ -71.946331, -37.803771 ], [ -71.946299, -37.803803 ], [ -71.946274, -37.803836 ], [ -71.946249, -37.803869 ], [ -71.946235, -37.803907 ], [ -71.946228, -37.803944 ], [ -71.946226, -37.803983 ], [ -71.946224, -37.804021 ], [ -71.946223, -37.804059 ], [ -71.946233, -37.804097 ], [ -71.946268, -37.804127 ], [ -71.946297, -37.804156 ], [ -71.946304, -37.804167 ], [ -71.946314, -37.804175 ], [ -71.946350, -37.804203 ], [ -71.946391, -37.804222 ], [ -71.946435, -37.804238 ], [ -71.946476, -37.804257 ], [ -71.946512, -37.804282 ], [ -71.946545, -37.804309 ], [ -71.946578, -37.804337 ], [ -71.946614, -37.804365 ], [ -71.946639, -37.804395 ], [ -71.946660, -37.804435 ], [ -71.946677, -37.804471 ], [ -71.946683, -37.804507 ], [ -71.946682, -37.804545 ], [ -71.946665, -37.804581 ], [ -71.946645, -37.804616 ], [ -71.946621, -37.804648 ], [ -71.946586, -37.804677 ], [ -71.946528, -37.804711 ], [ -71.946490, -37.804737 ], [ -71.946455, -37.804766 ], [ -71.946420, -37.804795 ], [ -71.946392, -37.804824 ], [ -71.946361, -37.804853 ], [ -71.946333, -37.804885 ], [ -71.946310, -37.804920 ], [ -71.946295, -37.804943 ], [ -71.946294, -37.804947 ], [ -71.946281, -37.804985 ], [ -71.946273, -37.805023 ], [ -71.946266, -37.805061 ], [ -71.946258, -37.805099 ], [ -71.946263, -37.805137 ], [ -71.946291, -37.805167 ], [ -71.946339, -37.805177 ], [ -71.946386, -37.805193 ], [ -71.946434, -37.805204 ], [ -71.946475, -37.805229 ], [ -71.946510, -37.805258 ], [ -71.946539, -37.805292 ], [ -71.946596, -37.805356 ], [ -71.946637, -37.805371 ], [ -71.946685, -37.805372 ], [ -71.946733, -37.805388 ], [ -71.946781, -37.805399 ], [ -71.946822, -37.805414 ], [ -71.946870, -37.805425 ], [ -71.946911, -37.805440 ], [ -71.946946, -37.805465 ], [ -71.946987, -37.805490 ], [ -71.947028, -37.805515 ], [ -71.947069, -37.805540 ], [ -71.947098, -37.805569 ], [ -71.947108, -37.805607 ], [ -71.947111, -37.805616 ], [ -71.947191, -37.805518 ], [ -71.947194, -37.805515 ], [ -71.947199, -37.805512 ], [ -71.947329, -37.805432 ], [ -71.947444, -37.805306 ], [ -71.947445, -37.805304 ], [ -71.947565, -37.805188 ], [ -71.947663, -37.805052 ], [ -71.947752, -37.804832 ], [ -71.947824, -37.804587 ], [ -71.947840, -37.804411 ], [ -71.947840, -37.804409 ], [ -71.947864, -37.804277 ], [ -71.947864, -37.804276 ], [ -71.947866, -37.804271 ], [ -71.947959, -37.804088 ], [ -71.947961, -37.804084 ], [ -71.948099, -37.803889 ], [ -71.948263, -37.803549 ], [ -71.948278, -37.803396 ], [ -71.948250, -37.803291 ], [ -71.948222, -37.803264 ], [ -71.948218, -37.803284 ], [ -71.948211, -37.803322 ], [ -71.948209, -37.803360 ], [ -71.948202, -37.803396 ], [ -71.948191, -37.803434 ], [ -71.948175, -37.803472 ], [ -71.948158, -37.803507 ], [ -71.948136, -37.803542 ], [ -71.948116, -37.803575 ], [ -71.948097, -37.803610 ], [ -71.948074, -37.803643 ], [ -71.948049, -37.803676 ], [ -71.948030, -37.803709 ], [ -71.948004, -37.803741 ], [ -71.947970, -37.803767 ], [ -71.947922, -37.803768 ], [ -71.947884, -37.803745 ], [ -71.947867, -37.803711 ], [ -71.947860, -37.803676 ], [ -71.947855, -37.803640 ], [ -71.947860, -37.803602 ], [ -71.947867, -37.803566 ], [ -71.947875, -37.803530 ], [ -71.947888, -37.803493 ], [ -71.947899, -37.803457 ], [ -71.947909, -37.803422 ], [ -71.947920, -37.803386 ], [ -71.947930, -37.803348 ], [ -71.947938, -37.803313 ], [ -71.947957, -37.803280 ], [ -71.947982, -37.803250 ], [ -71.948014, -37.803219 ], [ -71.948053, -37.803201 ], [ -71.948099, -37.803198 ], [ -71.948147, -37.803204 ], [ -71.948162, -37.803207 ], [ -71.948040, -37.803114 ], [ -71.948037, -37.803111 ], [ -71.948034, -37.803108 ], [ -71.948032, -37.803105 ], [ -71.948007, -37.803056 ], [ -71.947998, -37.803047 ], [ -71.947982, -37.803034 ], [ -71.947973, -37.803031 ], [ -71.947966, -37.803029 ], [ -71.947958, -37.803029 ], [ -71.947949, -37.803032 ], [ -71.947941, -37.803036 ], [ -71.947937, -37.803040 ], [ -71.947934, -37.803048 ], [ -71.947937, -37.803059 ], [ -71.947942, -37.803066 ], [ -71.947961, -37.803087 ], [ -71.947969, -37.803101 ], [ -71.947972, -37.803115 ], [ -71.947969, -37.803128 ], [ -71.947962, -37.803139 ], [ -71.947951, -37.803147 ], [ -71.947939, -37.803152 ], [ -71.947899, -37.803164 ], [ -71.947889, -37.803170 ], [ -71.947881, -37.803177 ], [ -71.947873, -37.803190 ], [ -71.947862, -37.803233 ], [ -71.947850, -37.803261 ], [ -71.947831, -37.803292 ], [ -71.947823, -37.803301 ], [ -71.947814, -37.803308 ], [ -71.947797, -37.803315 ], [ -71.947780, -37.803318 ], [ -71.947764, -37.803317 ], [ -71.947730, -37.803310 ], [ -71.947709, -37.803308 ], [ -71.947691, -37.803309 ], [ -71.947625, -37.803318 ], [ -71.947598, -37.803319 ], [ -71.947568, -37.803319 ], [ -71.947545, -37.803315 ], [ -71.947529, -37.803311 ], [ -71.947492, -37.803298 ], [ -71.947447, -37.803285 ], [ -71.947435, -37.803280 ], [ -71.947425, -37.803274 ], [ -71.947419, -37.803267 ], [ -71.947415, -37.803260 ], [ -71.947411, -37.803244 ], [ -71.947411, -37.803233 ], [ -71.947412, -37.803224 ], [ -71.947415, -37.803217 ], [ -71.947421, -37.803209 ], [ -71.947432, -37.803202 ], [ -71.947438, -37.803201 ], [ -71.947446, -37.803200 ], [ -71.947465, -37.803203 ], [ -71.947513, -37.803219 ], [ -71.947547, -37.803224 ], [ -71.947711, -37.803228 ], [ -71.947731, -37.803227 ], [ -71.947745, -37.803225 ], [ -71.947759, -37.803219 ], [ -71.947768, -37.803211 ], [ -71.947774, -37.803200 ], [ -71.947775, -37.803186 ], [ -71.947771, -37.803172 ], [ -71.947760, -37.803154 ], [ -71.947747, -37.803139 ], [ -71.947731, -37.803126 ], [ -71.947712, -37.803115 ], [ -71.947688, -37.803105 ], [ -71.947671, -37.803100 ], [ -71.947644, -37.803096 ], [ -71.947632, -37.803097 ], [ -71.947620, -37.803099 ], [ -71.947591, -37.803115 ], [ -71.947579, -37.803118 ], [ -71.947571, -37.803119 ], [ -71.947560, -37.803117 ], [ -71.947526, -37.803106 ], [ -71.947516, -37.803105 ], [ -71.947505, -37.803108 ], [ -71.947486, -37.803118 ], [ -71.947477, -37.803122 ], [ -71.947468, -37.803123 ], [ -71.947458, -37.803123 ], [ -71.947446, -37.803119 ], [ -71.947433, -37.803111 ], [ -71.947421, -37.803100 ], [ -71.947402, -37.803078 ], [ -71.947392, -37.803069 ], [ -71.947376, -37.803061 ], [ -71.947368, -37.803059 ], [ -71.947360, -37.803059 ], [ -71.947352, -37.803061 ], [ -71.947343, -37.803068 ], [ -71.947337, -37.803076 ], [ -71.947333, -37.803087 ], [ -71.947331, -37.803096 ], [ -71.947332, -37.803104 ], [ -71.947335, -37.803111 ], [ -71.947349, -37.803134 ], [ -71.947351, -37.803141 ], [ -71.947351, -37.803150 ], [ -71.947346, -37.803167 ], [ -71.947337, -37.803180 ], [ -71.947324, -37.803196 ], [ -71.947301, -37.803214 ], [ -71.947290, -37.803219 ], [ -71.947274, -37.803224 ], [ -71.947260, -37.803226 ], [ -71.947245, -37.803226 ], [ -71.947226, -37.803224 ], [ -71.947204, -37.803219 ], [ -71.947185, -37.803211 ], [ -71.947167, -37.803202 ], [ -71.947148, -37.803190 ], [ -71.947131, -37.803176 ], [ -71.947110, -37.803156 ], [ -71.947064, -37.803105 ], [ -71.947055, -37.803092 ], [ -71.947053, -37.803083 ], [ -71.947056, -37.803076 ], [ -71.947065, -37.803072 ], [ -71.947077, -37.803071 ], [ -71.947092, -37.803073 ], [ -71.947107, -37.803076 ], [ -71.947123, -37.803082 ], [ -71.947160, -37.803105 ], [ -71.947167, -37.803108 ], [ -71.947179, -37.803109 ], [ -71.947189, -37.803105 ], [ -71.947213, -37.803081 ], [ -71.947234, -37.803061 ], [ -71.947242, -37.803049 ], [ -71.947243, -37.803041 ], [ -71.947240, -37.803034 ], [ -71.947235, -37.803029 ], [ -71.947215, -37.803017 ], [ -71.947211, -37.803011 ], [ -71.947209, -37.803004 ], [ -71.947208, -37.802995 ], [ -71.947210, -37.802983 ], [ -71.947215, -37.802972 ], [ -71.947228, -37.802958 ], [ -71.947228, -37.802955 ], [ -71.947225, -37.802951 ], [ -71.947210, -37.802940 ], [ -71.947203, -37.802937 ], [ -71.947197, -37.802936 ], [ -71.947190, -37.802937 ], [ -71.947172, -37.802946 ], [ -71.947162, -37.802949 ], [ -71.947148, -37.802950 ], [ -71.947132, -37.802948 ], [ -71.947118, -37.802943 ], [ -71.947107, -37.802938 ], [ -71.947076, -37.802916 ], [ -71.947064, -37.802909 ], [ -71.947030, -37.802863 ], [ -71.947039, -37.802838 ], [ -71.947061, -37.802817 ], [ -71.947096, -37.802812 ], [ -71.947170, -37.802775 ], [ -71.947181, -37.802785 ], [ -71.947192, -37.802793 ], [ -71.947204, -37.802800 ], [ -71.947225, -37.802808 ], [ -71.947285, -37.802821 ], [ -71.947299, -37.802827 ], [ -71.947309, -37.802837 ], [ -71.947318, -37.802859 ], [ -71.947322, -37.802863 ], [ -71.947326, -37.802866 ], [ -71.947338, -37.802870 ], [ -71.947377, -37.802874 ], [ -71.947416, -37.802881 ], [ -71.947434, -37.802881 ], [ -71.947443, -37.802877 ], [ -71.947445, -37.802874 ], [ -71.947445, -37.802871 ], [ -71.947443, -37.802867 ], [ -71.947425, -37.802851 ], [ -71.947419, -37.802841 ], [ -71.947418, -37.802835 ], [ -71.947422, -37.802824 ], [ -71.947436, -37.802809 ], [ -71.947439, -37.802804 ], [ -71.947439, -37.802797 ], [ -71.947436, -37.802790 ], [ -71.947431, -37.802783 ], [ -71.947420, -37.802776 ], [ -71.947370, -37.802757 ], [ -71.947349, -37.802746 ], [ -71.947341, -37.802739 ], [ -71.947333, -37.802731 ], [ -71.947328, -37.802722 ], [ -71.947325, -37.802714 ], [ -71.947325, -37.802705 ], [ -71.947327, -37.802698 ], [ -71.947331, -37.802691 ], [ -71.947340, -37.802683 ], [ -71.947349, -37.802678 ], [ -71.947363, -37.802674 ], [ -71.947379, -37.802671 ], [ -71.947392, -37.802670 ], [ -71.947412, -37.802671 ], [ -71.947433, -37.802674 ], [ -71.947456, -37.802681 ], [ -71.947479, -37.802691 ], [ -71.947498, -37.802701 ], [ -71.947522, -37.802717 ], [ -71.947578, -37.802760 ], [ -71.947588, -37.802766 ], [ -71.947599, -37.802770 ], [ -71.947621, -37.802775 ], [ -71.947643, -37.802776 ], [ -71.947658, -37.802774 ], [ -71.947688, -37.802768 ], [ -71.947704, -37.802767 ], [ -71.947717, -37.802769 ], [ -71.947742, -37.802775 ], [ -71.947749, -37.802774 ], [ -71.947752, -37.802770 ], [ -71.947752, -37.802765 ], [ -71.947748, -37.802755 ], [ -71.947741, -37.802745 ], [ -71.947731, -37.802737 ], [ -71.947717, -37.802732 ], [ -71.947697, -37.802728 ], [ -71.947631, -37.802723 ], [ -71.947617, -37.802721 ], [ -71.947605, -37.802717 ], [ -71.947584, -37.802707 ], [ -71.947568, -37.802695 ], [ -71.947560, -37.802683 ], [ -71.947557, -37.802672 ], [ -71.947561, -37.802662 ], [ -71.947566, -37.802656 ], [ -71.947573, -37.802652 ], [ -71.947587, -37.802647 ], [ -71.947622, -37.802638 ], [ -71.947642, -37.802630 ], [ -71.947691, -37.802603 ], [ -71.947736, -37.802575 ], [ -71.947750, -37.802565 ], [ -71.947766, -37.802550 ], [ -71.947777, -37.802533 ], [ -71.947779, -37.802524 ], [ -71.947779, -37.802518 ], [ -71.947776, -37.802510 ], [ -71.947771, -37.802503 ], [ -71.947759, -37.802493 ], [ -71.947746, -37.802486 ], [ -71.947683, -37.802465 ], [ -71.947628, -37.802439 ], [ -71.947604, -37.802430 ], [ -71.947588, -37.802428 ], [ -71.947575, -37.802427 ], [ -71.947515, -37.802431 ], [ -71.947487, -37.802431 ], [ -71.947459, -37.802426 ], [ -71.947433, -37.802418 ], [ -71.947415, -37.802420 ] ] ] } }
,
{ "type": "Feature", "properties": { "OBJECTID": "734201", "NUMESCENAR": "911", "TIPOUSO": "PIRA", "TIPO_USO": "094", "NOM_TIPUSO": "PINO RADIATA", "APL": "2008,2009", "TEMPORADA": "VE2026", "NUM_ACTA": "2074455", "ZONA": "Chillán", "ID_AREA": "11", "NOM_AREA": "Canteras del Laja", "INTERVENCI": "COSECHA", "CODIGO": "21391", "NOM_PREDIO": "SAN ANTONIO 2", "UNIDAD": "COSECHA", "CS_EMSEFOR": "3.28300000000e+03", "ID_EMSEFOR": "", "EMSEFOR": "FORESTAL MILLALEMU Y CIA.LTDA.", "FAENA": "SK.Huinche", "SUPERVISOR": "DE LA CRUZ FRANCISCO", "ID_RESPON": "", "NOM_RESPON": "", "EQUIPO_MAD": "SKHU", "FCH_LIBERA": "16-01-2026", "FCH_CIERRE": "", "EST_MADERA": "Verde", "SUPERFICIE": "1.66332607070e+02", "ESTADO": "3", "ID_TRA_INI": "", "ID_TRA_FIN": "", "Shape_Leng": "0.00000000000e+00", "Shape_Area": "0.00000000000e+00", "CLOSED": "YES", "BORDER_STYLE": "Solid", "BORDER_COLOR": "RGB(255,255,255)", "BORDER_WIDTH": "4", "FILL_STYLE": "No Fill", "MOD_DATE": "09-02-2026" }, "geometry": { "type": "Polygon", "coordinates": [ [ [ -71.945332, -37.803110 ], [ -71.945187, -37.803236 ], [ -71.945212, -37.803235 ], [ -71.945266, -37.803240 ], [ -71.945315, -37.803248 ], [ -71.945364, -37.803257 ], [ -71.945409, -37.803276 ], [ -71.945453, -37.803295 ], [ -71.945493, -37.803314 ], [ -71.945533, -37.803333 ], [ -71.945582, -37.803330 ], [ -71.945628, -37.803321 ], [ -71.945682, -37.803319 ], [ -71.945731, -37.803320 ], [ -71.945781, -37.803321 ], [ -71.945826, -37.803330 ], [ -71.945865, -37.803352 ], [ -71.945915, -37.803357 ], [ -71.945960, -37.803351 ], [ -71.946010, -37.803338 ], [ -71.946051, -37.803318 ], [ -71.946098, -37.803294 ], [ -71.946135, -37.803266 ], [ -71.946176, -37.803246 ], [ -71.946213, -37.803222 ], [ -71.946237, -37.803190 ], [ -71.946261, -37.803155 ], [ -71.946272, -37.803116 ], [ -71.946282, -37.803080 ], [ -71.946293, -37.803045 ], [ -71.946299, -37.803006 ], [ -71.946296, -37.802966 ], [ -71.946302, -37.802927 ], [ -71.946312, -37.802892 ], [ -71.946327, -37.802856 ], [ -71.946351, -37.802825 ], [ -71.946384, -37.802793 ], [ -71.946421, -37.802766 ], [ -71.946458, -37.802742 ], [ -71.946495, -37.802718 ], [ -71.946515, -37.802682 ], [ -71.946525, -37.802643 ], [ -71.946535, -37.802610 ], [ -71.946395, -37.802574 ], [ -71.946393, -37.802573 ], [ -71.946108, -37.802480 ], [ -71.946103, -37.802478 ], [ -71.946100, -37.802476 ], [ -71.945960, -37.802387 ], [ -71.945335, -37.803108 ], [ -71.945332, -37.803110 ] ] ] } }
,
{ "type": "Feature", "properties": { "OBJECTID": "734201", "NUMESCENAR": "911", "TIPOUSO": "PIRA", "TIPO_USO": "094", "NOM_TIPUSO": "PINO RADIATA", "APL": "2008,2009", "TEMPORADA": "VE2026", "NUM_ACTA": "2074455", "ZONA": "Chillán", "ID_AREA": "11", "NOM_AREA": "Canteras del Laja", "INTERVENCI": "COSECHA", "CODIGO": "21391", "NOM_PREDIO": "SAN ANTONIO 2", "UNIDAD": "COSECHA", "CS_EMSEFOR": "3.28300000000e+03", "ID_EMSEFOR": "", "EMSEFOR": "FORESTAL MILLALEMU Y CIA.LTDA.", "FAENA": "SK.Huinche", "SUPERVISOR": "DE LA CRUZ FRANCISCO", "ID_RESPON": "", "NOM_RESPON": "", "EQUIPO_MAD": "SKHU", "FCH_LIBERA": "16-01-2026", "FCH_CIERRE": "", "EST_MADERA": "Verde", "SUPERFICIE": "1.66332607070e+02", "ESTADO": "3", "ID_TRA_INI": "", "ID_TRA_FIN": "", "Shape_Leng": "0.00000000000e+00", "Shape_Area": "0.00000000000e+00", "CLOSED": "YES", "BORDER_STYLE": "Solid", "BORDER_COLOR": "RGB(255,255,255)", "BORDER_WIDTH": "4", "FILL_STYLE": "No Fill", "MOD_DATE": "09-02-2026" }, "geometry": { "type": "Polygon", "coordinates": [ [ [ -71.948343, -37.803435 ], [ -71.948338, -37.803481 ], [ -71.948331, -37.803557 ], [ -71.948330, -37.803560 ], [ -71.948329, -37.803565 ], [ -71.948161, -37.803911 ], [ -71.948159, -37.803914 ], [ -71.948021, -37.804109 ], [ -71.947931, -37.804288 ], [ -71.947908, -37.804416 ], [ -71.947892, -37.804593 ], [ -71.947891, -37.804597 ], [ -71.947891, -37.804597 ], [ -71.947817, -37.804846 ], [ -71.947817, -37.804848 ], [ -71.947726, -37.805071 ], [ -71.947726, -37.805073 ], [ -71.947724, -37.805076 ], [ -71.947623, -37.805216 ], [ -71.947623, -37.805217 ], [ -71.947620, -37.805220 ], [ -71.947499, -37.805338 ], [ -71.947381, -37.805467 ], [ -71.947379, -37.805469 ], [ -71.947374, -37.805472 ], [ -71.947245, -37.805552 ], [ -71.947172, -37.805640 ], [ -71.947159, -37.805770 ], [ -71.947163, -37.805771 ], [ -71.947170, -37.805773 ], [ -71.947177, -37.805776 ], [ -71.947186, -37.805779 ], [ -71.947190, -37.805781 ], [ -71.947196, -37.805784 ], [ -71.947205, -37.805789 ], [ -71.947212, -37.805793 ], [ -71.947220, -37.805798 ], [ -71.947223, -37.805800 ], [ -71.947225, -37.805801 ], [ -71.947233, -37.805807 ], [ -71.947236, -37.805809 ], [ -71.947244, -37.805815 ], [ -71.947246, -37.805817 ], [ -71.947254, -37.805823 ], [ -71.947256, -37.805825 ], [ -71.947279, -37.805844 ], [ -71.947280, -37.805845 ], [ -71.947331, -37.805889 ], [ -71.947355, -37.805910 ], [ -71.947376, -37.805928 ], [ -71.947390, -37.805939 ], [ -71.947395, -37.805943 ], [ -71.947401, -37.805947 ], [ -71.947405, -37.805950 ], [ -71.947407, -37.805951 ], [ -71.947408, -37.805952 ], [ -71.947411, -37.805953 ], [ -71.947416, -37.805954 ], [ -71.947422, -37.805956 ], [ -71.947461, -37.805965 ], [ -71.947465, -37.805966 ], [ -71.947475, -37.805969 ], [ -71.947477, -37.805969 ], [ -71.947479, -37.805970 ], [ -71.947489, -37.805973 ], [ -71.947496, -37.805975 ], [ -71.947505, -37.805978 ], [ -71.947513, -37.805982 ], [ -71.947523, -37.805986 ], [ -71.947523, -37.805986 ], [ -71.947529, -37.805989 ], [ -71.947539, -37.805994 ], [ -71.947543, -37.805997 ], [ -71.947552, -37.806002 ], [ -71.947555, -37.806004 ], [ -71.947564, -37.806010 ], [ -71.947566, -37.806011 ], [ -71.947575, -37.806017 ], [ -71.947577, -37.806018 ], [ -71.947594, -37.806030 ], [ -71.947596, -37.806032 ], [ -71.947652, -37.806073 ], [ -71.948011, -37.806234 ], [ -71.948012, -37.806235 ], [ -71.948020, -37.806239 ], [ -71.948028, -37.806244 ], [ -71.948035, -37.806249 ], [ -71.948042, -37.806255 ], [ -71.948048, -37.806261 ], [ -71.948053, -37.806268 ], [ -71.948058, -37.806275 ], [ -71.948062, -37.806282 ], [ -71.948065, -37.806289 ], [ -71.948067, -37.806297 ], [ -71.948068, -37.806305 ], [ -71.948069, -37.806313 ], [ -71.948068, -37.806321 ], [ -71.948067, -37.806328 ], [ -71.948065, -37.806336 ], [ -71.948062, -37.806344 ], [ -71.948058, -37.806351 ], [ -71.948053, -37.806358 ], [ -71.948048, -37.806364 ], [ -71.948046, -37.806366 ], [ -71.948330, -37.806431 ], [ -71.948333, -37.806432 ], [ -71.948550, -37.806498 ], [ -71.948573, -37.806491 ], [ -71.948720, -37.806454 ], [ -71.948729, -37.806350 ], [ -71.948627, -37.806299 ], [ -71.948555, -37.806226 ], [ -71.948561, -37.806088 ], [ -71.948519, -37.805957 ], [ -71.948352, -37.805908 ], [ -71.948185, -37.805967 ], [ -71.948063, -37.805978 ], [ -71.948023, -37.805925 ], [ -71.948068, -37.805841 ], [ -71.948136, -37.805794 ], [ -71.948228, -37.805722 ], [ -71.948306, -37.805672 ], [ -71.948372, -37.805670 ], [ -71.948504, -37.805647 ], [ -71.948590, -37.805619 ], [ -71.948650, -37.805640 ], [ -71.948732, -37.805701 ], [ -71.948834, -37.805730 ], [ -71.948971, -37.805722 ], [ -71.949107, -37.805711 ], [ -71.949220, -37.805718 ], [ -71.949318, -37.805731 ], [ -71.949397, -37.805785 ], [ -71.949437, -37.805813 ], [ -71.949481, -37.805874 ], [ -71.949503, -37.805919 ], [ -71.949548, -37.805954 ], [ -71.949617, -37.806000 ], [ -71.949715, -37.806021 ], [ -71.949861, -37.805995 ], [ -71.949986, -37.805931 ], [ -71.950081, -37.805908 ], [ -71.950288, -37.805913 ], [ -71.950396, -37.805923 ], [ -71.950437, -37.806041 ], [ -71.950451, -37.806229 ], [ -71.950589, -37.806438 ], [ -71.950708, -37.806577 ], [ -71.951155, -37.806363 ], [ -71.951157, -37.806362 ], [ -71.951495, -37.806225 ], [ -71.951615, -37.806159 ], [ -71.951617, -37.806158 ], [ -71.951620, -37.806156 ], [ -71.951904, -37.806000 ], [ -71.952189, -37.805723 ], [ -71.952283, -37.805570 ], [ -71.952342, -37.805402 ], [ -71.952345, -37.805233 ], [ -71.952267, -37.804955 ], [ -71.952209, -37.804753 ], [ -71.952127, -37.804611 ], [ -71.952092, -37.804565 ], [ -71.952068, -37.804590 ], [ -71.952065, -37.804591 ], [ -71.952061, -37.804596 ], [ -71.952056, -37.804606 ], [ -71.952050, -37.804638 ], [ -71.952044, -37.804658 ], [ -71.952034, -37.804672 ], [ -71.952020, -37.804685 ], [ -71.952011, -37.804689 ], [ -71.952001, -37.804693 ], [ -71.951983, -37.804696 ], [ -71.951959, -37.804694 ], [ -71.951940, -37.804689 ], [ -71.951924, -37.804681 ], [ -71.951908, -37.804672 ], [ -71.951900, -37.804663 ], [ -71.951897, -37.804656 ], [ -71.951897, -37.804650 ], [ -71.951901, -37.804642 ], [ -71.951908, -37.804635 ], [ -71.951924, -37.804623 ], [ -71.951930, -37.804616 ], [ -71.951930, -37.804608 ], [ -71.951925, -37.804601 ], [ -71.951910, -37.804594 ], [ -71.951886, -37.804588 ], [ -71.951867, -37.804587 ], [ -71.951827, -37.804588 ], [ -71.951810, -37.804586 ], [ -71.951801, -37.804583 ], [ -71.951794, -37.804579 ], [ -71.951788, -37.804575 ], [ -71.951784, -37.804569 ], [ -71.951780, -37.804561 ], [ -71.951779, -37.804550 ], [ -71.951780, -37.804518 ], [ -71.951784, -37.804492 ], [ -71.951792, -37.804459 ], [ -71.951794, -37.804443 ], [ -71.951793, -37.804437 ], [ -71.951790, -37.804429 ], [ -71.951783, -37.804421 ], [ -71.951775, -37.804415 ], [ -71.951757, -37.804404 ], [ -71.951732, -37.804392 ], [ -71.951702, -37.804382 ], [ -71.951667, -37.804374 ], [ -71.951643, -37.804370 ], [ -71.951624, -37.804369 ], [ -71.951555, -37.804375 ], [ -71.951528, -37.804376 ], [ -71.951517, -37.804374 ], [ -71.951506, -37.804371 ], [ -71.951499, -37.804367 ], [ -71.951493, -37.804361 ], [ -71.951492, -37.804356 ], [ -71.951495, -37.804352 ], [ -71.951506, -37.804345 ], [ -71.951602, -37.804318 ], [ -71.951633, -37.804310 ], [ -71.951698, -37.804304 ], [ -71.951741, -37.804294 ], [ -71.951760, -37.804292 ], [ -71.951782, -37.804292 ], [ -71.951845, -37.804298 ], [ -71.951870, -37.804296 ], [ -71.951885, -37.804291 ], [ -71.951904, -37.804276 ], [ -71.951915, -37.804269 ], [ -71.951954, -37.804255 ], [ -71.951966, -37.804248 ], [ -71.951971, -37.804243 ], [ -71.951975, -37.804237 ], [ -71.951976, -37.804232 ], [ -71.951975, -37.804225 ], [ -71.951972, -37.804219 ], [ -71.951968, -37.804214 ], [ -71.951961, -37.804209 ], [ -71.951953, -37.804206 ], [ -71.951942, -37.804205 ], [ -71.951931, -37.804206 ], [ -71.951918, -37.804209 ], [ -71.951882, -37.804222 ], [ -71.951863, -37.804227 ], [ -71.951840, -37.804231 ], [ -71.951819, -37.804231 ], [ -71.951799, -37.804229 ], [ -71.951789, -37.804226 ], [ -71.951781, -37.804222 ], [ -71.951769, -37.804212 ], [ -71.951763, -37.804200 ], [ -71.951762, -37.804191 ], [ -71.951765, -37.804182 ], [ -71.951771, -37.804175 ], [ -71.951781, -37.804168 ], [ -71.951872, -37.804122 ], [ -71.951900, -37.804110 ], [ -71.951910, -37.804102 ], [ -71.951913, -37.804094 ], [ -71.951911, -37.804085 ], [ -71.951904, -37.804073 ], [ -71.951889, -37.804055 ], [ -71.951864, -37.804023 ], [ -71.951856, -37.804008 ], [ -71.951852, -37.803998 ], [ -71.951849, -37.803980 ], [ -71.951851, -37.803933 ], [ -71.951850, -37.803916 ], [ -71.951846, -37.803895 ], [ -71.951838, -37.803873 ], [ -71.951823, -37.803844 ], [ -71.951779, -37.803767 ], [ -71.951764, -37.803747 ], [ -71.951745, -37.803729 ], [ -71.951727, -37.803719 ], [ -71.951704, -37.803712 ], [ -71.951683, -37.803710 ], [ -71.951659, -37.803711 ], [ -71.951647, -37.803714 ], [ -71.951634, -37.803718 ], [ -71.951622, -37.803725 ], [ -71.951615, -37.803734 ], [ -71.951603, -37.803756 ], [ -71.951593, -37.803764 ], [ -71.951585, -37.803766 ], [ -71.951575, -37.803766 ], [ -71.951554, -37.803761 ], [ -71.951531, -37.803751 ], [ -71.951512, -37.803740 ], [ -71.951494, -37.803727 ], [ -71.951484, -37.803716 ], [ -71.951480, -37.803706 ], [ -71.951480, -37.803696 ], [ -71.951496, -37.803658 ], [ -71.951497, -37.803650 ], [ -71.951496, -37.803640 ], [ -71.951488, -37.803624 ], [ -71.951465, -37.803591 ], [ -71.951456, -37.803580 ], [ -71.951446, -37.803573 ], [ -71.951433, -37.803567 ], [ -71.951415, -37.803566 ], [ -71.951396, -37.803568 ], [ -71.951350, -37.803578 ], [ -71.951330, -37.803581 ], [ -71.951304, -37.803582 ], [ -71.951273, -37.803581 ], [ -71.951249, -37.803576 ], [ -71.951223, -37.803566 ], [ -71.951206, -37.803556 ], [ -71.951196, -37.803547 ], [ -71.951190, -37.803539 ], [ -71.951185, -37.803525 ], [ -71.951186, -37.803518 ], [ -71.951190, -37.803510 ], [ -71.951214, -37.803484 ], [ -71.951236, -37.803451 ], [ -71.951245, -37.803443 ], [ -71.951254, -37.803440 ], [ -71.951266, -37.803438 ], [ -71.951281, -37.803438 ], [ -71.951293, -37.803440 ], [ -71.951303, -37.803444 ], [ -71.951316, -37.803453 ], [ -71.951338, -37.803480 ], [ -71.951345, -37.803484 ], [ -71.951353, -37.803487 ], [ -71.951375, -37.803488 ], [ -71.951399, -37.803485 ], [ -71.951415, -37.803479 ], [ -71.951424, -37.803472 ], [ -71.951426, -37.803465 ], [ -71.951426, -37.803458 ], [ -71.951421, -37.803451 ], [ -71.951413, -37.803444 ], [ -71.951397, -37.803434 ], [ -71.951338, -37.803409 ], [ -71.951292, -37.803384 ], [ -71.951271, -37.803369 ], [ -71.951264, -37.803360 ], [ -71.951261, -37.803352 ], [ -71.951261, -37.803346 ], [ -71.951263, -37.803340 ], [ -71.951269, -37.803335 ], [ -71.951276, -37.803333 ], [ -71.951295, -37.803329 ], [ -71.951334, -37.803329 ], [ -71.951349, -37.803327 ], [ -71.951366, -37.803323 ], [ -71.951379, -37.803316 ], [ -71.951389, -37.803304 ], [ -71.951393, -37.803295 ], [ -71.951394, -37.803293 ], [ -71.951147, -37.803091 ], [ -71.950861, -37.802904 ], [ -71.950811, -37.802883 ], [ -71.950808, -37.802882 ], [ -71.950805, -37.802881 ], [ -71.950631, -37.802809 ], [ -71.950337, -37.802688 ], [ -71.949838, -37.802490 ], [ -71.949491, -37.802389 ], [ -71.949140, -37.802342 ], [ -71.948879, -37.802363 ], [ -71.948619, -37.802392 ], [ -71.948371, -37.802455 ], [ -71.948325, -37.802477 ], [ -71.948321, -37.802479 ], [ -71.948320, -37.802479 ], [ -71.948225, -37.802525 ], [ -71.948109, -37.802663 ], [ -71.948055, -37.802813 ], [ -71.948050, -37.802854 ], [ -71.948036, -37.802971 ], [ -71.948092, -37.803079 ], [ -71.948223, -37.803179 ], [ -71.948225, -37.803181 ], [ -71.948308, -37.803262 ], [ -71.948311, -37.803266 ], [ -71.948313, -37.803269 ], [ -71.948315, -37.803273 ], [ -71.948346, -37.803389 ], [ -71.948347, -37.803393 ], [ -71.948347, -37.803396 ], [ -71.948343, -37.803435 ] ] ] } }
,
{ "type": "Feature", "properties": { "OBJECTID": "734201", "NUMESCENAR": "911", "TIPOUSO": "PIRA", "TIPO_USO": "094", "NOM_TIPUSO": "PINO RADIATA", "APL": "2008,2009", "TEMPORADA": "VE2026", "NUM_ACTA": "2074455", "ZONA": "Chillán", "ID_AREA": "11", "NOM_AREA": "Canteras del Laja", "INTERVENCI": "COSECHA", "CODIGO": "21391", "NOM_PREDIO": "SAN ANTONIO 2", "UNIDAD": "COSECHA", "CS_EMSEFOR": "3.28300000000e+03", "ID_EMSEFOR": "", "EMSEFOR": "FORESTAL MILLALEMU Y CIA.LTDA.", "FAENA": "SK.Huinche", "SUPERVISOR": "DE LA CRUZ FRANCISCO", "ID_RESPON": "", "NOM_RESPON": "", "EQUIPO_MAD": "SKHU", "FCH_LIBERA": "16-01-2026", "FCH_CIERRE": "", "EST_MADERA": "Verde", "SUPERFICIE": "1.66332607070e+02", "ESTADO": "3", "ID_TRA_INI": "", "ID_TRA_FIN": "", "Shape_Leng": "0.00000000000e+00", "Shape_Area": "0.00000000000e+00", "CLOSED": "YES", "BORDER_STYLE": "Solid", "BORDER_COLOR": "RGB(255,255,255)", "BORDER_WIDTH": "4", "FILL_STYLE": "No Fill", "MOD_DATE": "09-02-2026" }, "geometry": { "type": "Polygon", "coordinates": [ [ [ -71.953539, -37.802325 ], [ -71.953549, -37.802335 ], [ -71.953564, -37.802342 ], [ -71.953581, -37.802345 ], [ -71.953611, -37.802348 ], [ -71.953646, -37.802347 ], [ -71.953665, -37.802344 ], [ -71.953698, -37.802336 ], [ -71.953709, -37.802334 ], [ -71.953719, -37.802335 ], [ -71.953729, -37.802338 ], [ -71.953738, -37.802346 ], [ -71.953745, -37.802354 ], [ -71.953751, -37.802367 ], [ -71.953757, -37.802383 ], [ -71.953763, -37.802419 ], [ -71.953763, -37.802455 ], [ -71.953758, -37.802480 ], [ -71.953752, -37.802498 ], [ -71.953744, -37.802506 ], [ -71.953739, -37.802509 ], [ -71.953733, -37.802510 ], [ -71.953724, -37.802509 ], [ -71.953713, -37.802504 ], [ -71.953677, -37.802473 ], [ -71.953660, -37.802463 ], [ -71.953652, -37.802459 ], [ -71.953641, -37.802457 ], [ -71.953631, -37.802456 ], [ -71.953622, -37.802457 ], [ -71.953612, -37.802461 ], [ -71.953602, -37.802468 ], [ -71.953594, -37.802478 ], [ -71.953572, -37.802530 ], [ -71.953563, -37.802545 ], [ -71.953551, -37.802560 ], [ -71.953533, -37.802576 ], [ -71.953516, -37.802588 ], [ -71.953498, -37.802597 ], [ -71.953486, -37.802601 ], [ -71.953429, -37.802616 ], [ -71.953390, -37.802634 ], [ -71.953363, -37.802664 ], [ -71.953362, -37.802689 ], [ -71.953387, -37.802711 ], [ -71.953417, -37.802715 ], [ -71.953434, -37.802714 ], [ -71.953461, -37.802686 ], [ -71.953489, -37.802658 ], [ -71.953517, -37.802639 ], [ -71.953552, -37.802631 ], [ -71.953596, -37.802630 ], [ -71.953675, -37.802641 ], [ -71.953698, -37.802649 ], [ -71.953753, -37.802658 ], [ -71.953773, -37.802676 ], [ -71.953746, -37.802723 ], [ -71.953733, -37.802732 ], [ -71.953681, -37.802731 ], [ -71.953647, -37.802722 ], [ -71.953614, -37.802724 ], [ -71.953581, -37.802746 ], [ -71.953524, -37.802791 ], [ -71.953463, -37.802804 ], [ -71.953434, -37.802852 ], [ -71.953423, -37.802867 ], [ -71.953417, -37.802879 ], [ -71.953415, -37.802890 ], [ -71.953421, -37.802931 ], [ -71.953420, -37.802942 ], [ -71.953415, -37.802965 ], [ -71.953417, -37.802977 ], [ -71.953423, -37.802984 ], [ -71.953432, -37.802990 ], [ -71.953455, -37.803016 ], [ -71.953452, -37.803053 ], [ -71.953421, -37.803083 ], [ -71.953365, -37.803087 ], [ -71.953309, -37.803070 ], [ -71.953282, -37.803061 ], [ -71.953244, -37.803040 ], [ -71.953233, -37.803022 ], [ -71.953250, -37.802988 ], [ -71.953276, -37.802966 ], [ -71.953285, -37.802940 ], [ -71.953296, -37.802917 ], [ -71.953299, -37.802877 ], [ -71.953301, -37.802830 ], [ -71.953294, -37.802778 ], [ -71.953271, -37.802709 ], [ -71.953240, -37.802674 ], [ -71.953199, -37.802659 ], [ -71.953166, -37.802662 ], [ -71.953138, -37.802683 ], [ -71.953123, -37.802727 ], [ -71.953119, -37.802762 ], [ -71.953120, -37.802789 ], [ -71.953143, -37.802805 ], [ -71.953187, -37.802820 ], [ -71.953204, -37.802839 ], [ -71.953197, -37.802897 ], [ -71.953170, -37.802938 ], [ -71.953150, -37.802964 ], [ -71.953145, -37.802993 ], [ -71.953130, -37.803023 ], [ -71.953089, -37.803027 ], [ -71.953067, -37.803006 ], [ -71.953051, -37.802964 ], [ -71.953041, -37.802915 ], [ -71.953031, -37.802867 ], [ -71.953016, -37.802806 ], [ -71.952998, -37.802773 ], [ -71.952976, -37.802740 ], [ -71.952964, -37.802712 ], [ -71.952959, -37.802684 ], [ -71.952960, -37.802652 ], [ -71.952964, -37.802624 ], [ -71.952960, -37.802616 ], [ -71.952914, -37.802604 ], [ -71.952880, -37.802611 ], [ -71.952852, -37.802595 ], [ -71.952837, -37.802571 ], [ -71.952840, -37.802547 ], [ -71.952882, -37.802529 ], [ -71.952908, -37.802521 ], [ -71.952958, -37.802519 ], [ -71.953017, -37.802544 ], [ -71.953063, -37.802569 ], [ -71.953094, -37.802576 ], [ -71.953112, -37.802558 ], [ -71.953141, -37.802514 ], [ -71.953155, -37.802465 ], [ -71.953160, -37.802399 ], [ -71.952995, -37.802443 ], [ -71.952990, -37.802443 ], [ -71.952787, -37.802475 ], [ -71.952658, -37.802494 ], [ -71.952413, -37.802541 ], [ -71.952422, -37.802569 ], [ -71.952415, -37.802617 ], [ -71.952399, -37.802658 ], [ -71.952416, -37.802703 ], [ -71.952482, -37.802705 ], [ -71.952611, -37.802757 ], [ -71.952637, -37.802806 ], [ -71.952657, -37.802892 ], [ -71.952621, -37.802966 ], [ -71.952559, -37.803009 ], [ -71.952466, -37.802976 ], [ -71.952425, -37.802949 ], [ -71.952387, -37.802948 ], [ -71.952367, -37.802974 ], [ -71.952355, -37.803059 ], [ -71.952366, -37.803119 ], [ -71.952421, -37.803162 ], [ -71.952515, -37.803280 ], [ -71.952512, -37.803354 ], [ -71.952472, -37.803413 ], [ -71.952459, -37.803494 ], [ -71.952433, -37.803542 ], [ -71.952399, -37.803575 ], [ -71.952319, -37.803580 ], [ -71.952267, -37.803586 ], [ -71.952233, -37.803619 ], [ -71.952269, -37.803665 ], [ -71.952304, -37.803725 ], [ -71.952297, -37.803781 ], [ -71.952235, -37.803794 ], [ -71.952185, -37.803763 ], [ -71.952134, -37.803743 ], [ -71.952048, -37.803775 ], [ -71.951957, -37.803824 ], [ -71.951922, -37.803846 ], [ -71.951988, -37.803972 ], [ -71.951989, -37.803974 ], [ -71.952042, -37.804112 ], [ -71.952044, -37.804116 ], [ -71.952044, -37.804117 ], [ -71.952066, -37.804334 ], [ -71.952104, -37.804472 ], [ -71.952186, -37.804585 ], [ -71.952187, -37.804586 ], [ -71.952188, -37.804588 ], [ -71.952272, -37.804733 ], [ -71.952273, -37.804736 ], [ -71.952274, -37.804738 ], [ -71.952333, -37.804944 ], [ -71.952412, -37.805225 ], [ -71.952412, -37.805227 ], [ -71.952413, -37.805231 ], [ -71.952410, -37.805406 ], [ -71.952409, -37.805411 ], [ -71.952409, -37.805413 ], [ -71.952348, -37.805587 ], [ -71.952346, -37.805589 ], [ -71.952345, -37.805591 ], [ -71.952249, -37.805749 ], [ -71.952247, -37.805752 ], [ -71.952245, -37.805755 ], [ -71.951954, -37.806037 ], [ -71.951950, -37.806040 ], [ -71.951947, -37.806042 ], [ -71.951936, -37.806048 ], [ -71.951957, -37.806046 ], [ -71.952020, -37.806047 ], [ -71.952064, -37.806063 ], [ -71.952118, -37.806064 ], [ -71.952163, -37.806058 ], [ -71.952209, -37.806045 ], [ -71.952255, -37.806032 ], [ -71.952300, -37.806012 ], [ -71.952346, -37.805992 ], [ -71.952392, -37.805971 ], [ -71.952438, -37.805958 ], [ -71.952475, -37.805931 ], [ -71.952512, -37.805903 ], [ -71.952541, -37.805868 ], [ -71.952569, -37.805833 ], [ -71.952589, -37.805798 ], [ -71.952608, -37.805762 ], [ -71.952628, -37.805727 ], [ -71.952629, -37.805722 ], [ -71.952627, -37.805720 ], [ -71.952624, -37.805716 ], [ -71.952619, -37.805709 ], [ -71.952615, -37.805703 ], [ -71.952610, -37.805695 ], [ -71.952606, -37.805687 ], [ -71.952605, -37.805686 ], [ -71.952602, -37.805678 ], [ -71.952600, -37.805672 ], [ -71.952598, -37.805666 ], [ -71.952596, -37.805659 ], [ -71.952596, -37.805657 ], [ -71.952594, -37.805649 ], [ -71.952594, -37.805641 ], [ -71.952593, -37.805634 ], [ -71.952593, -37.805626 ], [ -71.952593, -37.805625 ], [ -71.952593, -37.805621 ], [ -71.952594, -37.805613 ], [ -71.952594, -37.805609 ], [ -71.952595, -37.805601 ], [ -71.952595, -37.805597 ], [ -71.952598, -37.805581 ], [ -71.952598, -37.805579 ], [ -71.952600, -37.805570 ], [ -71.952600, -37.805569 ], [ -71.952604, -37.805552 ], [ -71.952604, -37.805551 ], [ -71.952604, -37.805550 ], [ -71.952608, -37.805533 ], [ -71.952609, -37.805531 ], [ -71.952611, -37.805522 ], [ -71.952612, -37.805520 ], [ -71.952614, -37.805512 ], [ -71.952615, -37.805508 ], [ -71.952618, -37.805500 ], [ -71.952620, -37.805496 ], [ -71.952623, -37.805488 ], [ -71.952624, -37.805486 ], [ -71.952626, -37.805482 ], [ -71.952630, -37.805474 ], [ -71.952635, -37.805467 ], [ -71.952640, -37.805460 ], [ -71.952641, -37.805458 ], [ -71.952639, -37.805448 ], [ -71.952641, -37.805406 ], [ -71.952633, -37.805370 ], [ -71.952635, -37.805327 ], [ -71.952637, -37.805284 ], [ -71.952639, -37.805241 ], [ -71.952649, -37.805206 ], [ -71.952660, -37.805170 ], [ -71.952670, -37.805135 ], [ -71.952681, -37.805099 ], [ -71.952700, -37.805064 ], [ -71.952719, -37.805029 ], [ -71.952739, -37.804993 ], [ -71.952758, -37.804958 ], [ -71.952769, -37.804923 ], [ -71.952779, -37.804887 ], [ -71.952781, -37.804844 ], [ -71.952792, -37.804809 ], [ -71.952793, -37.804766 ], [ -71.952795, -37.804723 ], [ -71.952797, -37.804680 ], [ -71.952807, -37.804645 ], [ -71.952818, -37.804609 ], [ -71.952828, -37.804574 ], [ -71.952839, -37.804538 ], [ -71.952849, -37.804503 ], [ -71.952869, -37.804467 ], [ -71.952897, -37.804432 ], [ -71.952935, -37.804398 ], [ -71.952981, -37.804377 ], [ -71.953018, -37.804350 ], [ -71.953063, -37.804337 ], [ -71.953109, -37.804324 ], [ -71.953155, -37.804303 ], [ -71.953192, -37.804276 ], [ -71.953229, -37.804248 ], [ -71.953258, -37.804213 ], [ -71.953286, -37.804178 ], [ -71.953297, -37.804142 ], [ -71.953307, -37.804107 ], [ -71.953309, -37.804064 ], [ -71.953301, -37.804028 ], [ -71.953297, -37.804007 ], [ -71.953294, -37.803992 ], [ -71.953286, -37.803956 ], [ -71.953270, -37.803920 ], [ -71.953262, -37.803884 ], [ -71.953255, -37.803848 ], [ -71.953257, -37.803805 ], [ -71.953258, -37.803762 ], [ -71.953269, -37.803727 ], [ -71.953288, -37.803692 ], [ -71.953308, -37.803656 ], [ -71.953336, -37.803621 ], [ -71.953345, -37.803606 ], [ -71.953345, -37.803603 ], [ -71.953344, -37.803597 ], [ -71.953341, -37.803565 ], [ -71.953341, -37.803564 ], [ -71.953340, -37.803547 ], [ -71.953340, -37.803543 ], [ -71.953340, -37.803535 ], [ -71.953340, -37.803534 ], [ -71.953340, -37.803531 ], [ -71.953340, -37.803523 ], [ -71.953340, -37.803518 ], [ -71.953341, -37.803510 ], [ -71.953343, -37.803502 ], [ -71.953344, -37.803494 ], [ -71.953347, -37.803485 ], [ -71.953350, -37.803478 ], [ -71.953352, -37.803472 ], [ -71.953358, -37.803459 ], [ -71.953360, -37.803454 ], [ -71.953362, -37.803449 ], [ -71.953363, -37.803444 ], [ -71.953367, -37.803430 ], [ -71.953371, -37.803414 ], [ -71.953378, -37.803389 ], [ -71.953378, -37.803387 ], [ -71.953380, -37.803379 ], [ -71.953381, -37.803377 ], [ -71.953384, -37.803368 ], [ -71.953385, -37.803365 ], [ -71.953388, -37.803357 ], [ -71.953389, -37.803353 ], [ -71.953393, -37.803345 ], [ -71.953393, -37.803344 ], [ -71.953396, -37.803339 ], [ -71.953400, -37.803332 ], [ -71.953404, -37.803325 ], [ -71.953409, -37.803317 ], [ -71.953411, -37.803314 ], [ -71.953413, -37.803312 ], [ -71.953419, -37.803304 ], [ -71.953422, -37.803300 ], [ -71.953428, -37.803293 ], [ -71.953431, -37.803291 ], [ -71.953438, -37.803284 ], [ -71.953439, -37.803282 ], [ -71.953446, -37.803275 ], [ -71.953448, -37.803274 ], [ -71.953462, -37.803260 ], [ -71.953463, -37.803259 ], [ -71.953559, -37.803172 ], [ -71.953559, -37.803171 ], [ -71.953574, -37.803158 ], [ -71.953576, -37.803157 ], [ -71.953591, -37.803144 ], [ -71.953594, -37.803141 ], [ -71.953602, -37.803135 ], [ -71.953605, -37.803133 ], [ -71.953613, -37.803127 ], [ -71.953617, -37.803124 ], [ -71.953618, -37.803124 ], [ -71.953626, -37.803118 ], [ -71.953634, -37.803114 ], [ -71.953642, -37.803109 ], [ -71.953649, -37.803106 ], [ -71.953654, -37.803104 ], [ -71.953663, -37.803100 ], [ -71.953670, -37.803097 ], [ -71.953676, -37.803095 ], [ -71.953678, -37.803095 ], [ -71.953687, -37.803092 ], [ -71.953699, -37.803090 ], [ -71.953708, -37.803088 ], [ -71.953714, -37.803087 ], [ -71.953717, -37.803087 ], [ -71.953727, -37.803086 ], [ -71.953732, -37.803085 ], [ -71.953742, -37.803084 ], [ -71.953746, -37.803084 ], [ -71.953774, -37.803083 ], [ -71.953775, -37.803083 ], [ -71.953792, -37.803068 ], [ -71.953847, -37.803034 ], [ -71.953893, -37.803006 ], [ -71.953939, -37.802986 ], [ -71.953952, -37.802982 ], [ -71.953953, -37.802982 ], [ -71.953971, -37.802968 ], [ -71.953976, -37.802956 ], [ -71.953977, -37.802953 ], [ -71.953978, -37.802952 ], [ -71.953982, -37.802945 ], [ -71.953987, -37.802936 ], [ -71.953991, -37.802929 ], [ -71.953994, -37.802925 ], [ -71.954000, -37.802917 ], [ -71.954006, -37.802911 ], [ -71.954011, -37.802906 ], [ -71.954017, -37.802900 ], [ -71.954023, -37.802895 ], [ -71.954031, -37.802890 ], [ -71.954036, -37.802886 ], [ -71.954044, -37.802882 ], [ -71.954055, -37.802876 ], [ -71.954057, -37.802875 ], [ -71.954066, -37.802871 ], [ -71.954076, -37.802867 ], [ -71.954085, -37.802864 ], [ -71.954090, -37.802863 ], [ -71.954093, -37.802862 ], [ -71.954102, -37.802860 ], [ -71.954107, -37.802858 ], [ -71.954117, -37.802856 ], [ -71.954121, -37.802856 ], [ -71.954150, -37.802850 ], [ -71.954157, -37.802848 ], [ -71.954162, -37.802847 ], [ -71.954166, -37.802846 ], [ -71.954166, -37.802846 ], [ -71.954167, -37.802845 ], [ -71.954170, -37.802844 ], [ -71.954175, -37.802841 ], [ -71.954181, -37.802838 ], [ -71.954204, -37.802823 ], [ -71.954208, -37.802821 ], [ -71.954216, -37.802816 ], [ -71.954220, -37.802813 ], [ -71.954228, -37.802809 ], [ -71.954234, -37.802806 ], [ -71.954236, -37.802805 ], [ -71.954244, -37.802802 ], [ -71.954257, -37.802797 ], [ -71.954265, -37.802794 ], [ -71.954269, -37.802794 ], [ -71.954275, -37.802792 ], [ -71.954205, -37.802702 ], [ -71.954205, -37.802701 ], [ -71.954098, -37.802549 ], [ -71.954097, -37.802546 ], [ -71.953987, -37.802332 ], [ -71.953882, -37.802219 ], [ -71.953847, -37.802187 ], [ -71.953844, -37.802184 ], [ -71.953843, -37.802183 ], [ -71.953814, -37.802156 ], [ -71.953650, -37.802163 ], [ -71.953583, -37.802187 ], [ -71.953587, -37.802196 ], [ -71.953591, -37.802212 ], [ -71.953588, -37.802222 ], [ -71.953583, -37.802227 ], [ -71.953574, -37.802229 ], [ -71.953552, -37.802230 ], [ -71.953542, -37.802231 ], [ -71.953534, -37.802236 ], [ -71.953526, -37.802244 ], [ -71.953522, -37.802258 ], [ -71.953521, -37.802273 ], [ -71.953525, -37.802293 ], [ -71.953532, -37.802314 ], [ -71.953539, -37.802325 ] ] ] } }
,
{ "type": "Feature", "properties": { "OBJECTID": "734201", "NUMESCENAR": "911", "TIPOUSO": "PIRA", "TIPO_USO": "094", "NOM_TIPUSO": "PINO RADIATA", "APL": "2008,2009", "TEMPORADA": "VE2026", "NUM_ACTA": "2074455", "ZONA": "Chillán", "ID_AREA": "11", "NOM_AREA": "Canteras del Laja", "INTERVENCI": "COSECHA", "CODIGO": "21391", "NOM_PREDIO": "SAN ANTONIO 2", "UNIDAD": "COSECHA", "CS_EMSEFOR": "3.28300000000e+03", "ID_EMSEFOR": "", "EMSEFOR": "FORESTAL MILLALEMU Y CIA.LTDA.", "FAENA": "SK.Huinche", "SUPERVISOR": "DE LA CRUZ FRANCISCO", "ID_RESPON": "", "NOM_RESPON": "", "EQUIPO_MAD": "SKHU", "FCH_LIBERA": "16-01-2026", "FCH_CIERRE": "", "EST_MADERA": "Verde", "SUPERFICIE": "1.66332607070e+02", "ESTADO": "3", "ID_TRA_INI": "", "ID_TRA_FIN": "", "Shape_Leng": "0.00000000000e+00", "Shape_Area": "0.00000000000e+00", "CLOSED": "YES", "BORDER_STYLE": "Solid", "BORDER_COLOR": "RGB(255,255,255)", "BORDER_WIDTH": "4", "FILL_STYLE": "No Fill", "MOD_DATE": "09-02-2026" }, "geometry": { "type": "Polygon", "coordinates": [ [ [ -71.951712, -37.798911 ], [ -71.951612, -37.798925 ], [ -71.951597, -37.798925 ], [ -71.951587, -37.798926 ], [ -71.951578, -37.798929 ], [ -71.951569, -37.798932 ], [ -71.951558, -37.798935 ], [ -71.951548, -37.798937 ], [ -71.951536, -37.798940 ], [ -71.951514, -37.798953 ], [ -71.951468, -37.798969 ], [ -71.951429, -37.798992 ], [ -71.951398, -37.799021 ], [ -71.951386, -37.799034 ], [ -71.951358, -37.799051 ], [ -71.951291, -37.799093 ], [ -71.951177, -37.799163 ], [ -71.951130, -37.799215 ], [ -71.951086, -37.799266 ], [ -71.951039, -37.799317 ], [ -71.950964, -37.799391 ], [ -71.950881, -37.799429 ], [ -71.950848, -37.799495 ], [ -71.950856, -37.799531 ], [ -71.950894, -37.799551 ], [ -71.950904, -37.799604 ], [ -71.950903, -37.799687 ], [ -71.950901, -37.799754 ], [ -71.950883, -37.799806 ], [ -71.950809, -37.799858 ], [ -71.950772, -37.799900 ], [ -71.950660, -37.799978 ], [ -71.950612, -37.800060 ], [ -71.950568, -37.800072 ], [ -71.950529, -37.800098 ], [ -71.950516, -37.800129 ], [ -71.950519, -37.800163 ], [ -71.950502, -37.800190 ], [ -71.950485, -37.800208 ], [ -71.950473, -37.800215 ], [ -71.950468, -37.800224 ], [ -71.950463, -37.800230 ], [ -71.950463, -37.800231 ], [ -71.950456, -37.800239 ], [ -71.950450, -37.800245 ], [ -71.950446, -37.800249 ], [ -71.950441, -37.800254 ], [ -71.950435, -37.800259 ], [ -71.950426, -37.800266 ], [ -71.950423, -37.800267 ], [ -71.950416, -37.800272 ], [ -71.950406, -37.800277 ], [ -71.950398, -37.800281 ], [ -71.950394, -37.800283 ], [ -71.950391, -37.800285 ], [ -71.950382, -37.800288 ], [ -71.950377, -37.800290 ], [ -71.950377, -37.800290 ], [ -71.950364, -37.800301 ], [ -71.950343, -37.800335 ], [ -71.950315, -37.800365 ], [ -71.950301, -37.800377 ], [ -71.950295, -37.800383 ], [ -71.950285, -37.800388 ], [ -71.950286, -37.800397 ], [ -71.950287, -37.800407 ], [ -71.950287, -37.800414 ], [ -71.950287, -37.800420 ], [ -71.950287, -37.800434 ], [ -71.950285, -37.800447 ], [ -71.950284, -37.800453 ], [ -71.950283, -37.800458 ], [ -71.950279, -37.800473 ], [ -71.950273, -37.800488 ], [ -71.950266, -37.800502 ], [ -71.950262, -37.800507 ], [ -71.950253, -37.800522 ], [ -71.950245, -37.800532 ], [ -71.950236, -37.800542 ], [ -71.950231, -37.800547 ], [ -71.950225, -37.800553 ], [ -71.950209, -37.800566 ], [ -71.950203, -37.800571 ], [ -71.950191, -37.800580 ], [ -71.950187, -37.800582 ], [ -71.950180, -37.800587 ], [ -71.950169, -37.800593 ], [ -71.950161, -37.800598 ], [ -71.950154, -37.800602 ], [ -71.950145, -37.800607 ], [ -71.950141, -37.800609 ], [ -71.950132, -37.800613 ], [ -71.950127, -37.800615 ], [ -71.950109, -37.800624 ], [ -71.950106, -37.800625 ], [ -71.950105, -37.800626 ], [ -71.950023, -37.800663 ], [ -71.950022, -37.800668 ], [ -71.950019, -37.800676 ], [ -71.950017, -37.800681 ], [ -71.950014, -37.800689 ], [ -71.950011, -37.800696 ], [ -71.950008, -37.800704 ], [ -71.950006, -37.800708 ], [ -71.950003, -37.800714 ], [ -71.950003, -37.800716 ], [ -71.949999, -37.800722 ], [ -71.949993, -37.800733 ], [ -71.949992, -37.800735 ], [ -71.949987, -37.800742 ], [ -71.949986, -37.800744 ], [ -71.949981, -37.800752 ], [ -71.949975, -37.800760 ], [ -71.949970, -37.800767 ], [ -71.949964, -37.800774 ], [ -71.949959, -37.800779 ], [ -71.949953, -37.800786 ], [ -71.949950, -37.800790 ], [ -71.949944, -37.800797 ], [ -71.949941, -37.800800 ], [ -71.949927, -37.800814 ], [ -71.949925, -37.800816 ], [ -71.949850, -37.800890 ], [ -71.949815, -37.800926 ], [ -71.949813, -37.800928 ], [ -71.949799, -37.800941 ], [ -71.949797, -37.800942 ], [ -71.949796, -37.800944 ], [ -71.949789, -37.800950 ], [ -71.949785, -37.800954 ], [ -71.949778, -37.800960 ], [ -71.949773, -37.800964 ], [ -71.949765, -37.800971 ], [ -71.949757, -37.800977 ], [ -71.949750, -37.800983 ], [ -71.949740, -37.800989 ], [ -71.949738, -37.800991 ], [ -71.949730, -37.800996 ], [ -71.949712, -37.801007 ], [ -71.949703, -37.801011 ], [ -71.949691, -37.801017 ], [ -71.949680, -37.801022 ], [ -71.949671, -37.801025 ], [ -71.949652, -37.801032 ], [ -71.949643, -37.801035 ], [ -71.949637, -37.801037 ], [ -71.949629, -37.801039 ], [ -71.949619, -37.801041 ], [ -71.949609, -37.801044 ], [ -71.949599, -37.801046 ], [ -71.949593, -37.801047 ], [ -71.949583, -37.801049 ], [ -71.949579, -37.801050 ], [ -71.949551, -37.801055 ], [ -71.949548, -37.801055 ], [ -71.949546, -37.801056 ], [ -71.949544, -37.801056 ], [ -71.949541, -37.801057 ], [ -71.949539, -37.801058 ], [ -71.949537, -37.801059 ], [ -71.949500, -37.801073 ], [ -71.949495, -37.801075 ], [ -71.949485, -37.801079 ], [ -71.949478, -37.801081 ], [ -71.949469, -37.801084 ], [ -71.949458, -37.801087 ], [ -71.949448, -37.801090 ], [ -71.949433, -37.801094 ], [ -71.949423, -37.801097 ], [ -71.949400, -37.801101 ], [ -71.949390, -37.801102 ], [ -71.949363, -37.801105 ], [ -71.949353, -37.801105 ], [ -71.949341, -37.801105 ], [ -71.949332, -37.801105 ], [ -71.949323, -37.801105 ], [ -71.949312, -37.801111 ], [ -71.949280, -37.801132 ], [ -71.949276, -37.801135 ], [ -71.949262, -37.801180 ], [ -71.949261, -37.801183 ], [ -71.949257, -37.801194 ], [ -71.949255, -37.801200 ], [ -71.949253, -37.801204 ], [ -71.949250, -37.801212 ], [ -71.949249, -37.801217 ], [ -71.949245, -37.801225 ], [ -71.949243, -37.801230 ], [ -71.949239, -37.801239 ], [ -71.949235, -37.801247 ], [ -71.949231, -37.801255 ], [ -71.949225, -37.801265 ], [ -71.949220, -37.801273 ], [ -71.949214, -37.801282 ], [ -71.949212, -37.801285 ], [ -71.949206, -37.801291 ], [ -71.949200, -37.801299 ], [ -71.949194, -37.801306 ], [ -71.949192, -37.801309 ], [ -71.949190, -37.801310 ], [ -71.949188, -37.801316 ], [ -71.949183, -37.801340 ], [ -71.949182, -37.801342 ], [ -71.949180, -37.801350 ], [ -71.949179, -37.801354 ], [ -71.949177, -37.801362 ], [ -71.949175, -37.801368 ], [ -71.949172, -37.801376 ], [ -71.949169, -37.801385 ], [ -71.949165, -37.801393 ], [ -71.949163, -37.801399 ], [ -71.949160, -37.801406 ], [ -71.949156, -37.801413 ], [ -71.949146, -37.801430 ], [ -71.949141, -37.801437 ], [ -71.949138, -37.801442 ], [ -71.949125, -37.801457 ], [ -71.949119, -37.801464 ], [ -71.949109, -37.801474 ], [ -71.949103, -37.801479 ], [ -71.949096, -37.801486 ], [ -71.949083, -37.801496 ], [ -71.949075, -37.801502 ], [ -71.949065, -37.801509 ], [ -71.949056, -37.801515 ], [ -71.949048, -37.801521 ], [ -71.949039, -37.801526 ], [ -71.949030, -37.801530 ], [ -71.949030, -37.801531 ], [ -71.949036, -37.801541 ], [ -71.949050, -37.801579 ], [ -71.949041, -37.801622 ], [ -71.949028, -37.801652 ], [ -71.948980, -37.801664 ], [ -71.948945, -37.801672 ], [ -71.948906, -37.801659 ], [ -71.948864, -37.801648 ], [ -71.948820, -37.801659 ], [ -71.948808, -37.801651 ], [ -71.948781, -37.801668 ], [ -71.948751, -37.801673 ], [ -71.948743, -37.801670 ], [ -71.948706, -37.801645 ], [ -71.948662, -37.801626 ], [ -71.948633, -37.801596 ], [ -71.948589, -37.801577 ], [ -71.948545, -37.801564 ], [ -71.948500, -37.801550 ], [ -71.948455, -37.801537 ], [ -71.948403, -37.801542 ], [ -71.948357, -37.801547 ], [ -71.948312, -37.801558 ], [ -71.948266, -37.801574 ], [ -71.948205, -37.801602 ], [ -71.948166, -37.801625 ], [ -71.948128, -37.801648 ], [ -71.948089, -37.801671 ], [ -71.948065, -37.801706 ], [ -71.948041, -37.801741 ], [ -71.948025, -37.801777 ], [ -71.948023, -37.801818 ], [ -71.947968, -37.801894 ], [ -71.947967, -37.801912 ], [ -71.947943, -37.801947 ], [ -71.947934, -37.801983 ], [ -71.947910, -37.802018 ], [ -71.947886, -37.802053 ], [ -71.947877, -37.802089 ], [ -71.947890, -37.802125 ], [ -71.947889, -37.802166 ], [ -71.947872, -37.802202 ], [ -71.947841, -37.802237 ], [ -71.947817, -37.802272 ], [ -71.947786, -37.802301 ], [ -71.947747, -37.802330 ], [ -71.947722, -37.802344 ], [ -71.948011, -37.802343 ], [ -71.948016, -37.802344 ], [ -71.948020, -37.802344 ], [ -71.948259, -37.802398 ], [ -71.948262, -37.802399 ], [ -71.948266, -37.802401 ], [ -71.948269, -37.802402 ], [ -71.948305, -37.802423 ], [ -71.948339, -37.802407 ], [ -71.948341, -37.802406 ], [ -71.948346, -37.802404 ], [ -71.948601, -37.802339 ], [ -71.948607, -37.802338 ], [ -71.948870, -37.802309 ], [ -71.948871, -37.802309 ], [ -71.949138, -37.802288 ], [ -71.949142, -37.802288 ], [ -71.949147, -37.802288 ], [ -71.949505, -37.802337 ], [ -71.949507, -37.802337 ], [ -71.949511, -37.802338 ], [ -71.949863, -37.802440 ], [ -71.949864, -37.802440 ], [ -71.949867, -37.802441 ], [ -71.950368, -37.802640 ], [ -71.950829, -37.802830 ], [ -71.950939, -37.802814 ], [ -71.951339, -37.802742 ], [ -71.951799, -37.802641 ], [ -71.951821, -37.802634 ], [ -71.952170, -37.802532 ], [ -71.952171, -37.802531 ], [ -71.952174, -37.802531 ], [ -71.952643, -37.802442 ], [ -71.952645, -37.802441 ], [ -71.952975, -37.802391 ], [ -71.953172, -37.802338 ], [ -71.953407, -37.802193 ], [ -71.953412, -37.802190 ], [ -71.953414, -37.802189 ], [ -71.953435, -37.802182 ], [ -71.953436, -37.802164 ], [ -71.953439, -37.802085 ], [ -71.953441, -37.802035 ], [ -71.953443, -37.801978 ], [ -71.953445, -37.801928 ], [ -71.953457, -37.801864 ], [ -71.953459, -37.801807 ], [ -71.953462, -37.801750 ], [ -71.953464, -37.801685 ], [ -71.953470, -37.801654 ], [ -71.952311, -37.800189 ], [ -71.952259, -37.799898 ], [ -71.952256, -37.799900 ], [ -71.952247, -37.799904 ], [ -71.952239, -37.799908 ], [ -71.952229, -37.799911 ], [ -71.952220, -37.799913 ], [ -71.952210, -37.799915 ], [ -71.952201, -37.799916 ], [ -71.952191, -37.799916 ], [ -71.952181, -37.799916 ], [ -71.952171, -37.799915 ], [ -71.952161, -37.799913 ], [ -71.952152, -37.799911 ], [ -71.952143, -37.799908 ], [ -71.952134, -37.799904 ], [ -71.952129, -37.799902 ], [ -71.952126, -37.799900 ], [ -71.952118, -37.799895 ], [ -71.952110, -37.799890 ], [ -71.952104, -37.799884 ], [ -71.952098, -37.799878 ], [ -71.952092, -37.799871 ], [ -71.952088, -37.799865 ], [ -71.952085, -37.799859 ], [ -71.952083, -37.799854 ], [ -71.952082, -37.799852 ], [ -71.952080, -37.799849 ], [ -71.952075, -37.799836 ], [ -71.952074, -37.799833 ], [ -71.952070, -37.799824 ], [ -71.952069, -37.799821 ], [ -71.952066, -37.799811 ], [ -71.952065, -37.799807 ], [ -71.952063, -37.799796 ], [ -71.952062, -37.799794 ], [ -71.952062, -37.799793 ], [ -71.952060, -37.799781 ], [ -71.952059, -37.799778 ], [ -71.952057, -37.799767 ], [ -71.952057, -37.799764 ], [ -71.952056, -37.799754 ], [ -71.952056, -37.799751 ], [ -71.952055, -37.799742 ], [ -71.952055, -37.799740 ], [ -71.952054, -37.799714 ], [ -71.952048, -37.799573 ], [ -71.952048, -37.799572 ], [ -71.952047, -37.799546 ], [ -71.952047, -37.799545 ], [ -71.952047, -37.799543 ], [ -71.952048, -37.799526 ], [ -71.952048, -37.799523 ], [ -71.952049, -37.799514 ], [ -71.952049, -37.799511 ], [ -71.952050, -37.799502 ], [ -71.952050, -37.799498 ], [ -71.952052, -37.799490 ], [ -71.952053, -37.799487 ], [ -71.952053, -37.799483 ], [ -71.952056, -37.799475 ], [ -71.952058, -37.799468 ], [ -71.952061, -37.799461 ], [ -71.952062, -37.799459 ], [ -71.952066, -37.799447 ], [ -71.952067, -37.799445 ], [ -71.952068, -37.799441 ], [ -71.952069, -37.799436 ], [ -71.952070, -37.799430 ], [ -71.952071, -37.799415 ], [ -71.952072, -37.799399 ], [ -71.952074, -37.799337 ], [ -71.952074, -37.799336 ], [ -71.952075, -37.799318 ], [ -71.952075, -37.799317 ], [ -71.952077, -37.799299 ], [ -71.952077, -37.799297 ], [ -71.952078, -37.799288 ], [ -71.952078, -37.799286 ], [ -71.952079, -37.799277 ], [ -71.952080, -37.799274 ], [ -71.952081, -37.799265 ], [ -71.952082, -37.799262 ], [ -71.952082, -37.799261 ], [ -71.952084, -37.799253 ], [ -71.952086, -37.799247 ], [ -71.952088, -37.799239 ], [ -71.952091, -37.799232 ], [ -71.952099, -37.799213 ], [ -71.952100, -37.799211 ], [ -71.952100, -37.799208 ], [ -71.952101, -37.799203 ], [ -71.952102, -37.799197 ], [ -71.952103, -37.799183 ], [ -71.952105, -37.799159 ], [ -71.952105, -37.799155 ], [ -71.952107, -37.799101 ], [ -71.952109, -37.799037 ], [ -71.952104, -37.799026 ], [ -71.952069, -37.798997 ], [ -71.952064, -37.798988 ], [ -71.952055, -37.798985 ], [ -71.952046, -37.798982 ], [ -71.952029, -37.798976 ], [ -71.952020, -37.798972 ], [ -71.952011, -37.798968 ], [ -71.952008, -37.798967 ], [ -71.951999, -37.798963 ], [ -71.951991, -37.798958 ], [ -71.951982, -37.798954 ], [ -71.951974, -37.798950 ], [ -71.951957, -37.798940 ], [ -71.951951, -37.798937 ], [ -71.951905, -37.798909 ], [ -71.951853, -37.798907 ], [ -71.951849, -37.798907 ], [ -71.951827, -37.798906 ], [ -71.951821, -37.798906 ], [ -71.951810, -37.798905 ], [ -71.951803, -37.798905 ], [ -71.951792, -37.798904 ], [ -71.951783, -37.798903 ], [ -71.951772, -37.798901 ], [ -71.951771, -37.798901 ], [ -71.951761, -37.798903 ], [ -71.951712, -37.798911 ] ] ] } }
,
{ "type": "Feature", "properties": { "OBJECTID": "734201", "NUMESCENAR": "911", "TIPOUSO": "PIRA", "TIPO_USO": "094", "NOM_TIPUSO": "PINO RADIATA", "APL": "2008,2009", "TEMPORADA": "VE2026", "NUM_ACTA": "2074455", "ZONA": "Chillán", "ID_AREA": "11", "NOM_AREA": "Canteras del Laja", "INTERVENCI": "COSECHA", "CODIGO": "21391", "NOM_PREDIO": "SAN ANTONIO 2", "UNIDAD": "COSECHA", "CS_EMSEFOR": "3.28300000000e+03", "ID_EMSEFOR": "", "EMSEFOR": "FORESTAL MILLALEMU Y CIA.LTDA.", "FAENA": "SK.Huinche", "SUPERVISOR": "DE LA CRUZ FRANCISCO", "ID_RESPON": "", "NOM_RESPON": "", "EQUIPO_MAD": "SKHU", "FCH_LIBERA": "16-01-2026", "FCH_CIERRE": "", "EST_MADERA": "Verde", "SUPERFICIE": "1.66332607070e+02", "ESTADO": "3", "ID_TRA_INI": "", "ID_TRA_FIN": "", "Shape_Leng": "0.00000000000e+00", "Shape_Area": "0.00000000000e+00", "CLOSED": "YES", "BORDER_STYLE": "Solid", "BORDER_COLOR": "RGB(255,255,255)", "BORDER_WIDTH": "4", "FILL_STYLE": "No Fill", "MOD_DATE": "09-02-2026" }, "geometry": { "type": "Polygon", "coordinates": [ [ [ -71.945116, -37.799228 ], [ -71.945111, -37.799234 ], [ -71.945106, -37.799240 ], [ -71.945099, -37.799245 ], [ -71.945092, -37.799251 ], [ -71.945051, -37.799278 ], [ -71.945041, -37.799284 ], [ -71.944993, -37.799310 ], [ -71.944986, -37.799313 ], [ -71.944936, -37.799336 ], [ -71.944927, -37.799340 ], [ -71.944893, -37.799352 ], [ -71.944886, -37.799359 ], [ -71.944854, -37.799388 ], [ -71.944816, -37.799411 ], [ -71.944777, -37.799434 ], [ -71.944731, -37.799457 ], [ -71.944686, -37.799467 ], [ -71.944640, -37.799478 ], [ -71.944595, -37.799489 ], [ -71.944542, -37.799505 ], [ -71.944496, -37.799522 ], [ -71.944450, -37.799539 ], [ -71.944412, -37.799561 ], [ -71.944373, -37.799584 ], [ -71.944335, -37.799607 ], [ -71.944303, -37.799642 ], [ -71.944272, -37.799671 ], [ -71.944256, -37.799686 ], [ -71.944253, -37.799691 ], [ -71.944251, -37.799693 ], [ -71.944246, -37.799700 ], [ -71.944245, -37.799701 ], [ -71.944244, -37.799703 ], [ -71.944238, -37.799710 ], [ -71.944235, -37.799714 ], [ -71.944229, -37.799721 ], [ -71.944224, -37.799726 ], [ -71.944218, -37.799733 ], [ -71.944216, -37.799734 ], [ -71.944212, -37.799738 ], [ -71.944205, -37.799744 ], [ -71.944200, -37.799748 ], [ -71.944193, -37.799753 ], [ -71.944189, -37.799756 ], [ -71.944188, -37.799757 ], [ -71.944186, -37.799758 ], [ -71.944184, -37.799759 ], [ -71.944182, -37.799761 ], [ -71.944181, -37.799762 ], [ -71.944180, -37.799762 ], [ -71.944179, -37.799763 ], [ -71.944178, -37.799764 ], [ -71.944146, -37.799799 ], [ -71.944115, -37.799828 ], [ -71.944110, -37.799831 ], [ -71.944106, -37.799837 ], [ -71.944102, -37.799840 ], [ -71.944096, -37.799847 ], [ -71.944094, -37.799848 ], [ -71.944093, -37.799850 ], [ -71.944086, -37.799856 ], [ -71.944083, -37.799858 ], [ -71.944076, -37.799864 ], [ -71.944074, -37.799866 ], [ -71.944066, -37.799872 ], [ -71.944065, -37.799873 ], [ -71.944057, -37.799879 ], [ -71.944055, -37.799881 ], [ -71.944039, -37.799892 ], [ -71.944036, -37.799895 ], [ -71.944028, -37.799900 ], [ -71.944027, -37.799901 ], [ -71.944025, -37.799902 ], [ -71.944017, -37.799907 ], [ -71.944014, -37.799909 ], [ -71.944005, -37.799914 ], [ -71.944000, -37.799917 ], [ -71.943992, -37.799921 ], [ -71.943986, -37.799924 ], [ -71.943985, -37.799925 ], [ -71.943976, -37.799929 ], [ -71.943968, -37.799932 ], [ -71.943959, -37.799935 ], [ -71.943952, -37.799938 ], [ -71.943943, -37.799940 ], [ -71.943940, -37.799941 ], [ -71.943938, -37.799942 ], [ -71.943929, -37.799944 ], [ -71.943926, -37.799945 ], [ -71.943915, -37.799948 ], [ -71.943876, -37.799977 ], [ -71.943852, -37.800012 ], [ -71.943828, -37.800047 ], [ -71.943819, -37.800082 ], [ -71.943818, -37.800124 ], [ -71.943801, -37.800159 ], [ -71.943792, -37.800195 ], [ -71.943776, -37.800230 ], [ -71.943759, -37.800266 ], [ -71.943743, -37.800301 ], [ -71.943711, -37.800336 ], [ -71.943687, -37.800358 ], [ -71.943680, -37.800365 ], [ -71.943641, -37.800394 ], [ -71.943602, -37.800422 ], [ -71.943564, -37.800445 ], [ -71.943525, -37.800468 ], [ -71.943479, -37.800491 ], [ -71.943441, -37.800514 ], [ -71.943402, -37.800536 ], [ -71.943357, -37.800553 ], [ -71.943311, -37.800564 ], [ -71.943265, -37.800581 ], [ -71.943220, -37.800597 ], [ -71.943174, -37.800614 ], [ -71.943128, -37.800637 ], [ -71.943089, -37.800659 ], [ -71.943051, -37.800682 ], [ -71.943012, -37.800705 ], [ -71.942974, -37.800728 ], [ -71.942942, -37.800763 ], [ -71.942904, -37.800792 ], [ -71.942865, -37.800815 ], [ -71.942826, -37.800843 ], [ -71.942781, -37.800860 ], [ -71.942735, -37.800883 ], [ -71.942689, -37.800899 ], [ -71.942643, -37.800910 ], [ -71.942598, -37.800921 ], [ -71.942553, -37.800926 ], [ -71.942507, -37.800930 ], [ -71.942462, -37.800935 ], [ -71.942431, -37.800939 ], [ -71.942428, -37.800940 ], [ -71.942421, -37.800942 ], [ -71.942401, -37.800949 ], [ -71.942398, -37.800950 ], [ -71.942368, -37.800959 ], [ -71.942367, -37.800959 ], [ -71.942295, -37.800981 ], [ -71.942264, -37.800990 ], [ -71.942263, -37.800990 ], [ -71.942249, -37.800994 ], [ -71.942242, -37.800996 ], [ -71.942239, -37.800996 ], [ -71.942219, -37.801002 ], [ -71.942215, -37.801003 ], [ -71.942208, -37.801004 ], [ -71.942189, -37.801012 ], [ -71.942143, -37.801028 ], [ -71.942097, -37.801051 ], [ -71.942086, -37.801055 ], [ -71.942051, -37.801068 ], [ -71.942005, -37.801084 ], [ -71.941960, -37.801095 ], [ -71.941915, -37.801100 ], [ -71.941868, -37.801146 ], [ -71.941845, -37.801146 ], [ -71.941800, -37.801150 ], [ -71.941769, -37.801179 ], [ -71.941730, -37.801202 ], [ -71.941705, -37.801211 ], [ -71.941702, -37.801213 ], [ -71.941679, -37.801224 ], [ -71.941677, -37.801225 ], [ -71.941653, -37.801236 ], [ -71.941652, -37.801236 ], [ -71.941621, -37.801250 ], [ -71.941613, -37.801253 ], [ -71.941547, -37.801278 ], [ -71.941538, -37.801280 ], [ -71.941528, -37.801283 ], [ -71.941519, -37.801285 ], [ -71.941509, -37.801286 ], [ -71.941499, -37.801286 ], [ -71.941496, -37.801286 ], [ -71.941495, -37.801309 ], [ -71.941439, -37.801375 ], [ -71.941371, -37.801406 ], [ -71.941354, -37.801414 ], [ -71.941241, -37.801587 ], [ -71.941165, -37.801672 ], [ -71.941072, -37.801703 ], [ -71.941046, -37.801756 ], [ -71.941153, -37.801844 ], [ -71.941260, -37.802007 ], [ -71.941287, -37.802054 ], [ -71.941298, -37.802188 ], [ -71.941331, -37.802578 ], [ -71.941349, -37.802742 ], [ -71.941349, -37.802745 ], [ -71.941353, -37.802791 ], [ -71.941381, -37.803171 ], [ -71.941394, -37.803531 ], [ -71.941400, -37.803532 ], [ -71.941440, -37.803551 ], [ -71.941475, -37.803577 ], [ -71.941496, -37.803610 ], [ -71.941508, -37.803646 ], [ -71.941515, -37.803682 ], [ -71.941523, -37.803718 ], [ -71.941535, -37.803754 ], [ -71.941538, -37.803793 ], [ -71.941545, -37.803833 ], [ -71.941548, -37.803872 ], [ -71.941556, -37.803908 ], [ -71.941572, -37.803944 ], [ -71.941593, -37.803977 ], [ -71.941624, -37.804007 ], [ -71.941664, -37.804025 ], [ -71.941703, -37.804044 ], [ -71.941753, -37.804049 ], [ -71.941802, -37.804051 ], [ -71.941847, -37.804045 ], [ -71.941897, -37.804049 ], [ -71.941946, -37.804054 ], [ -71.941991, -37.804070 ], [ -71.942035, -37.804078 ], [ -71.942052, -37.804080 ], [ -71.942070, -37.804070 ], [ -71.942072, -37.804069 ], [ -71.942081, -37.804064 ], [ -71.942084, -37.804062 ], [ -71.942093, -37.804058 ], [ -71.942097, -37.804056 ], [ -71.942107, -37.804051 ], [ -71.942113, -37.804049 ], [ -71.942123, -37.804045 ], [ -71.942132, -37.804042 ], [ -71.942142, -37.804039 ], [ -71.942144, -37.804038 ], [ -71.942155, -37.804036 ], [ -71.942165, -37.804033 ], [ -71.942173, -37.804032 ], [ -71.942176, -37.804032 ], [ -71.942186, -37.804030 ], [ -71.942194, -37.804030 ], [ -71.942205, -37.804029 ], [ -71.942210, -37.804029 ], [ -71.942221, -37.804028 ], [ -71.942225, -37.804028 ], [ -71.942236, -37.804028 ], [ -71.942237, -37.804028 ], [ -71.942238, -37.804028 ], [ -71.942250, -37.804028 ], [ -71.942252, -37.804028 ], [ -71.942288, -37.804029 ], [ -71.942317, -37.804017 ], [ -71.942363, -37.804011 ], [ -71.942365, -37.804011 ], [ -71.942407, -37.803989 ], [ -71.942409, -37.803988 ], [ -71.942428, -37.803979 ], [ -71.942431, -37.803977 ], [ -71.942440, -37.803973 ], [ -71.942441, -37.803973 ], [ -71.942444, -37.803972 ], [ -71.942453, -37.803968 ], [ -71.942458, -37.803966 ], [ -71.942467, -37.803962 ], [ -71.942474, -37.803960 ], [ -71.942484, -37.803956 ], [ -71.942487, -37.803955 ], [ -71.942492, -37.803954 ], [ -71.942502, -37.803952 ], [ -71.942509, -37.803950 ], [ -71.942519, -37.803948 ], [ -71.942524, -37.803947 ], [ -71.942534, -37.803945 ], [ -71.942537, -37.803945 ], [ -71.942538, -37.803945 ], [ -71.942548, -37.803944 ], [ -71.942551, -37.803943 ], [ -71.942561, -37.803942 ], [ -71.942563, -37.803942 ], [ -71.942605, -37.803938 ], [ -71.942613, -37.803937 ], [ -71.942621, -37.803936 ], [ -71.942627, -37.803935 ], [ -71.942631, -37.803934 ], [ -71.942632, -37.803934 ], [ -71.942633, -37.803934 ], [ -71.942634, -37.803933 ], [ -71.942637, -37.803931 ], [ -71.942643, -37.803928 ], [ -71.942649, -37.803924 ], [ -71.942672, -37.803907 ], [ -71.942674, -37.803906 ], [ -71.942682, -37.803901 ], [ -71.942685, -37.803899 ], [ -71.942693, -37.803894 ], [ -71.942697, -37.803892 ], [ -71.942705, -37.803887 ], [ -71.942705, -37.803887 ], [ -71.942711, -37.803884 ], [ -71.942720, -37.803879 ], [ -71.942724, -37.803878 ], [ -71.942728, -37.803876 ], [ -71.942736, -37.803872 ], [ -71.942743, -37.803870 ], [ -71.942752, -37.803866 ], [ -71.942758, -37.803865 ], [ -71.942768, -37.803862 ], [ -71.942769, -37.803861 ], [ -71.942773, -37.803860 ], [ -71.942782, -37.803858 ], [ -71.942787, -37.803857 ], [ -71.942796, -37.803855 ], [ -71.942797, -37.803855 ], [ -71.942802, -37.803854 ], [ -71.942810, -37.803852 ], [ -71.942829, -37.803838 ], [ -71.942867, -37.803814 ], [ -71.942904, -37.803786 ], [ -71.942945, -37.803762 ], [ -71.942987, -37.803742 ], [ -71.943028, -37.803721 ], [ -71.943074, -37.803708 ], [ -71.943119, -37.803702 ], [ -71.943164, -37.803696 ], [ -71.943214, -37.803697 ], [ -71.943263, -37.803699 ], [ -71.943272, -37.803698 ], [ -71.943289, -37.803687 ], [ -71.943291, -37.803686 ], [ -71.943309, -37.803675 ], [ -71.943312, -37.803673 ], [ -71.943321, -37.803668 ], [ -71.943324, -37.803666 ], [ -71.943333, -37.803661 ], [ -71.943337, -37.803658 ], [ -71.943346, -37.803654 ], [ -71.943350, -37.803652 ], [ -71.943353, -37.803651 ], [ -71.943363, -37.803647 ], [ -71.943373, -37.803643 ], [ -71.943382, -37.803640 ], [ -71.943387, -37.803638 ], [ -71.943395, -37.803636 ], [ -71.943405, -37.803634 ], [ -71.943415, -37.803632 ], [ -71.943426, -37.803631 ], [ -71.943427, -37.803630 ], [ -71.943432, -37.803630 ], [ -71.943443, -37.803629 ], [ -71.943446, -37.803628 ], [ -71.943467, -37.803627 ], [ -71.943474, -37.803626 ], [ -71.943478, -37.803626 ], [ -71.943478, -37.803625 ], [ -71.943482, -37.803624 ], [ -71.943486, -37.803622 ], [ -71.943523, -37.803606 ], [ -71.943527, -37.803604 ], [ -71.943537, -37.803600 ], [ -71.943542, -37.803598 ], [ -71.943552, -37.803594 ], [ -71.943560, -37.803592 ], [ -71.943561, -37.803591 ], [ -71.943571, -37.803589 ], [ -71.943582, -37.803586 ], [ -71.943593, -37.803584 ], [ -71.943600, -37.803583 ], [ -71.943602, -37.803582 ], [ -71.943613, -37.803581 ], [ -71.943619, -37.803580 ], [ -71.943630, -37.803580 ], [ -71.943634, -37.803579 ], [ -71.943645, -37.803579 ], [ -71.943647, -37.803579 ], [ -71.943678, -37.803577 ], [ -71.943685, -37.803577 ], [ -71.943689, -37.803577 ], [ -71.943690, -37.803577 ], [ -71.943691, -37.803576 ], [ -71.943696, -37.803575 ], [ -71.943697, -37.803575 ], [ -71.943722, -37.803567 ], [ -71.943725, -37.803566 ], [ -71.943727, -37.803566 ], [ -71.943731, -37.803564 ], [ -71.943738, -37.803547 ], [ -71.943749, -37.803511 ], [ -71.943773, -37.803476 ], [ -71.943797, -37.803441 ], [ -71.943825, -37.803409 ], [ -71.943849, -37.803378 ], [ -71.943886, -37.803354 ], [ -71.943919, -37.803326 ], [ -71.943943, -37.803294 ], [ -71.943962, -37.803256 ], [ -71.943986, -37.803220 ], [ -71.944006, -37.803182 ], [ -71.944025, -37.803143 ], [ -71.944045, -37.803104 ], [ -71.944069, -37.803065 ], [ -71.944093, -37.803030 ], [ -71.944113, -37.802995 ], [ -71.944123, -37.802959 ], [ -71.944138, -37.802924 ], [ -71.944158, -37.802889 ], [ -71.944186, -37.802857 ], [ -71.944219, -37.802830 ], [ -71.944260, -37.802806 ], [ -71.944306, -37.802789 ], [ -71.944350, -37.802804 ], [ -71.944395, -37.802816 ], [ -71.944439, -37.802832 ], [ -71.944484, -37.802847 ], [ -71.944528, -37.802859 ], [ -71.944578, -37.802860 ], [ -71.944627, -37.802869 ], [ -71.944672, -37.802884 ], [ -71.944711, -37.802910 ], [ -71.944746, -37.802936 ], [ -71.944785, -37.802962 ], [ -71.944816, -37.802992 ], [ -71.944851, -37.803021 ], [ -71.944885, -37.803051 ], [ -71.944907, -37.803083 ], [ -71.944937, -37.803116 ], [ -71.944967, -37.803149 ], [ -71.944997, -37.803179 ], [ -71.945037, -37.803201 ], [ -71.945077, -37.803220 ], [ -71.945107, -37.803226 ], [ -71.945280, -37.803075 ], [ -71.945922, -37.802336 ], [ -71.945924, -37.802333 ], [ -71.946193, -37.802001 ], [ -71.946370, -37.801743 ], [ -71.946418, -37.801580 ], [ -71.946452, -37.801462 ], [ -71.946454, -37.801459 ], [ -71.946503, -37.801359 ], [ -71.946545, -37.801272 ], [ -71.946628, -37.800987 ], [ -71.946661, -37.800615 ], [ -71.946649, -37.800173 ], [ -71.946649, -37.800171 ], [ -71.946668, -37.799709 ], [ -71.946669, -37.799704 ], [ -71.946669, -37.799703 ], [ -71.946765, -37.799424 ], [ -71.946807, -37.799310 ], [ -71.946592, -37.799287 ], [ -71.946399, -37.799291 ], [ -71.946082, -37.799433 ], [ -71.946128, -37.799506 ], [ -71.946157, -37.799525 ], [ -71.946170, -37.799561 ], [ -71.946169, -37.799603 ], [ -71.946160, -37.799638 ], [ -71.946128, -37.799667 ], [ -71.946083, -37.799684 ], [ -71.946043, -37.799725 ], [ -71.946019, -37.799760 ], [ -71.945974, -37.799777 ], [ -71.945929, -37.799764 ], [ -71.945893, -37.799733 ], [ -71.945864, -37.799696 ], [ -71.945806, -37.799568 ], [ -71.945774, -37.799584 ], [ -71.945355, -37.799922 ], [ -71.945255, -37.800028 ], [ -71.945337, -37.800088 ], [ -71.945374, -37.800101 ], [ -71.945373, -37.800142 ], [ -71.945342, -37.800171 ], [ -71.945303, -37.800194 ], [ -71.945287, -37.800230 ], [ -71.945278, -37.800265 ], [ -71.945275, -37.800325 ], [ -71.945266, -37.800360 ], [ -71.945228, -37.800383 ], [ -71.945183, -37.800376 ], [ -71.945139, -37.800357 ], [ -71.945095, -37.800332 ], [ -71.945058, -37.800307 ], [ -71.945022, -37.800276 ], [ -71.945021, -37.800276 ], [ -71.944929, -37.800373 ], [ -71.944928, -37.800375 ], [ -71.944733, -37.800554 ], [ -71.944732, -37.800555 ], [ -71.944520, -37.800738 ], [ -71.944483, -37.800769 ], [ -71.944479, -37.800772 ], [ -71.944218, -37.800937 ], [ -71.944176, -37.800971 ], [ -71.944150, -37.800991 ], [ -71.944194, -37.801036 ], [ -71.944239, -37.801043 ], [ -71.944266, -37.801109 ], [ -71.944257, -37.801145 ], [ -71.944233, -37.801180 ], [ -71.944188, -37.801196 ], [ -71.944142, -37.801213 ], [ -71.944111, -37.801242 ], [ -71.944102, -37.801278 ], [ -71.944093, -37.801313 ], [ -71.944076, -37.801348 ], [ -71.944038, -37.801371 ], [ -71.943985, -37.801370 ], [ -71.943941, -37.801345 ], [ -71.943905, -37.801314 ], [ -71.943899, -37.801278 ], [ -71.943885, -37.801242 ], [ -71.943869, -37.801221 ], [ -71.943739, -37.801333 ], [ -71.943489, -37.801588 ], [ -71.943488, -37.801589 ], [ -71.943487, -37.801590 ], [ -71.943302, -37.801745 ], [ -71.943211, -37.801847 ], [ -71.943244, -37.801851 ], [ -71.943289, -37.801864 ], [ -71.943334, -37.801860 ], [ -71.943379, -37.801873 ], [ -71.943400, -37.801909 ], [ -71.943391, -37.801944 ], [ -71.943374, -37.801980 ], [ -71.943335, -37.802026 ], [ -71.943289, -37.802043 ], [ -71.943250, -37.802066 ], [ -71.943236, -37.802088 ], [ -71.943226, -37.802101 ], [ -71.943202, -37.802136 ], [ -71.943171, -37.802165 ], [ -71.943133, -37.802194 ], [ -71.943087, -37.802205 ], [ -71.943035, -37.802197 ], [ -71.942991, -37.802172 ], [ -71.942954, -37.802148 ], [ -71.942948, -37.802141 ], [ -71.942933, -37.802157 ], [ -71.942931, -37.802159 ], [ -71.942930, -37.802160 ], [ -71.942674, -37.802362 ], [ -71.942671, -37.802364 ], [ -71.942670, -37.802365 ], [ -71.942431, -37.802502 ], [ -71.942427, -37.802503 ], [ -71.942425, -37.802504 ], [ -71.942112, -37.802615 ], [ -71.942109, -37.802616 ], [ -71.942105, -37.802617 ], [ -71.941765, -37.802668 ], [ -71.941763, -37.802668 ], [ -71.941760, -37.802668 ], [ -71.941740, -37.802669 ], [ -71.941729, -37.802678 ], [ -71.941701, -37.802708 ], [ -71.941671, -37.802736 ], [ -71.941629, -37.802754 ], [ -71.941586, -37.802764 ], [ -71.941540, -37.802767 ], [ -71.941494, -37.802765 ], [ -71.941440, -37.802741 ], [ -71.941435, -37.802729 ], [ -71.941425, -37.802706 ], [ -71.941421, -37.802670 ], [ -71.941444, -37.802638 ], [ -71.941486, -37.802620 ], [ -71.941531, -37.802622 ], [ -71.941545, -37.802624 ], [ -71.941754, -37.802615 ], [ -71.942088, -37.802565 ], [ -71.942394, -37.802456 ], [ -71.942627, -37.802322 ], [ -71.942880, -37.802123 ], [ -71.942901, -37.802100 ], [ -71.943051, -37.801933 ], [ -71.943068, -37.801914 ], [ -71.943248, -37.801712 ], [ -71.943251, -37.801709 ], [ -71.943251, -37.801709 ], [ -71.943437, -37.801554 ], [ -71.943687, -37.801299 ], [ -71.943688, -37.801297 ], [ -71.943930, -37.801089 ], [ -71.943931, -37.801088 ], [ -71.944150, -37.800915 ], [ -71.944172, -37.800898 ], [ -71.944174, -37.800896 ], [ -71.944435, -37.800731 ], [ -71.944682, -37.800519 ], [ -71.944876, -37.800340 ], [ -71.945302, -37.799888 ], [ -71.945304, -37.799886 ], [ -71.945305, -37.799886 ], [ -71.945728, -37.799544 ], [ -71.945731, -37.799541 ], [ -71.945734, -37.799540 ], [ -71.946029, -37.799395 ], [ -71.946030, -37.799394 ], [ -71.946373, -37.799241 ], [ -71.946378, -37.799239 ], [ -71.946383, -37.799238 ], [ -71.946388, -37.799238 ], [ -71.946593, -37.799233 ], [ -71.946595, -37.799233 ], [ -71.946598, -37.799234 ], [ -71.946827, -37.799258 ], [ -71.946867, -37.799150 ], [ -71.946868, -37.799147 ], [ -71.947038, -37.798808 ], [ -71.947040, -37.798805 ], [ -71.947308, -37.798431 ], [ -71.947463, -37.798213 ], [ -71.947378, -37.798207 ], [ -71.947122, -37.798213 ], [ -71.946709, -37.798252 ], [ -71.946467, -37.798281 ], [ -71.946168, -37.798353 ], [ -71.945888, -37.798458 ], [ -71.945884, -37.798459 ], [ -71.945882, -37.798460 ], [ -71.945715, -37.798491 ], [ -71.945712, -37.798492 ], [ -71.945707, -37.798492 ], [ -71.945656, -37.798492 ], [ -71.945654, -37.798494 ], [ -71.945651, -37.798500 ], [ -71.945642, -37.798514 ], [ -71.945624, -37.798544 ], [ -71.945622, -37.798546 ], [ -71.945618, -37.798554 ], [ -71.945617, -37.798556 ], [ -71.945601, -37.798591 ], [ -71.945569, -37.798620 ], [ -71.945538, -37.798649 ], [ -71.945500, -37.798672 ], [ -71.945468, -37.798691 ], [ -71.945457, -37.798699 ], [ -71.945430, -37.798724 ], [ -71.945399, -37.798753 ], [ -71.945390, -37.798788 ], [ -71.945373, -37.798824 ], [ -71.945364, -37.798859 ], [ -71.945363, -37.798901 ], [ -71.945354, -37.798936 ], [ -71.945345, -37.798972 ], [ -71.945328, -37.799007 ], [ -71.945312, -37.799042 ], [ -71.945288, -37.799078 ], [ -71.945256, -37.799113 ], [ -71.945218, -37.799141 ], [ -71.945179, -37.799164 ], [ -71.945159, -37.799169 ], [ -71.945140, -37.799196 ], [ -71.945140, -37.799197 ], [ -71.945139, -37.799198 ], [ -71.945116, -37.799228 ] ] ] } }
,
{ "type": "Feature", "properties": { "OBJECTID": "734201", "NUMESCENAR": "911", "TIPOUSO": "PIRA", "TIPO_USO": "094", "NOM_TIPUSO": "PINO RADIATA", "APL": "2008,2009", "TEMPORADA": "VE2026", "NUM_ACTA": "2074455", "ZONA": "Chillán", "ID_AREA": "11", "NOM_AREA": "Canteras del Laja", "INTERVENCI": "COSECHA", "CODIGO": "21391", "NOM_PREDIO": "SAN ANTONIO 2", "UNIDAD": "COSECHA", "CS_EMSEFOR": "3.28300000000e+03", "ID_EMSEFOR": "", "EMSEFOR": "FORESTAL MILLALEMU Y CIA.LTDA.", "FAENA": "SK.Huinche", "SUPERVISOR": "DE LA CRUZ FRANCISCO", "ID_RESPON": "", "NOM_RESPON": "", "EQUIPO_MAD": "SKHU", "FCH_LIBERA": "16-01-2026", "FCH_CIERRE": "", "EST_MADERA": "Verde", "SUPERFICIE": "1.66332607070e+02", "ESTADO": "3", "ID_TRA_INI": "", "ID_TRA_FIN": "", "Shape_Leng": "0.00000000000e+00", "Shape_Area": "0.00000000000e+00", "CLOSED": "YES", "BORDER_STYLE": "Solid", "BORDER_COLOR": "RGB(255,255,255)", "BORDER_WIDTH": "4", "FILL_STYLE": "No Fill", "MOD_DATE": "09-02-2026" }, "geometry": { "type": "Polygon", "coordinates": [ [ [ -71.952372, -37.798159 ], [ -71.951857, -37.798394 ], [ -71.951857, -37.798394 ], [ -71.951851, -37.798396 ], [ -71.951372, -37.798512 ], [ -71.950746, -37.798687 ], [ -71.950742, -37.798688 ], [ -71.950482, -37.798729 ], [ -71.950481, -37.798729 ], [ -71.950280, -37.798756 ], [ -71.950163, -37.798801 ], [ -71.950027, -37.798941 ], [ -71.949863, -37.799333 ], [ -71.949545, -37.800040 ], [ -71.949545, -37.800041 ], [ -71.949544, -37.800042 ], [ -71.949382, -37.800343 ], [ -71.949379, -37.800346 ], [ -71.949378, -37.800347 ], [ -71.949183, -37.800571 ], [ -71.949180, -37.800574 ], [ -71.949179, -37.800575 ], [ -71.948999, -37.800718 ], [ -71.948996, -37.800720 ], [ -71.948995, -37.800721 ], [ -71.948838, -37.800810 ], [ -71.948715, -37.800919 ], [ -71.948711, -37.800923 ], [ -71.948709, -37.800924 ], [ -71.948586, -37.800992 ], [ -71.948582, -37.800994 ], [ -71.948576, -37.800996 ], [ -71.948571, -37.800997 ], [ -71.948446, -37.801007 ], [ -71.948241, -37.801040 ], [ -71.948239, -37.801040 ], [ -71.948237, -37.801041 ], [ -71.948059, -37.801050 ], [ -71.947878, -37.801081 ], [ -71.947723, -37.801213 ], [ -71.947722, -37.801215 ], [ -71.947494, -37.801384 ], [ -71.947295, -37.801564 ], [ -71.947290, -37.801568 ], [ -71.947173, -37.801641 ], [ -71.947169, -37.801643 ], [ -71.947164, -37.801645 ], [ -71.947159, -37.801646 ], [ -71.946990, -37.801675 ], [ -71.946984, -37.801676 ], [ -71.946978, -37.801675 ], [ -71.946973, -37.801674 ], [ -71.946753, -37.801621 ], [ -71.946748, -37.801620 ], [ -71.946743, -37.801618 ], [ -71.946567, -37.801522 ], [ -71.946563, -37.801520 ], [ -71.946559, -37.801516 ], [ -71.946556, -37.801512 ], [ -71.946554, -37.801508 ], [ -71.946531, -37.801450 ], [ -71.946518, -37.801476 ], [ -71.946435, -37.801759 ], [ -71.946433, -37.801762 ], [ -71.946432, -37.801765 ], [ -71.946253, -37.802028 ], [ -71.946252, -37.802029 ], [ -71.945998, -37.802342 ], [ -71.946138, -37.802431 ], [ -71.946417, -37.802523 ], [ -71.946466, -37.802535 ], [ -71.946518, -37.802471 ], [ -71.946569, -37.802429 ], [ -71.946593, -37.802397 ], [ -71.946617, -37.802362 ], [ -71.946636, -37.802327 ], [ -71.946656, -37.802288 ], [ -71.946667, -37.802253 ], [ -71.946673, -37.802213 ], [ -71.946674, -37.802174 ], [ -71.946685, -37.802132 ], [ -71.946696, -37.802093 ], [ -71.946715, -37.802057 ], [ -71.946785, -37.802002 ], [ -71.946831, -37.801989 ], [ -71.946880, -37.801990 ], [ -71.946930, -37.801995 ], [ -71.946979, -37.801993 ], [ -71.947029, -37.801987 ], [ -71.947074, -37.801981 ], [ -71.947129, -37.801975 ], [ -71.947179, -37.801966 ], [ -71.947224, -37.801949 ], [ -71.947275, -37.801932 ], [ -71.947316, -37.801908 ], [ -71.947357, -37.801892 ], [ -71.947399, -37.801871 ], [ -71.947405, -37.801868 ], [ -71.947408, -37.801864 ], [ -71.947430, -37.801835 ], [ -71.947432, -37.801834 ], [ -71.947438, -37.801826 ], [ -71.947440, -37.801824 ], [ -71.947446, -37.801817 ], [ -71.947450, -37.801813 ], [ -71.947456, -37.801806 ], [ -71.947459, -37.801804 ], [ -71.947461, -37.801802 ], [ -71.947468, -37.801796 ], [ -71.947472, -37.801792 ], [ -71.947479, -37.801786 ], [ -71.947482, -37.801784 ], [ -71.947490, -37.801778 ], [ -71.947493, -37.801776 ], [ -71.947494, -37.801775 ], [ -71.947493, -37.801771 ], [ -71.947490, -37.801755 ], [ -71.947490, -37.801739 ], [ -71.947490, -37.801724 ], [ -71.947493, -37.801708 ], [ -71.947497, -37.801693 ], [ -71.947503, -37.801678 ], [ -71.947504, -37.801676 ], [ -71.947505, -37.801661 ], [ -71.947506, -37.801625 ], [ -71.947507, -37.801621 ], [ -71.947508, -37.801603 ], [ -71.947508, -37.801597 ], [ -71.947509, -37.801588 ], [ -71.947510, -37.801581 ], [ -71.947510, -37.801580 ], [ -71.947512, -37.801572 ], [ -71.947513, -37.801563 ], [ -71.947515, -37.801554 ], [ -71.947519, -37.801541 ], [ -71.947522, -37.801533 ], [ -71.947528, -37.801517 ], [ -71.947531, -37.801509 ], [ -71.947532, -37.801508 ], [ -71.947537, -37.801497 ], [ -71.947541, -37.801489 ], [ -71.947546, -37.801481 ], [ -71.947551, -37.801473 ], [ -71.947555, -37.801467 ], [ -71.947560, -37.801460 ], [ -71.947563, -37.801456 ], [ -71.947564, -37.801454 ], [ -71.947576, -37.801439 ], [ -71.947578, -37.801436 ], [ -71.947590, -37.801421 ], [ -71.947591, -37.801419 ], [ -71.947609, -37.801397 ], [ -71.947640, -37.801360 ], [ -71.947641, -37.801358 ], [ -71.947653, -37.801344 ], [ -71.947656, -37.801340 ], [ -71.947668, -37.801326 ], [ -71.947673, -37.801321 ], [ -71.947679, -37.801314 ], [ -71.947684, -37.801309 ], [ -71.947691, -37.801303 ], [ -71.947694, -37.801299 ], [ -71.947698, -37.801296 ], [ -71.947705, -37.801289 ], [ -71.947716, -37.801280 ], [ -71.947723, -37.801274 ], [ -71.947737, -37.801264 ], [ -71.947746, -37.801259 ], [ -71.947758, -37.801251 ], [ -71.947767, -37.801246 ], [ -71.947776, -37.801241 ], [ -71.947786, -37.801236 ], [ -71.947792, -37.801233 ], [ -71.947802, -37.801228 ], [ -71.947805, -37.801227 ], [ -71.947808, -37.801226 ], [ -71.947827, -37.801217 ], [ -71.947832, -37.801215 ], [ -71.947862, -37.801203 ], [ -71.947864, -37.801202 ], [ -71.947904, -37.801186 ], [ -71.947906, -37.801185 ], [ -71.947926, -37.801177 ], [ -71.947930, -37.801175 ], [ -71.947950, -37.801168 ], [ -71.947957, -37.801165 ], [ -71.947967, -37.801162 ], [ -71.947974, -37.801159 ], [ -71.947984, -37.801156 ], [ -71.947990, -37.801154 ], [ -71.947994, -37.801153 ], [ -71.948005, -37.801150 ], [ -71.948020, -37.801147 ], [ -71.948030, -37.801145 ], [ -71.948049, -37.801141 ], [ -71.948060, -37.801140 ], [ -71.948076, -37.801138 ], [ -71.948087, -37.801137 ], [ -71.948099, -37.801136 ], [ -71.948110, -37.801136 ], [ -71.948120, -37.801136 ], [ -71.948131, -37.801136 ], [ -71.948132, -37.801136 ], [ -71.948139, -37.801136 ], [ -71.948150, -37.801136 ], [ -71.948157, -37.801136 ], [ -71.948168, -37.801137 ], [ -71.948176, -37.801137 ], [ -71.948187, -37.801138 ], [ -71.948196, -37.801139 ], [ -71.948207, -37.801140 ], [ -71.948216, -37.801141 ], [ -71.948218, -37.801142 ], [ -71.948228, -37.801143 ], [ -71.948242, -37.801146 ], [ -71.948253, -37.801148 ], [ -71.948269, -37.801151 ], [ -71.948273, -37.801153 ], [ -71.948275, -37.801154 ], [ -71.948277, -37.801154 ], [ -71.948278, -37.801154 ], [ -71.948284, -37.801153 ], [ -71.948302, -37.801153 ], [ -71.948332, -37.801152 ], [ -71.948399, -37.801149 ], [ -71.948408, -37.801149 ], [ -71.948411, -37.801149 ], [ -71.948433, -37.801148 ], [ -71.948436, -37.801148 ], [ -71.948447, -37.801148 ], [ -71.948451, -37.801148 ], [ -71.948463, -37.801148 ], [ -71.948468, -37.801148 ], [ -71.948479, -37.801148 ], [ -71.948487, -37.801148 ], [ -71.948497, -37.801149 ], [ -71.948509, -37.801149 ], [ -71.948520, -37.801150 ], [ -71.948534, -37.801152 ], [ -71.948536, -37.801152 ], [ -71.948546, -37.801154 ], [ -71.948569, -37.801158 ], [ -71.948579, -37.801160 ], [ -71.948592, -37.801164 ], [ -71.948605, -37.801168 ], [ -71.948614, -37.801171 ], [ -71.948632, -37.801178 ], [ -71.948641, -37.801182 ], [ -71.948645, -37.801184 ], [ -71.948651, -37.801187 ], [ -71.948656, -37.801189 ], [ -71.948671, -37.801192 ], [ -71.948679, -37.801194 ], [ -71.948690, -37.801196 ], [ -71.948703, -37.801199 ], [ -71.948713, -37.801202 ], [ -71.948716, -37.801203 ], [ -71.948723, -37.801205 ], [ -71.948733, -37.801208 ], [ -71.948740, -37.801210 ], [ -71.948750, -37.801214 ], [ -71.948752, -37.801215 ], [ -71.948753, -37.801212 ], [ -71.948755, -37.801205 ], [ -71.948758, -37.801197 ], [ -71.948762, -37.801187 ], [ -71.948766, -37.801179 ], [ -71.948772, -37.801167 ], [ -71.948776, -37.801160 ], [ -71.948785, -37.801145 ], [ -71.948790, -37.801138 ], [ -71.948792, -37.801136 ], [ -71.948798, -37.801128 ], [ -71.948803, -37.801121 ], [ -71.948808, -37.801116 ], [ -71.948817, -37.801106 ], [ -71.948818, -37.801102 ], [ -71.948819, -37.801098 ], [ -71.948822, -37.801089 ], [ -71.948838, -37.801040 ], [ -71.948840, -37.801034 ], [ -71.948846, -37.801017 ], [ -71.948849, -37.801011 ], [ -71.948852, -37.801002 ], [ -71.948854, -37.800998 ], [ -71.948856, -37.800995 ], [ -71.948860, -37.800987 ], [ -71.948865, -37.800977 ], [ -71.948869, -37.800969 ], [ -71.948878, -37.800956 ], [ -71.948883, -37.800949 ], [ -71.948884, -37.800947 ], [ -71.948896, -37.800933 ], [ -71.948902, -37.800926 ], [ -71.948913, -37.800914 ], [ -71.948920, -37.800908 ], [ -71.948929, -37.800900 ], [ -71.948937, -37.800893 ], [ -71.948943, -37.800888 ], [ -71.948951, -37.800882 ], [ -71.948956, -37.800878 ], [ -71.948964, -37.800873 ], [ -71.948968, -37.800869 ], [ -71.948985, -37.800858 ], [ -71.948988, -37.800856 ], [ -71.948989, -37.800856 ], [ -71.949023, -37.800833 ], [ -71.949024, -37.800832 ], [ -71.949041, -37.800821 ], [ -71.949043, -37.800820 ], [ -71.949060, -37.800809 ], [ -71.949065, -37.800806 ], [ -71.949082, -37.800796 ], [ -71.949090, -37.800792 ], [ -71.949098, -37.800787 ], [ -71.949106, -37.800783 ], [ -71.949115, -37.800778 ], [ -71.949123, -37.800775 ], [ -71.949128, -37.800773 ], [ -71.949137, -37.800769 ], [ -71.949155, -37.800762 ], [ -71.949164, -37.800758 ], [ -71.949177, -37.800754 ], [ -71.949192, -37.800751 ], [ -71.949201, -37.800748 ], [ -71.949224, -37.800744 ], [ -71.949236, -37.800743 ], [ -71.949245, -37.800742 ], [ -71.949271, -37.800741 ], [ -71.949281, -37.800740 ], [ -71.949283, -37.800740 ], [ -71.949299, -37.800741 ], [ -71.949308, -37.800741 ], [ -71.949319, -37.800742 ], [ -71.949339, -37.800734 ], [ -71.949344, -37.800732 ], [ -71.949354, -37.800729 ], [ -71.949360, -37.800727 ], [ -71.949370, -37.800723 ], [ -71.949379, -37.800720 ], [ -71.949389, -37.800717 ], [ -71.949392, -37.800717 ], [ -71.949400, -37.800714 ], [ -71.949410, -37.800712 ], [ -71.949419, -37.800710 ], [ -71.949429, -37.800707 ], [ -71.949435, -37.800706 ], [ -71.949446, -37.800704 ], [ -71.949450, -37.800703 ], [ -71.949458, -37.800702 ], [ -71.949461, -37.800700 ], [ -71.949495, -37.800666 ], [ -71.949568, -37.800593 ], [ -71.949579, -37.800582 ], [ -71.949582, -37.800579 ], [ -71.949582, -37.800578 ], [ -71.949588, -37.800557 ], [ -71.949588, -37.800555 ], [ -71.949591, -37.800547 ], [ -71.949592, -37.800543 ], [ -71.949595, -37.800535 ], [ -71.949597, -37.800529 ], [ -71.949600, -37.800521 ], [ -71.949604, -37.800512 ], [ -71.949608, -37.800505 ], [ -71.949614, -37.800491 ], [ -71.949619, -37.800484 ], [ -71.949628, -37.800470 ], [ -71.949630, -37.800467 ], [ -71.949635, -37.800460 ], [ -71.949644, -37.800449 ], [ -71.949654, -37.800439 ], [ -71.949660, -37.800433 ], [ -71.949662, -37.800431 ], [ -71.949678, -37.800418 ], [ -71.949685, -37.800412 ], [ -71.949697, -37.800403 ], [ -71.949699, -37.800402 ], [ -71.949707, -37.800397 ], [ -71.949717, -37.800391 ], [ -71.949725, -37.800386 ], [ -71.949733, -37.800382 ], [ -71.949742, -37.800377 ], [ -71.949747, -37.800374 ], [ -71.949756, -37.800370 ], [ -71.949760, -37.800368 ], [ -71.949769, -37.800363 ], [ -71.949772, -37.800362 ], [ -71.949791, -37.800353 ], [ -71.949793, -37.800352 ], [ -71.949794, -37.800352 ], [ -71.949837, -37.800333 ], [ -71.949838, -37.800328 ], [ -71.949844, -37.800313 ], [ -71.949851, -37.800298 ], [ -71.949861, -37.800284 ], [ -71.949871, -37.800271 ], [ -71.949883, -37.800259 ], [ -71.949897, -37.800247 ], [ -71.949911, -37.800237 ], [ -71.949927, -37.800227 ], [ -71.949944, -37.800219 ], [ -71.949961, -37.800211 ], [ -71.949980, -37.800205 ], [ -71.949998, -37.800201 ], [ -71.950018, -37.800197 ], [ -71.950037, -37.800195 ], [ -71.950057, -37.800194 ], [ -71.950058, -37.800194 ], [ -71.950073, -37.800188 ], [ -71.950114, -37.800168 ], [ -71.950160, -37.800151 ], [ -71.950206, -37.800142 ], [ -71.950247, -37.800121 ], [ -71.950260, -37.800112 ], [ -71.950259, -37.800110 ], [ -71.950259, -37.800108 ], [ -71.950258, -37.800100 ], [ -71.950258, -37.800097 ], [ -71.950257, -37.800089 ], [ -71.950257, -37.800085 ], [ -71.950257, -37.800076 ], [ -71.950257, -37.800076 ], [ -71.950257, -37.800071 ], [ -71.950258, -37.800062 ], [ -71.950259, -37.800054 ], [ -71.950261, -37.800046 ], [ -71.950261, -37.800044 ], [ -71.950263, -37.800036 ], [ -71.950266, -37.800028 ], [ -71.950269, -37.800021 ], [ -71.950269, -37.800020 ], [ -71.950273, -37.800012 ], [ -71.950276, -37.800006 ], [ -71.950281, -37.799999 ], [ -71.950283, -37.799995 ], [ -71.950288, -37.799987 ], [ -71.950290, -37.799984 ], [ -71.950295, -37.799977 ], [ -71.950296, -37.799976 ], [ -71.950297, -37.799975 ], [ -71.950302, -37.799968 ], [ -71.950304, -37.799966 ], [ -71.950322, -37.799944 ], [ -71.950322, -37.799942 ], [ -71.950359, -37.799899 ], [ -71.950360, -37.799897 ], [ -71.950360, -37.799888 ], [ -71.950362, -37.799849 ], [ -71.950381, -37.799814 ], [ -71.950410, -37.799782 ], [ -71.950438, -37.799751 ], [ -71.950466, -37.799719 ], [ -71.950490, -37.799688 ], [ -71.950504, -37.799666 ], [ -71.950504, -37.799659 ], [ -71.950504, -37.799658 ], [ -71.950504, -37.799654 ], [ -71.950504, -37.799646 ], [ -71.950505, -37.799639 ], [ -71.950506, -37.799631 ], [ -71.950507, -37.799627 ], [ -71.950509, -37.799622 ], [ -71.950511, -37.799614 ], [ -71.950514, -37.799604 ], [ -71.950515, -37.799603 ], [ -71.950519, -37.799596 ], [ -71.950523, -37.799587 ], [ -71.950528, -37.799581 ], [ -71.950530, -37.799577 ], [ -71.950531, -37.799576 ], [ -71.950522, -37.799563 ], [ -71.950521, -37.799562 ], [ -71.950515, -37.799554 ], [ -71.950513, -37.799552 ], [ -71.950508, -37.799544 ], [ -71.950505, -37.799539 ], [ -71.950500, -37.799531 ], [ -71.950497, -37.799524 ], [ -71.950496, -37.799523 ], [ -71.950493, -37.799515 ], [ -71.950489, -37.799505 ], [ -71.950487, -37.799498 ], [ -71.950486, -37.799494 ], [ -71.950486, -37.799490 ], [ -71.950484, -37.799483 ], [ -71.950484, -37.799475 ], [ -71.950483, -37.799468 ], [ -71.950483, -37.799464 ], [ -71.950483, -37.799461 ], [ -71.950484, -37.799453 ], [ -71.950485, -37.799446 ], [ -71.950486, -37.799439 ], [ -71.950486, -37.799435 ], [ -71.950487, -37.799431 ], [ -71.950489, -37.799425 ], [ -71.950492, -37.799416 ], [ -71.950495, -37.799409 ], [ -71.950496, -37.799406 ], [ -71.950499, -37.799399 ], [ -71.950503, -37.799393 ], [ -71.950490, -37.799385 ], [ -71.950475, -37.799375 ], [ -71.950462, -37.799363 ], [ -71.950450, -37.799351 ], [ -71.950439, -37.799337 ], [ -71.950430, -37.799323 ], [ -71.950423, -37.799309 ], [ -71.950417, -37.799294 ], [ -71.950412, -37.799279 ], [ -71.950410, -37.799263 ], [ -71.950409, -37.799247 ], [ -71.950410, -37.799232 ], [ -71.950412, -37.799216 ], [ -71.950417, -37.799201 ], [ -71.950423, -37.799186 ], [ -71.950425, -37.799180 ], [ -71.950428, -37.799175 ], [ -71.950433, -37.799166 ], [ -71.950437, -37.799159 ], [ -71.950441, -37.799152 ], [ -71.950453, -37.799134 ], [ -71.950453, -37.799133 ], [ -71.950454, -37.799131 ], [ -71.950455, -37.799130 ], [ -71.950456, -37.799128 ], [ -71.950462, -37.799115 ], [ -71.950462, -37.799113 ], [ -71.950467, -37.799105 ], [ -71.950471, -37.799097 ], [ -71.950479, -37.799083 ], [ -71.950484, -37.799075 ], [ -71.950488, -37.799070 ], [ -71.950492, -37.799064 ], [ -71.950498, -37.799057 ], [ -71.950505, -37.799049 ], [ -71.950511, -37.799042 ], [ -71.950516, -37.799037 ], [ -71.950522, -37.799030 ], [ -71.950528, -37.799024 ], [ -71.950542, -37.799011 ], [ -71.950543, -37.799009 ], [ -71.950545, -37.799008 ], [ -71.950550, -37.799003 ], [ -71.950552, -37.799001 ], [ -71.950555, -37.798999 ], [ -71.950570, -37.798986 ], [ -71.950573, -37.798982 ], [ -71.950588, -37.798970 ], [ -71.950592, -37.798966 ], [ -71.950600, -37.798960 ], [ -71.950604, -37.798957 ], [ -71.950612, -37.798951 ], [ -71.950617, -37.798947 ], [ -71.950625, -37.798941 ], [ -71.950632, -37.798937 ], [ -71.950634, -37.798935 ], [ -71.950642, -37.798930 ], [ -71.950654, -37.798923 ], [ -71.950663, -37.798918 ], [ -71.950677, -37.798910 ], [ -71.950686, -37.798906 ], [ -71.950690, -37.798904 ], [ -71.950697, -37.798901 ], [ -71.950706, -37.798897 ], [ -71.950714, -37.798894 ], [ -71.950733, -37.798887 ], [ -71.950735, -37.798886 ], [ -71.950737, -37.798885 ], [ -71.950743, -37.798883 ], [ -71.950746, -37.798881 ], [ -71.950755, -37.798877 ], [ -71.950766, -37.798872 ], [ -71.950772, -37.798869 ], [ -71.950777, -37.798867 ], [ -71.950796, -37.798851 ], [ -71.950799, -37.798848 ], [ -71.950806, -37.798842 ], [ -71.950809, -37.798839 ], [ -71.950816, -37.798833 ], [ -71.950822, -37.798829 ], [ -71.950829, -37.798823 ], [ -71.950834, -37.798820 ], [ -71.950842, -37.798814 ], [ -71.950846, -37.798811 ], [ -71.950854, -37.798806 ], [ -71.950857, -37.798803 ], [ -71.950858, -37.798803 ], [ -71.950860, -37.798800 ], [ -71.950888, -37.798768 ], [ -71.950925, -37.798744 ], [ -71.950959, -37.798733 ], [ -71.950965, -37.798722 ], [ -71.950968, -37.798719 ], [ -71.950973, -37.798711 ], [ -71.950976, -37.798707 ], [ -71.950977, -37.798705 ], [ -71.950983, -37.798698 ], [ -71.950991, -37.798687 ], [ -71.950997, -37.798681 ], [ -71.951010, -37.798667 ], [ -71.951012, -37.798666 ], [ -71.951018, -37.798660 ], [ -71.951030, -37.798649 ], [ -71.951043, -37.798640 ], [ -71.951051, -37.798635 ], [ -71.951067, -37.798625 ], [ -71.951083, -37.798617 ], [ -71.951086, -37.798616 ], [ -71.951093, -37.798612 ], [ -71.951107, -37.798607 ], [ -71.951122, -37.798602 ], [ -71.951129, -37.798599 ], [ -71.951134, -37.798598 ], [ -71.951150, -37.798594 ], [ -71.951158, -37.798592 ], [ -71.951170, -37.798590 ], [ -71.951179, -37.798588 ], [ -71.951184, -37.798587 ], [ -71.951199, -37.798585 ], [ -71.951201, -37.798584 ], [ -71.951216, -37.798581 ], [ -71.951228, -37.798579 ], [ -71.951237, -37.798578 ], [ -71.951244, -37.798577 ], [ -71.951259, -37.798575 ], [ -71.951269, -37.798574 ], [ -71.951287, -37.798573 ], [ -71.951297, -37.798573 ], [ -71.951303, -37.798573 ], [ -71.951310, -37.798573 ], [ -71.951321, -37.798573 ], [ -71.951330, -37.798574 ], [ -71.951341, -37.798574 ], [ -71.951347, -37.798575 ], [ -71.951358, -37.798576 ], [ -71.951364, -37.798576 ], [ -71.951385, -37.798578 ], [ -71.951389, -37.798579 ], [ -71.951405, -37.798581 ], [ -71.951410, -37.798578 ], [ -71.951455, -37.798569 ], [ -71.951469, -37.798565 ], [ -71.951473, -37.798564 ], [ -71.951482, -37.798560 ], [ -71.951492, -37.798556 ], [ -71.951501, -37.798553 ], [ -71.951511, -37.798550 ], [ -71.951518, -37.798548 ], [ -71.951528, -37.798544 ], [ -71.951532, -37.798543 ], [ -71.951534, -37.798543 ], [ -71.951544, -37.798540 ], [ -71.951549, -37.798539 ], [ -71.951559, -37.798536 ], [ -71.951566, -37.798534 ], [ -71.951586, -37.798529 ], [ -71.951594, -37.798528 ], [ -71.951605, -37.798526 ], [ -71.951612, -37.798524 ], [ -71.951613, -37.798524 ], [ -71.951622, -37.798522 ], [ -71.951632, -37.798521 ], [ -71.951643, -37.798519 ], [ -71.951653, -37.798518 ], [ -71.951656, -37.798518 ], [ -71.951666, -37.798517 ], [ -71.951686, -37.798515 ], [ -71.951696, -37.798515 ], [ -71.951703, -37.798515 ], [ -71.951723, -37.798516 ], [ -71.951733, -37.798516 ], [ -71.951753, -37.798518 ], [ -71.951765, -37.798521 ], [ -71.951774, -37.798522 ], [ -71.951798, -37.798528 ], [ -71.951799, -37.798528 ], [ -71.951813, -37.798524 ], [ -71.951864, -37.798508 ], [ -71.951909, -37.798498 ], [ -71.951959, -37.798496 ], [ -71.952008, -37.798497 ], [ -71.952100, -37.798464 ], [ -71.952145, -37.798447 ], [ -71.952182, -37.798423 ], [ -71.952220, -37.798399 ], [ -71.952261, -37.798375 ], [ -71.952303, -37.798351 ], [ -71.952344, -37.798334 ], [ -71.952385, -37.798317 ], [ -71.952431, -37.798308 ], [ -71.952476, -37.798302 ], [ -71.952526, -37.798299 ], [ -71.952575, -37.798301 ], [ -71.952629, -37.798302 ], [ -71.952641, -37.798302 ], [ -71.952645, -37.798297 ], [ -71.952649, -37.798292 ], [ -71.952655, -37.798285 ], [ -71.952661, -37.798279 ], [ -71.952667, -37.798272 ], [ -71.952674, -37.798266 ], [ -71.952676, -37.798264 ], [ -71.952683, -37.798258 ], [ -71.952697, -37.798246 ], [ -71.952704, -37.798241 ], [ -71.952716, -37.798232 ], [ -71.952725, -37.798226 ], [ -71.952733, -37.798221 ], [ -71.952756, -37.798209 ], [ -71.952760, -37.798207 ], [ -71.952767, -37.798204 ], [ -71.952786, -37.798197 ], [ -71.952793, -37.798194 ], [ -71.952804, -37.798191 ], [ -71.952814, -37.798188 ], [ -71.952819, -37.798187 ], [ -71.952822, -37.798186 ], [ -71.952825, -37.798183 ], [ -71.952839, -37.798176 ], [ -71.952855, -37.798168 ], [ -71.952910, -37.798138 ], [ -71.952915, -37.798135 ], [ -71.952933, -37.798125 ], [ -71.952940, -37.798122 ], [ -71.952949, -37.798117 ], [ -71.952954, -37.798115 ], [ -71.952957, -37.798114 ], [ -71.952966, -37.798110 ], [ -71.952977, -37.798105 ], [ -71.952987, -37.798101 ], [ -71.953002, -37.798096 ], [ -71.953012, -37.798093 ], [ -71.953020, -37.798090 ], [ -71.953031, -37.798087 ], [ -71.953040, -37.798085 ], [ -71.953056, -37.798082 ], [ -71.953059, -37.798081 ], [ -71.953066, -37.798080 ], [ -71.953078, -37.798078 ], [ -71.953089, -37.798076 ], [ -71.953097, -37.798075 ], [ -71.953098, -37.798075 ], [ -71.953107, -37.798074 ], [ -71.953113, -37.798073 ], [ -71.953124, -37.798072 ], [ -71.953129, -37.798072 ], [ -71.953151, -37.798071 ], [ -71.953155, -37.798070 ], [ -71.953208, -37.798067 ], [ -71.953226, -37.798066 ], [ -71.953229, -37.798057 ], [ -71.953230, -37.798054 ], [ -71.953236, -37.798038 ], [ -71.953239, -37.798032 ], [ -71.953242, -37.798024 ], [ -71.953243, -37.798021 ], [ -71.953245, -37.798018 ], [ -71.953249, -37.798010 ], [ -71.953253, -37.798002 ], [ -71.953257, -37.797994 ], [ -71.953265, -37.797982 ], [ -71.953270, -37.797975 ], [ -71.953273, -37.797971 ], [ -71.953282, -37.797959 ], [ -71.953288, -37.797953 ], [ -71.953301, -37.797939 ], [ -71.953305, -37.797935 ], [ -71.953312, -37.797929 ], [ -71.953319, -37.797923 ], [ -71.953323, -37.797920 ], [ -71.953325, -37.797919 ], [ -71.953326, -37.797917 ], [ -71.953327, -37.797916 ], [ -71.953332, -37.797905 ], [ -71.953336, -37.797898 ], [ -71.953340, -37.797892 ], [ -71.953348, -37.797880 ], [ -71.953352, -37.797874 ], [ -71.953367, -37.797856 ], [ -71.953373, -37.797850 ], [ -71.953380, -37.797843 ], [ -71.953387, -37.797836 ], [ -71.953394, -37.797831 ], [ -71.953405, -37.797822 ], [ -71.953412, -37.797817 ], [ -71.953419, -37.797811 ], [ -71.953427, -37.797806 ], [ -71.953429, -37.797805 ], [ -71.953431, -37.797803 ], [ -71.953452, -37.797790 ], [ -71.953454, -37.797789 ], [ -71.953456, -37.797787 ], [ -71.953460, -37.797784 ], [ -71.953462, -37.797783 ], [ -71.953466, -37.797779 ], [ -71.953492, -37.797757 ], [ -71.953495, -37.797754 ], [ -71.953510, -37.797741 ], [ -71.953516, -37.797736 ], [ -71.953524, -37.797730 ], [ -71.953531, -37.797725 ], [ -71.953539, -37.797719 ], [ -71.953545, -37.797716 ], [ -71.953550, -37.797712 ], [ -71.953559, -37.797707 ], [ -71.953574, -37.797698 ], [ -71.953583, -37.797693 ], [ -71.953594, -37.797688 ], [ -71.953603, -37.797684 ], [ -71.953610, -37.797681 ], [ -71.953612, -37.797673 ], [ -71.953615, -37.797665 ], [ -71.953622, -37.797648 ], [ -71.953625, -37.797640 ], [ -71.953631, -37.797628 ], [ -71.953635, -37.797621 ], [ -71.953640, -37.797613 ], [ -71.953645, -37.797605 ], [ -71.953648, -37.797601 ], [ -71.953647, -37.797598 ], [ -71.953644, -37.797590 ], [ -71.953642, -37.797582 ], [ -71.953641, -37.797574 ], [ -71.953638, -37.797562 ], [ -71.953637, -37.797554 ], [ -71.953636, -37.797535 ], [ -71.953636, -37.797527 ], [ -71.953637, -37.797513 ], [ -71.953639, -37.797499 ], [ -71.953640, -37.797492 ], [ -71.953641, -37.797488 ], [ -71.953645, -37.797472 ], [ -71.953651, -37.797458 ], [ -71.953654, -37.797451 ], [ -71.953661, -37.797437 ], [ -71.953669, -37.797424 ], [ -71.953674, -37.797418 ], [ -71.953675, -37.797416 ], [ -71.953689, -37.797399 ], [ -71.953694, -37.797393 ], [ -71.953704, -37.797384 ], [ -71.953708, -37.797380 ], [ -71.953715, -37.797374 ], [ -71.953728, -37.797363 ], [ -71.953735, -37.797358 ], [ -71.953745, -37.797350 ], [ -71.953749, -37.797348 ], [ -71.953756, -37.797343 ], [ -71.953774, -37.797333 ], [ -71.953782, -37.797329 ], [ -71.953793, -37.797323 ], [ -71.953805, -37.797319 ], [ -71.953813, -37.797315 ], [ -71.953838, -37.797307 ], [ -71.953845, -37.797305 ], [ -71.953854, -37.797302 ], [ -71.953869, -37.797299 ], [ -71.953885, -37.797296 ], [ -71.953896, -37.797295 ], [ -71.953905, -37.797294 ], [ -71.953933, -37.797293 ], [ -71.953936, -37.797278 ], [ -71.953937, -37.797270 ], [ -71.953943, -37.797251 ], [ -71.953946, -37.797243 ], [ -71.953951, -37.797232 ], [ -71.953955, -37.797224 ], [ -71.953958, -37.797216 ], [ -71.953967, -37.797202 ], [ -71.953971, -37.797195 ], [ -71.953976, -37.797189 ], [ -71.953978, -37.797186 ], [ -71.953983, -37.797179 ], [ -71.953987, -37.797175 ], [ -71.953988, -37.797157 ], [ -71.953994, -37.797118 ], [ -71.954009, -37.797083 ], [ -71.954011, -37.797080 ], [ -71.954009, -37.797071 ], [ -71.954008, -37.797069 ], [ -71.954006, -37.797058 ], [ -71.954003, -37.797042 ], [ -71.954002, -37.797026 ], [ -71.954003, -37.797010 ], [ -71.954005, -37.796995 ], [ -71.954010, -37.796980 ], [ -71.954016, -37.796965 ], [ -71.954023, -37.796950 ], [ -71.954032, -37.796936 ], [ -71.954043, -37.796923 ], [ -71.954055, -37.796910 ], [ -71.954069, -37.796899 ], [ -71.954083, -37.796888 ], [ -71.954099, -37.796879 ], [ -71.954112, -37.796872 ], [ -71.954113, -37.796853 ], [ -71.954097, -37.796828 ], [ -71.954091, -37.796820 ], [ -71.954061, -37.796787 ], [ -71.954040, -37.796755 ], [ -71.954037, -37.796715 ], [ -71.954039, -37.796676 ], [ -71.954036, -37.796636 ], [ -71.954028, -37.796600 ], [ -71.954012, -37.796565 ], [ -71.953918, -37.796637 ], [ -71.953805, -37.796850 ], [ -71.953719, -37.797184 ], [ -71.953718, -37.797188 ], [ -71.953593, -37.797438 ], [ -71.953591, -37.797441 ], [ -71.953589, -37.797444 ], [ -71.953586, -37.797447 ], [ -71.953325, -37.797664 ], [ -71.953321, -37.797666 ], [ -71.953320, -37.797668 ], [ -71.953068, -37.797804 ], [ -71.953067, -37.797804 ], [ -71.952373, -37.798158 ], [ -71.952372, -37.798159 ] ] ] } }
,
{ "type": "Feature", "properties": { "OBJECTID": "734201", "NUMESCENAR": "911", "TIPOUSO": "PIRA", "TIPO_USO": "094", "NOM_TIPUSO": "PINO RADIATA", "APL": "2008,2009", "TEMPORADA": "VE2026", "NUM_ACTA": "2074455", "ZONA": "Chillán", "ID_AREA": "11", "NOM_AREA": "Canteras del Laja", "INTERVENCI": "COSECHA", "CODIGO": "21391", "NOM_PREDIO": "SAN ANTONIO 2", "UNIDAD": "COSECHA", "CS_EMSEFOR": "3.28300000000e+03", "ID_EMSEFOR": "", "EMSEFOR": "FORESTAL MILLALEMU Y CIA.LTDA.", "FAENA": "SK.Huinche", "SUPERVISOR": "DE LA CRUZ FRANCISCO", "ID_RESPON": "", "NOM_RESPON": "", "EQUIPO_MAD": "SKHU", "FCH_LIBERA": "16-01-2026", "FCH_CIERRE": "", "EST_MADERA": "Verde", "SUPERFICIE": "1.66332607070e+02", "ESTADO": "3", "ID_TRA_INI": "", "ID_TRA_FIN": "", "Shape_Leng": "0.00000000000e+00", "Shape_Area": "0.00000000000e+00", "CLOSED": "YES", "BORDER_STYLE": "Solid", "BORDER_COLOR": "RGB(255,255,255)", "BORDER_WIDTH": "4", "FILL_STYLE": "No Fill", "MOD_DATE": "09-02-2026" }, "geometry": { "type": "Polygon", "coordinates": [ [ [ -71.949305, -37.794393 ], [ -71.949303, -37.794436 ], [ -71.949301, -37.794479 ], [ -71.949299, -37.794529 ], [ -71.949307, -37.794565 ], [ -71.949295, -37.794615 ], [ -71.949294, -37.794658 ], [ -71.949274, -37.794693 ], [ -71.949264, -37.794728 ], [ -71.949244, -37.794764 ], [ -71.949225, -37.794782 ], [ -71.949225, -37.794784 ], [ -71.949229, -37.794792 ], [ -71.949232, -37.794801 ], [ -71.949234, -37.794809 ], [ -71.949235, -37.794813 ], [ -71.949236, -37.794818 ], [ -71.949237, -37.794826 ], [ -71.949238, -37.794833 ], [ -71.949238, -37.794842 ], [ -71.949239, -37.794845 ], [ -71.949239, -37.794849 ], [ -71.949238, -37.794857 ], [ -71.949237, -37.794864 ], [ -71.949237, -37.794868 ], [ -71.949236, -37.794872 ], [ -71.949235, -37.794877 ], [ -71.949234, -37.794882 ], [ -71.949232, -37.794889 ], [ -71.949228, -37.794899 ], [ -71.949227, -37.794902 ], [ -71.949224, -37.794908 ], [ -71.949220, -37.794914 ], [ -71.949216, -37.794920 ], [ -71.949212, -37.794926 ], [ -71.949207, -37.794931 ], [ -71.949200, -37.794939 ], [ -71.949195, -37.794944 ], [ -71.949188, -37.794948 ], [ -71.949183, -37.794952 ], [ -71.949182, -37.794953 ], [ -71.949181, -37.794991 ], [ -71.949170, -37.795026 ], [ -71.949151, -37.795062 ], [ -71.949131, -37.795097 ], [ -71.949094, -37.795132 ], [ -71.949074, -37.795167 ], [ -71.949064, -37.795202 ], [ -71.949054, -37.795238 ], [ -71.949042, -37.795288 ], [ -71.949032, -37.795323 ], [ -71.949022, -37.795359 ], [ -71.949011, -37.795394 ], [ -71.948983, -37.795429 ], [ -71.948954, -37.795464 ], [ -71.948917, -37.795492 ], [ -71.948872, -37.795511 ], [ -71.948870, -37.795515 ], [ -71.948868, -37.795518 ], [ -71.948860, -37.795530 ], [ -71.948858, -37.795534 ], [ -71.948854, -37.795541 ], [ -71.948851, -37.795545 ], [ -71.948848, -37.795549 ], [ -71.948842, -37.795556 ], [ -71.948834, -37.795564 ], [ -71.948831, -37.795567 ], [ -71.948824, -37.795573 ], [ -71.948819, -37.795577 ], [ -71.948814, -37.795581 ], [ -71.948806, -37.795586 ], [ -71.948805, -37.795586 ], [ -71.948799, -37.795590 ], [ -71.948798, -37.795591 ], [ -71.948790, -37.795595 ], [ -71.948785, -37.795598 ], [ -71.948776, -37.795602 ], [ -71.948775, -37.795603 ], [ -71.948768, -37.795610 ], [ -71.948748, -37.795645 ], [ -71.948729, -37.795680 ], [ -71.948709, -37.795715 ], [ -71.948699, -37.795751 ], [ -71.948688, -37.795786 ], [ -71.948687, -37.795829 ], [ -71.948676, -37.795865 ], [ -71.948684, -37.795901 ], [ -71.948682, -37.795943 ], [ -71.948689, -37.795987 ], [ -71.948697, -37.796022 ], [ -71.948701, -37.796144 ], [ -71.948700, -37.796158 ], [ -71.948690, -37.796194 ], [ -71.948697, -37.796230 ], [ -71.948705, -37.796266 ], [ -71.948712, -37.796302 ], [ -71.948720, -37.796338 ], [ -71.948718, -37.796381 ], [ -71.948716, -37.796423 ], [ -71.948706, -37.796459 ], [ -71.948686, -37.796494 ], [ -71.948658, -37.796529 ], [ -71.948629, -37.796564 ], [ -71.948601, -37.796599 ], [ -71.948564, -37.796627 ], [ -71.948527, -37.796655 ], [ -71.948489, -37.796682 ], [ -71.948452, -37.796710 ], [ -71.948415, -37.796737 ], [ -71.948369, -37.796758 ], [ -71.948323, -37.796771 ], [ -71.948278, -37.796791 ], [ -71.948232, -37.796797 ], [ -71.948187, -37.796803 ], [ -71.948160, -37.796802 ], [ -71.948133, -37.796802 ], [ -71.948079, -37.796800 ], [ -71.948034, -37.796806 ], [ -71.947988, -37.796812 ], [ -71.947943, -37.796825 ], [ -71.947897, -37.796838 ], [ -71.947851, -37.796859 ], [ -71.947805, -37.796879 ], [ -71.947759, -37.796899 ], [ -71.947713, -37.796920 ], [ -71.947667, -37.796947 ], [ -71.947621, -37.796967 ], [ -71.947566, -37.796994 ], [ -71.947502, -37.797028 ], [ -71.947456, -37.797049 ], [ -71.947410, -37.797069 ], [ -71.947364, -37.797089 ], [ -71.947318, -37.797110 ], [ -71.947273, -37.797123 ], [ -71.947227, -37.797136 ], [ -71.947181, -37.797149 ], [ -71.947136, -37.797162 ], [ -71.947109, -37.797174 ], [ -71.947090, -37.797182 ], [ -71.947044, -37.797195 ], [ -71.946998, -37.797216 ], [ -71.946952, -37.797236 ], [ -71.946915, -37.797264 ], [ -71.946878, -37.797291 ], [ -71.946844, -37.797316 ], [ -71.946834, -37.797349 ], [ -71.946833, -37.797351 ], [ -71.946828, -37.797368 ], [ -71.946827, -37.797369 ], [ -71.946824, -37.797378 ], [ -71.946823, -37.797380 ], [ -71.946820, -37.797388 ], [ -71.946819, -37.797390 ], [ -71.946815, -37.797399 ], [ -71.946815, -37.797400 ], [ -71.946814, -37.797402 ], [ -71.946810, -37.797410 ], [ -71.946807, -37.797415 ], [ -71.946802, -37.797422 ], [ -71.946799, -37.797428 ], [ -71.946794, -37.797435 ], [ -71.946793, -37.797437 ], [ -71.946791, -37.797439 ], [ -71.946786, -37.797446 ], [ -71.946784, -37.797448 ], [ -71.946778, -37.797455 ], [ -71.946776, -37.797457 ], [ -71.946753, -37.797483 ], [ -71.946749, -37.797488 ], [ -71.946746, -37.797491 ], [ -71.946744, -37.797494 ], [ -71.946744, -37.797495 ], [ -71.946743, -37.797496 ], [ -71.946742, -37.797499 ], [ -71.946741, -37.797503 ], [ -71.946739, -37.797508 ], [ -71.946736, -37.797522 ], [ -71.946727, -37.797572 ], [ -71.946727, -37.797573 ], [ -71.946723, -37.797590 ], [ -71.946723, -37.797591 ], [ -71.946723, -37.797592 ], [ -71.946721, -37.797600 ], [ -71.946720, -37.797603 ], [ -71.946718, -37.797611 ], [ -71.946717, -37.797615 ], [ -71.946714, -37.797623 ], [ -71.946713, -37.797627 ], [ -71.946709, -37.797635 ], [ -71.946708, -37.797639 ], [ -71.946706, -37.797642 ], [ -71.946703, -37.797649 ], [ -71.946698, -37.797657 ], [ -71.946696, -37.797661 ], [ -71.946693, -37.797664 ], [ -71.946691, -37.797667 ], [ -71.946689, -37.797670 ], [ -71.946686, -37.797674 ], [ -71.946684, -37.797677 ], [ -71.946682, -37.797680 ], [ -71.946672, -37.797691 ], [ -71.946666, -37.797700 ], [ -71.946666, -37.797701 ], [ -71.946664, -37.797705 ], [ -71.946657, -37.797725 ], [ -71.946655, -37.797727 ], [ -71.946651, -37.797737 ], [ -71.946651, -37.797738 ], [ -71.946649, -37.797742 ], [ -71.946645, -37.797750 ], [ -71.946640, -37.797758 ], [ -71.946636, -37.797764 ], [ -71.946635, -37.797765 ], [ -71.946628, -37.797773 ], [ -71.946625, -37.797777 ], [ -71.946620, -37.797781 ], [ -71.946614, -37.797787 ], [ -71.946606, -37.797792 ], [ -71.946596, -37.797799 ], [ -71.946595, -37.797799 ], [ -71.946442, -37.797881 ], [ -71.946413, -37.797896 ], [ -71.946397, -37.797905 ], [ -71.946390, -37.797909 ], [ -71.946384, -37.797913 ], [ -71.946379, -37.797916 ], [ -71.946376, -37.797918 ], [ -71.946375, -37.797919 ], [ -71.946373, -37.797923 ], [ -71.946362, -37.797944 ], [ -71.946360, -37.797947 ], [ -71.946356, -37.797954 ], [ -71.946353, -37.797958 ], [ -71.946349, -37.797965 ], [ -71.946348, -37.797965 ], [ -71.946335, -37.798002 ], [ -71.946328, -37.798040 ], [ -71.946308, -37.798073 ], [ -71.946277, -37.798100 ], [ -71.946234, -37.798123 ], [ -71.946197, -37.798146 ], [ -71.946155, -37.798159 ], [ -71.946106, -37.798167 ], [ -71.946063, -37.798190 ], [ -71.946026, -37.798213 ], [ -71.945989, -37.798236 ], [ -71.945952, -37.798259 ], [ -71.945921, -37.798287 ], [ -71.945890, -37.798314 ], [ -71.945858, -37.798357 ], [ -71.945827, -37.798389 ], [ -71.945796, -37.798417 ], [ -71.945789, -37.798422 ], [ -71.945862, -37.798408 ], [ -71.946141, -37.798303 ], [ -71.946145, -37.798302 ], [ -71.946146, -37.798302 ], [ -71.946450, -37.798229 ], [ -71.946454, -37.798228 ], [ -71.946700, -37.798199 ], [ -71.946701, -37.798199 ], [ -71.947115, -37.798159 ], [ -71.947119, -37.798159 ], [ -71.947206, -37.798157 ], [ -71.947207, -37.798148 ], [ -71.947212, -37.798112 ], [ -71.947221, -37.798083 ], [ -71.947244, -37.798073 ], [ -71.947270, -37.798077 ], [ -71.947295, -37.798088 ], [ -71.947328, -37.798112 ], [ -71.947383, -37.798134 ], [ -71.947412, -37.798136 ], [ -71.947456, -37.798130 ], [ -71.947486, -37.798128 ], [ -71.947521, -37.798110 ], [ -71.947556, -37.798078 ], [ -71.947594, -37.798038 ], [ -71.947600, -37.798010 ], [ -71.947597, -37.797985 ], [ -71.947580, -37.797943 ], [ -71.947562, -37.797912 ], [ -71.947510, -37.797887 ], [ -71.947494, -37.797864 ], [ -71.947511, -37.797841 ], [ -71.947545, -37.797832 ], [ -71.947569, -37.797831 ], [ -71.947602, -37.797845 ], [ -71.947635, -37.797888 ], [ -71.947635, -37.797916 ], [ -71.947646, -37.797939 ], [ -71.947662, -37.797942 ], [ -71.947673, -37.797937 ], [ -71.947700, -37.797915 ], [ -71.947739, -37.797884 ], [ -71.947776, -37.797854 ], [ -71.947811, -37.797827 ], [ -71.947855, -37.797792 ], [ -71.947902, -37.797735 ], [ -71.947921, -37.797715 ], [ -71.947914, -37.797675 ], [ -71.947891, -37.797648 ], [ -71.947822, -37.797607 ], [ -71.947776, -37.797586 ], [ -71.947731, -37.797575 ], [ -71.947659, -37.797553 ], [ -71.947620, -37.797530 ], [ -71.947583, -37.797519 ], [ -71.947564, -37.797545 ], [ -71.947566, -37.797581 ], [ -71.947574, -37.797602 ], [ -71.947603, -37.797641 ], [ -71.947595, -37.797671 ], [ -71.947559, -37.797691 ], [ -71.947481, -37.797688 ], [ -71.947417, -37.797665 ], [ -71.947335, -37.797637 ], [ -71.947334, -37.797606 ], [ -71.947362, -37.797584 ], [ -71.947416, -37.797562 ], [ -71.947461, -37.797523 ], [ -71.947488, -37.797485 ], [ -71.947548, -37.797469 ], [ -71.947612, -37.797464 ], [ -71.947663, -37.797468 ], [ -71.947716, -37.797488 ], [ -71.947766, -37.797520 ], [ -71.947806, -37.797549 ], [ -71.947864, -37.797567 ], [ -71.947907, -37.797574 ], [ -71.947980, -37.797561 ], [ -71.948026, -37.797548 ], [ -71.948094, -37.797511 ], [ -71.948147, -37.797472 ], [ -71.948168, -37.797482 ], [ -71.948213, -37.797497 ], [ -71.948262, -37.797498 ], [ -71.948299, -37.797474 ], [ -71.948323, -37.797443 ], [ -71.948347, -37.797411 ], [ -71.948384, -37.797387 ], [ -71.948425, -37.797367 ], [ -71.948467, -37.797350 ], [ -71.948508, -37.797333 ], [ -71.948532, -37.797298 ], [ -71.948547, -37.797263 ], [ -71.948548, -37.797223 ], [ -71.948542, -37.797204 ], [ -71.948575, -37.797193 ], [ -71.948590, -37.797193 ], [ -71.948602, -37.797196 ], [ -71.948617, -37.797205 ], [ -71.948624, -37.797215 ], [ -71.948629, -37.797228 ], [ -71.948631, -37.797241 ], [ -71.948630, -37.797262 ], [ -71.948636, -37.797273 ], [ -71.948647, -37.797268 ], [ -71.948657, -37.797254 ], [ -71.948663, -37.797232 ], [ -71.948669, -37.797221 ], [ -71.948664, -37.797206 ], [ -71.948651, -37.797199 ], [ -71.948637, -37.797198 ], [ -71.948631, -37.797190 ], [ -71.948638, -37.797180 ], [ -71.948646, -37.797174 ], [ -71.948679, -37.797169 ], [ -71.948705, -37.797178 ], [ -71.948729, -37.797181 ], [ -71.948754, -37.797173 ], [ -71.948787, -37.797151 ], [ -71.948809, -37.797126 ], [ -71.948811, -37.797109 ], [ -71.948819, -37.797076 ], [ -71.948834, -37.797043 ], [ -71.948841, -37.797029 ], [ -71.948849, -37.797016 ], [ -71.948868, -37.796987 ], [ -71.948893, -37.796971 ], [ -71.948922, -37.796960 ], [ -71.948958, -37.796930 ], [ -71.948966, -37.796902 ], [ -71.948976, -37.796876 ], [ -71.948990, -37.796862 ], [ -71.949029, -37.796837 ], [ -71.949058, -37.796817 ], [ -71.949091, -37.796799 ], [ -71.949118, -37.796782 ], [ -71.949150, -37.796762 ], [ -71.949173, -37.796740 ], [ -71.949174, -37.796719 ], [ -71.949175, -37.796700 ], [ -71.949196, -37.796686 ], [ -71.949240, -37.796676 ], [ -71.949283, -37.796672 ], [ -71.949306, -37.796655 ], [ -71.949304, -37.796630 ], [ -71.949304, -37.796595 ], [ -71.949316, -37.796570 ], [ -71.949351, -37.796557 ], [ -71.949382, -37.796559 ], [ -71.949414, -37.796571 ], [ -71.949443, -37.796568 ], [ -71.949468, -37.796545 ], [ -71.949487, -37.796520 ], [ -71.949509, -37.796502 ], [ -71.949532, -37.796482 ], [ -71.949535, -37.796450 ], [ -71.949521, -37.796437 ], [ -71.949487, -37.796422 ], [ -71.949462, -37.796421 ], [ -71.949420, -37.796420 ], [ -71.949376, -37.796418 ], [ -71.949327, -37.796421 ], [ -71.949301, -37.796427 ], [ -71.949287, -37.796437 ], [ -71.949278, -37.796455 ], [ -71.949292, -37.796481 ], [ -71.949285, -37.796510 ], [ -71.949267, -37.796520 ], [ -71.949236, -37.796520 ], [ -71.949211, -37.796518 ], [ -71.949165, -37.796523 ], [ -71.949109, -37.796542 ], [ -71.949078, -37.796543 ], [ -71.949035, -37.796539 ], [ -71.949019, -37.796538 ], [ -71.948957, -37.796544 ], [ -71.948922, -37.796553 ], [ -71.948888, -37.796561 ], [ -71.948859, -37.796560 ], [ -71.948821, -37.796561 ], [ -71.948793, -37.796569 ], [ -71.948789, -37.796581 ], [ -71.948781, -37.796610 ], [ -71.948762, -37.796612 ], [ -71.948735, -37.796603 ], [ -71.948727, -37.796573 ], [ -71.948736, -37.796540 ], [ -71.948762, -37.796516 ], [ -71.948799, -37.796499 ], [ -71.948846, -37.796494 ], [ -71.948897, -37.796485 ], [ -71.948958, -37.796479 ], [ -71.948998, -37.796469 ], [ -71.949022, -37.796457 ], [ -71.949044, -37.796443 ], [ -71.949092, -37.796421 ], [ -71.949106, -37.796404 ], [ -71.949136, -37.796380 ], [ -71.949169, -37.796381 ], [ -71.949199, -37.796393 ], [ -71.949230, -37.796408 ], [ -71.949275, -37.796404 ], [ -71.949304, -37.796386 ], [ -71.949320, -37.796370 ], [ -71.949350, -37.796315 ], [ -71.949364, -37.796293 ], [ -71.949397, -37.796280 ], [ -71.949433, -37.796286 ], [ -71.949464, -37.796301 ], [ -71.949485, -37.796320 ], [ -71.949488, -37.796341 ], [ -71.949487, -37.796362 ], [ -71.949492, -37.796391 ], [ -71.949513, -37.796394 ], [ -71.949539, -37.796392 ], [ -71.949576, -37.796386 ], [ -71.949615, -37.796386 ], [ -71.949655, -37.796381 ], [ -71.949695, -37.796367 ], [ -71.949738, -37.796352 ], [ -71.949782, -37.796343 ], [ -71.949831, -37.796357 ], [ -71.949837, -37.796373 ], [ -71.949833, -37.796394 ], [ -71.949819, -37.796412 ], [ -71.949798, -37.796432 ], [ -71.949774, -37.796455 ], [ -71.949774, -37.796459 ], [ -71.950105, -37.796406 ], [ -71.950207, -37.796365 ], [ -71.950212, -37.796324 ], [ -71.950213, -37.796293 ], [ -71.950186, -37.796263 ], [ -71.950160, -37.796235 ], [ -71.950131, -37.796226 ], [ -71.950098, -37.796236 ], [ -71.950091, -37.796256 ], [ -71.950093, -37.796264 ], [ -71.950119, -37.796287 ], [ -71.950103, -37.796313 ], [ -71.950057, -37.796327 ], [ -71.949998, -37.796350 ], [ -71.949943, -37.796355 ], [ -71.949906, -37.796346 ], [ -71.949913, -37.796323 ], [ -71.949941, -37.796296 ], [ -71.949952, -37.796264 ], [ -71.949943, -37.796239 ], [ -71.949967, -37.796210 ], [ -71.950019, -37.796196 ], [ -71.950067, -37.796194 ], [ -71.950110, -37.796191 ], [ -71.950140, -37.796178 ], [ -71.950147, -37.796152 ], [ -71.950131, -37.796139 ], [ -71.950134, -37.796123 ], [ -71.950147, -37.796098 ], [ -71.950142, -37.796062 ], [ -71.950125, -37.796029 ], [ -71.950106, -37.796002 ], [ -71.950105, -37.795956 ], [ -71.950123, -37.795934 ], [ -71.950162, -37.795945 ], [ -71.950181, -37.795970 ], [ -71.950203, -37.795992 ], [ -71.950225, -37.796005 ], [ -71.950274, -37.796010 ], [ -71.950311, -37.796016 ], [ -71.950357, -37.796007 ], [ -71.950407, -37.796005 ], [ -71.950444, -37.795998 ], [ -71.950465, -37.796005 ], [ -71.950508, -37.796003 ], [ -71.950536, -37.795982 ], [ -71.950570, -37.795952 ], [ -71.950610, -37.795940 ], [ -71.950655, -37.795944 ], [ -71.950677, -37.795965 ], [ -71.950702, -37.796005 ], [ -71.950705, -37.796028 ], [ -71.950677, -37.796055 ], [ -71.950641, -37.796077 ], [ -71.950578, -37.796116 ], [ -71.950535, -37.796143 ], [ -71.950489, -37.796171 ], [ -71.950451, -37.796185 ], [ -71.950432, -37.796202 ], [ -71.950431, -37.796219 ], [ -71.950473, -37.796241 ], [ -71.950666, -37.796118 ], [ -71.950833, -37.796000 ], [ -71.950881, -37.795850 ], [ -71.950848, -37.795606 ], [ -71.950797, -37.795490 ], [ -71.950768, -37.795498 ], [ -71.950757, -37.795508 ], [ -71.950752, -37.795521 ], [ -71.950758, -37.795547 ], [ -71.950762, -37.795587 ], [ -71.950773, -37.795634 ], [ -71.950792, -37.795673 ], [ -71.950811, -37.795717 ], [ -71.950818, -37.795759 ], [ -71.950807, -37.795785 ], [ -71.950756, -37.795785 ], [ -71.950725, -37.795772 ], [ -71.950696, -37.795775 ], [ -71.950647, -37.795771 ], [ -71.950613, -37.795753 ], [ -71.950595, -37.795724 ], [ -71.950579, -37.795694 ], [ -71.950585, -37.795653 ], [ -71.950609, -37.795631 ], [ -71.950640, -37.795601 ], [ -71.950662, -37.795591 ], [ -71.950682, -37.795564 ], [ -71.950698, -37.795521 ], [ -71.950701, -37.795487 ], [ -71.950697, -37.795452 ], [ -71.950684, -37.795419 ], [ -71.950648, -37.795373 ], [ -71.950614, -37.795327 ], [ -71.950592, -37.795303 ], [ -71.950576, -37.795279 ], [ -71.950580, -37.795252 ], [ -71.950605, -37.795232 ], [ -71.950627, -37.795203 ], [ -71.950642, -37.795178 ], [ -71.950638, -37.795154 ], [ -71.950614, -37.795140 ], [ -71.950574, -37.795128 ], [ -71.950554, -37.795119 ], [ -71.950533, -37.795097 ], [ -71.950497, -37.795075 ], [ -71.950458, -37.795056 ], [ -71.950418, -37.795031 ], [ -71.950369, -37.795006 ], [ -71.950297, -37.794983 ], [ -71.950208, -37.794966 ], [ -71.950145, -37.794950 ], [ -71.950127, -37.794936 ], [ -71.950124, -37.794903 ], [ -71.950135, -37.794883 ], [ -71.950160, -37.794873 ], [ -71.950193, -37.794880 ], [ -71.950226, -37.794901 ], [ -71.950257, -37.794920 ], [ -71.950306, -37.794923 ], [ -71.950321, -37.794912 ], [ -71.950310, -37.794890 ], [ -71.950283, -37.794872 ], [ -71.950270, -37.794839 ], [ -71.950278, -37.794819 ], [ -71.950311, -37.794800 ], [ -71.950350, -37.794793 ], [ -71.950391, -37.794794 ], [ -71.950417, -37.794802 ], [ -71.950443, -37.794805 ], [ -71.950497, -37.794802 ], [ -71.950511, -37.794802 ], [ -71.950532, -37.794817 ], [ -71.950537, -37.794834 ], [ -71.950530, -37.794858 ], [ -71.950512, -37.794876 ], [ -71.950488, -37.794890 ], [ -71.950469, -37.794904 ], [ -71.950460, -37.794919 ], [ -71.950456, -37.794938 ], [ -71.950456, -37.794958 ], [ -71.950463, -37.794973 ], [ -71.950484, -37.794980 ], [ -71.950510, -37.794970 ], [ -71.950568, -37.794912 ], [ -71.950594, -37.794887 ], [ -71.950627, -37.794870 ], [ -71.950667, -37.794840 ], [ -71.950714, -37.794813 ], [ -71.950786, -37.794769 ], [ -71.950831, -37.794711 ], [ -71.950861, -37.794682 ], [ -71.950882, -37.794649 ], [ -71.950873, -37.794631 ], [ -71.950812, -37.794606 ], [ -71.950826, -37.794586 ], [ -71.950872, -37.794574 ], [ -71.950907, -37.794583 ], [ -71.950961, -37.794605 ], [ -71.950997, -37.794596 ], [ -71.951024, -37.794568 ], [ -71.951032, -37.794515 ], [ -71.951056, -37.794490 ], [ -71.951134, -37.794479 ], [ -71.951163, -37.794464 ], [ -71.951216, -37.794435 ], [ -71.951245, -37.794428 ], [ -71.951287, -37.794437 ], [ -71.951302, -37.794458 ], [ -71.951340, -37.794476 ], [ -71.951389, -37.794465 ], [ -71.951470, -37.794435 ], [ -71.951471, -37.794359 ], [ -71.951471, -37.794355 ], [ -71.951471, -37.794354 ], [ -71.951473, -37.794195 ], [ -71.951425, -37.793816 ], [ -71.951425, -37.793815 ], [ -71.951388, -37.793399 ], [ -71.951388, -37.793396 ], [ -71.951410, -37.792862 ], [ -71.951384, -37.792865 ], [ -71.949569, -37.793051 ], [ -71.949526, -37.793056 ], [ -71.949461, -37.793063 ], [ -71.949466, -37.793089 ], [ -71.949474, -37.793125 ], [ -71.949472, -37.793168 ], [ -71.949470, -37.793210 ], [ -71.949460, -37.793246 ], [ -71.949449, -37.793281 ], [ -71.949439, -37.793317 ], [ -71.949437, -37.793360 ], [ -71.949435, -37.793403 ], [ -71.949434, -37.793446 ], [ -71.949441, -37.793481 ], [ -71.949449, -37.793517 ], [ -71.949447, -37.793560 ], [ -71.949445, -37.793603 ], [ -71.949453, -37.793639 ], [ -71.949442, -37.793682 ], [ -71.949440, -37.793725 ], [ -71.949421, -37.793760 ], [ -71.949401, -37.793795 ], [ -71.949382, -37.793830 ], [ -71.949362, -37.793866 ], [ -71.949343, -37.793901 ], [ -71.949332, -37.793936 ], [ -71.949322, -37.793972 ], [ -71.949320, -37.794015 ], [ -71.949318, -37.794058 ], [ -71.949317, -37.794100 ], [ -71.949315, -37.794143 ], [ -71.949313, -37.794186 ], [ -71.949303, -37.794222 ], [ -71.949301, -37.794265 ], [ -71.949299, -37.794307 ], [ -71.949306, -37.794350 ], [ -71.949305, -37.794393 ] ] ] } }
,
{ "type": "Feature", "properties": { "OBJECTID": "734201", "NUMESCENAR": "911", "TIPOUSO": "PIRA", "TIPO_USO": "094", "NOM_TIPUSO": "PINO RADIATA", "APL": "2008,2009", "TEMPORADA": "VE2026", "NUM_ACTA": "2074455", "ZONA": "Chillán", "ID_AREA": "11", "NOM_AREA": "Canteras del Laja", "INTERVENCI": "COSECHA", "CODIGO": "21391", "NOM_PREDIO": "SAN ANTONIO 2", "UNIDAD": "COSECHA", "CS_EMSEFOR": "3.28300000000e+03", "ID_EMSEFOR": "", "EMSEFOR": "FORESTAL MILLALEMU Y CIA.LTDA.", "FAENA": "SK.Huinche", "SUPERVISOR": "DE LA CRUZ FRANCISCO", "ID_RESPON": "", "NOM_RESPON": "", "EQUIPO_MAD": "SKHU", "FCH_LIBERA": "16-01-2026", "FCH_CIERRE": "", "EST_MADERA": "Verde", "SUPERFICIE": "1.66332607070e+02", "ESTADO": "3", "ID_TRA_INI": "", "ID_TRA_FIN": "", "Shape_Leng": "0.00000000000e+00", "Shape_Area": "0.00000000000e+00", "CLOSED": "YES", "BORDER_STYLE": "Solid", "BORDER_COLOR": "RGB(255,255,255)", "BORDER_WIDTH": "4", "FILL_STYLE": "No Fill", "MOD_DATE": "09-02-2026" }, "geometry": { "type": "Polygon", "coordinates": [ [ [ -71.951170, -37.794759 ], [ -71.951311, -37.794788 ], [ -71.951375, -37.794783 ], [ -71.951419, -37.794805 ], [ -71.951453, -37.794835 ], [ -71.951488, -37.794864 ], [ -71.951533, -37.794873 ], [ -71.951578, -37.794881 ], [ -71.951622, -37.794889 ], [ -71.951667, -37.794905 ], [ -71.951702, -37.794934 ], [ -71.951737, -37.794964 ], [ -71.951762, -37.795000 ], [ -71.951797, -37.795030 ], [ -71.951813, -37.795066 ], [ -71.951830, -37.795102 ], [ -71.951838, -37.795138 ], [ -71.951836, -37.795181 ], [ -71.951834, -37.795224 ], [ -71.951824, -37.795259 ], [ -71.951804, -37.795295 ], [ -71.951793, -37.795315 ], [ -71.951783, -37.795360 ], [ -71.951770, -37.795407 ], [ -71.951756, -37.795450 ], [ -71.951747, -37.795475 ], [ -71.951736, -37.795497 ], [ -71.951723, -37.795516 ], [ -71.951708, -37.795532 ], [ -71.951692, -37.795547 ], [ -71.951674, -37.795562 ], [ -71.951656, -37.795574 ], [ -71.951642, -37.795581 ], [ -71.951625, -37.795587 ], [ -71.951607, -37.795591 ], [ -71.951587, -37.795593 ], [ -71.951543, -37.795594 ], [ -71.951461, -37.795590 ], [ -71.951428, -37.795589 ], [ -71.951401, -37.795589 ], [ -71.951377, -37.795592 ], [ -71.951355, -37.795597 ], [ -71.951316, -37.795609 ], [ -71.951295, -37.795617 ], [ -71.951268, -37.795629 ], [ -71.951250, -37.795639 ], [ -71.951232, -37.795653 ], [ -71.951182, -37.795703 ], [ -71.951164, -37.795718 ], [ -71.951148, -37.795730 ], [ -71.951131, -37.795739 ], [ -71.951088, -37.795754 ], [ -71.951041, -37.795763 ], [ -71.950991, -37.795767 ], [ -71.950938, -37.795765 ], [ -71.950939, -37.795775 ], [ -71.950950, -37.795849 ], [ -71.950950, -37.795852 ], [ -71.950949, -37.795855 ], [ -71.950949, -37.795858 ], [ -71.950897, -37.796021 ], [ -71.950895, -37.796025 ], [ -71.950893, -37.796029 ], [ -71.950890, -37.796032 ], [ -71.950886, -37.796035 ], [ -71.950710, -37.796159 ], [ -71.950709, -37.796160 ], [ -71.950534, -37.796272 ], [ -71.950553, -37.796285 ], [ -71.950581, -37.796315 ], [ -71.950602, -37.796352 ], [ -71.950601, -37.796393 ], [ -71.950584, -37.796429 ], [ -71.950546, -37.796452 ], [ -71.950507, -37.796474 ], [ -71.950461, -37.796491 ], [ -71.950416, -37.796502 ], [ -71.950370, -37.796513 ], [ -71.950326, -37.796500 ], [ -71.950322, -37.796492 ], [ -71.950305, -37.796463 ], [ -71.950276, -37.796427 ], [ -71.950266, -37.796402 ], [ -71.950132, -37.796456 ], [ -71.950127, -37.796457 ], [ -71.950124, -37.796458 ], [ -71.949748, -37.796519 ], [ -71.949453, -37.796650 ], [ -71.949170, -37.796868 ], [ -71.948965, -37.797074 ], [ -71.948933, -37.797118 ], [ -71.949021, -37.797193 ], [ -71.949064, -37.797224 ], [ -71.949055, -37.797271 ], [ -71.949046, -37.797307 ], [ -71.949014, -37.797342 ], [ -71.948976, -37.797370 ], [ -71.948930, -37.797387 ], [ -71.948884, -37.797410 ], [ -71.948860, -37.797445 ], [ -71.948851, -37.797480 ], [ -71.948827, -37.797516 ], [ -71.948796, -37.797551 ], [ -71.948757, -37.797573 ], [ -71.948712, -37.797584 ], [ -71.948667, -37.797571 ], [ -71.948614, -37.797576 ], [ -71.948568, -37.797592 ], [ -71.948523, -37.797603 ], [ -71.948477, -37.797614 ], [ -71.948431, -37.797636 ], [ -71.948393, -37.797659 ], [ -71.948362, -37.797688 ], [ -71.948330, -37.797717 ], [ -71.948314, -37.797753 ], [ -71.948298, -37.797788 ], [ -71.948259, -37.797817 ], [ -71.948220, -37.797840 ], [ -71.948175, -37.797844 ], [ -71.948131, -37.797831 ], [ -71.948094, -37.797806 ], [ -71.948057, -37.797782 ], [ -71.948044, -37.797763 ], [ -71.947855, -37.797921 ], [ -71.947619, -37.798133 ], [ -71.947681, -37.798171 ], [ -71.947733, -37.798179 ], [ -71.947769, -37.798221 ], [ -71.947790, -37.798258 ], [ -71.947796, -37.798293 ], [ -71.947802, -37.798329 ], [ -71.947786, -37.798365 ], [ -71.947754, -37.798400 ], [ -71.947723, -37.798435 ], [ -71.947691, -37.798464 ], [ -71.947646, -37.798474 ], [ -71.947601, -37.798467 ], [ -71.947565, -37.798442 ], [ -71.947551, -37.798406 ], [ -71.947530, -37.798364 ], [ -71.947517, -37.798328 ], [ -71.947496, -37.798292 ], [ -71.947488, -37.798287 ], [ -71.947367, -37.798457 ], [ -71.947266, -37.798598 ], [ -71.947354, -37.798634 ], [ -71.947368, -37.798664 ], [ -71.947412, -37.798671 ], [ -71.947441, -37.798701 ], [ -71.947442, -37.798707 ], [ -71.947447, -37.798737 ], [ -71.947416, -37.798766 ], [ -71.947371, -37.798777 ], [ -71.947339, -37.798806 ], [ -71.947322, -37.798853 ], [ -71.947313, -37.798889 ], [ -71.947282, -37.798918 ], [ -71.947230, -37.798916 ], [ -71.947193, -37.798892 ], [ -71.947164, -37.798861 ], [ -71.947128, -37.798836 ], [ -71.947110, -37.798817 ], [ -71.947100, -37.798830 ], [ -71.946931, -37.799166 ], [ -71.946884, -37.799293 ], [ -71.946884, -37.799295 ], [ -71.946883, -37.799298 ], [ -71.946831, -37.799439 ], [ -71.946736, -37.799714 ], [ -71.946717, -37.800172 ], [ -71.946723, -37.800396 ], [ -71.946813, -37.800449 ], [ -71.946866, -37.800439 ], [ -71.946912, -37.800428 ], [ -71.946964, -37.800429 ], [ -71.947001, -37.800454 ], [ -71.947022, -37.800502 ], [ -71.946998, -37.800537 ], [ -71.946959, -37.800566 ], [ -71.946928, -37.800595 ], [ -71.946919, -37.800631 ], [ -71.946925, -37.800667 ], [ -71.946946, -37.800703 ], [ -71.946967, -37.800739 ], [ -71.946965, -37.800781 ], [ -71.946934, -37.800810 ], [ -71.946888, -37.800821 ], [ -71.946852, -37.800796 ], [ -71.946823, -37.800765 ], [ -71.946794, -37.800735 ], [ -71.946743, -37.800704 ], [ -71.946722, -37.800697 ], [ -71.946695, -37.800993 ], [ -71.946695, -37.800997 ], [ -71.946611, -37.801286 ], [ -71.946609, -37.801290 ], [ -71.946570, -37.801370 ], [ -71.946615, -37.801483 ], [ -71.946777, -37.801571 ], [ -71.946984, -37.801621 ], [ -71.947137, -37.801595 ], [ -71.947246, -37.801527 ], [ -71.947444, -37.801348 ], [ -71.947446, -37.801346 ], [ -71.947674, -37.801176 ], [ -71.947835, -37.801038 ], [ -71.947839, -37.801035 ], [ -71.947843, -37.801033 ], [ -71.947848, -37.801031 ], [ -71.947853, -37.801030 ], [ -71.948047, -37.800997 ], [ -71.948049, -37.800996 ], [ -71.948052, -37.800996 ], [ -71.948230, -37.800987 ], [ -71.948434, -37.800954 ], [ -71.948435, -37.800954 ], [ -71.948437, -37.800954 ], [ -71.948555, -37.800944 ], [ -71.948667, -37.800881 ], [ -71.948789, -37.800772 ], [ -71.948794, -37.800769 ], [ -71.948795, -37.800768 ], [ -71.948953, -37.800678 ], [ -71.949129, -37.800538 ], [ -71.949320, -37.800319 ], [ -71.949481, -37.800021 ], [ -71.949798, -37.799315 ], [ -71.949947, -37.798962 ], [ -71.949965, -37.798919 ], [ -71.949967, -37.798915 ], [ -71.949970, -37.798912 ], [ -71.950114, -37.798763 ], [ -71.950118, -37.798760 ], [ -71.950122, -37.798757 ], [ -71.950126, -37.798755 ], [ -71.950255, -37.798706 ], [ -71.950259, -37.798704 ], [ -71.950264, -37.798703 ], [ -71.950469, -37.798675 ], [ -71.950726, -37.798635 ], [ -71.951350, -37.798461 ], [ -71.951351, -37.798461 ], [ -71.951827, -37.798345 ], [ -71.952337, -37.798113 ], [ -71.953030, -37.797759 ], [ -71.953278, -37.797625 ], [ -71.953380, -37.797540 ], [ -71.953532, -37.797413 ], [ -71.953653, -37.797171 ], [ -71.953739, -37.796837 ], [ -71.953740, -37.796832 ], [ -71.953858, -37.796611 ], [ -71.953860, -37.796607 ], [ -71.953862, -37.796604 ], [ -71.953866, -37.796602 ], [ -71.954064, -37.796449 ], [ -71.954068, -37.796447 ], [ -71.954073, -37.796445 ], [ -71.954078, -37.796443 ], [ -71.954378, -37.796371 ], [ -71.954631, -37.796269 ], [ -71.954950, -37.796099 ], [ -71.955180, -37.795952 ], [ -71.955395, -37.795814 ], [ -71.955793, -37.795507 ], [ -71.956014, -37.795172 ], [ -71.955775, -37.794941 ], [ -71.955475, -37.794706 ], [ -71.955170, -37.794521 ], [ -71.955104, -37.794567 ], [ -71.955100, -37.794570 ], [ -71.955096, -37.794571 ], [ -71.954821, -37.794679 ], [ -71.954820, -37.794679 ], [ -71.954290, -37.794866 ], [ -71.954288, -37.794866 ], [ -71.954015, -37.794951 ], [ -71.954016, -37.794956 ], [ -71.954027, -37.794994 ], [ -71.954044, -37.795028 ], [ -71.954060, -37.795062 ], [ -71.954089, -37.795091 ], [ -71.954124, -37.795121 ], [ -71.954159, -37.795146 ], [ -71.954160, -37.795146 ], [ -71.954168, -37.795170 ], [ -71.954178, -37.795194 ], [ -71.954203, -37.795238 ], [ -71.954215, -37.795255 ], [ -71.954232, -37.795272 ], [ -71.954310, -37.795339 ], [ -71.954324, -37.795354 ], [ -71.954334, -37.795369 ], [ -71.954354, -37.795404 ], [ -71.954371, -37.795447 ], [ -71.954381, -37.795480 ], [ -71.954388, -37.795515 ], [ -71.954391, -37.795552 ], [ -71.954391, -37.795592 ], [ -71.954387, -37.795634 ], [ -71.954380, -37.795679 ], [ -71.954369, -37.795730 ], [ -71.954354, -37.795794 ], [ -71.954339, -37.795857 ], [ -71.954332, -37.795876 ], [ -71.954323, -37.795891 ], [ -71.954302, -37.795916 ], [ -71.954277, -37.795939 ], [ -71.954272, -37.795950 ], [ -71.954247, -37.796014 ], [ -71.954237, -37.796033 ], [ -71.954225, -37.796048 ], [ -71.954214, -37.796059 ], [ -71.954201, -37.796069 ], [ -71.954168, -37.796089 ], [ -71.954132, -37.796104 ], [ -71.954036, -37.796140 ], [ -71.953982, -37.796160 ], [ -71.953851, -37.796202 ], [ -71.953818, -37.796214 ], [ -71.953789, -37.796227 ], [ -71.953725, -37.796262 ], [ -71.953654, -37.796306 ], [ -71.953607, -37.796341 ], [ -71.953506, -37.796428 ], [ -71.953458, -37.796465 ], [ -71.953377, -37.796518 ], [ -71.953304, -37.796560 ], [ -71.953243, -37.796590 ], [ -71.953172, -37.796618 ], [ -71.953092, -37.796647 ], [ -71.952989, -37.796679 ], [ -71.952918, -37.796701 ], [ -71.952857, -37.796717 ], [ -71.952805, -37.796728 ], [ -71.952746, -37.796737 ], [ -71.952682, -37.796743 ], [ -71.952612, -37.796746 ], [ -71.952533, -37.796747 ], [ -71.952457, -37.796746 ], [ -71.952409, -37.796744 ], [ -71.952384, -37.796747 ], [ -71.952339, -37.796760 ], [ -71.952285, -37.796759 ], [ -71.952240, -37.796751 ], [ -71.952208, -37.796745 ], [ -71.952199, -37.796746 ], [ -71.952155, -37.796738 ], [ -71.952110, -37.796725 ], [ -71.952066, -37.796706 ], [ -71.952029, -37.796682 ], [ -71.951985, -37.796657 ], [ -71.951956, -37.796626 ], [ -71.951943, -37.796590 ], [ -71.951922, -37.796554 ], [ -71.951901, -37.796517 ], [ -71.951887, -37.796481 ], [ -71.951874, -37.796445 ], [ -71.951860, -37.796409 ], [ -71.951854, -37.796373 ], [ -71.951848, -37.796337 ], [ -71.951842, -37.796295 ], [ -71.951844, -37.796254 ], [ -71.951846, -37.796212 ], [ -71.951847, -37.796170 ], [ -71.951849, -37.796129 ], [ -71.951851, -37.796087 ], [ -71.951853, -37.796045 ], [ -71.951862, -37.796010 ], [ -71.951871, -37.795974 ], [ -71.951887, -37.795939 ], [ -71.951903, -37.795904 ], [ -71.951920, -37.795868 ], [ -71.951936, -37.795833 ], [ -71.951953, -37.795798 ], [ -71.951977, -37.795762 ], [ -71.952001, -37.795727 ], [ -71.952039, -37.795704 ], [ -71.952071, -37.795675 ], [ -71.952109, -37.795647 ], [ -71.952148, -37.795618 ], [ -71.952179, -37.795589 ], [ -71.952188, -37.795576 ], [ -71.952203, -37.795554 ], [ -71.952227, -37.795519 ], [ -71.952244, -37.795483 ], [ -71.952260, -37.795448 ], [ -71.952277, -37.795413 ], [ -71.952293, -37.795377 ], [ -71.952317, -37.795342 ], [ -71.952349, -37.795307 ], [ -71.952373, -37.795272 ], [ -71.952404, -37.795243 ], [ -71.952442, -37.795220 ], [ -71.952488, -37.795204 ], [ -71.952541, -37.795205 ], [ -71.952586, -37.795200 ], [ -71.952631, -37.795195 ], [ -71.952676, -37.795191 ], [ -71.952722, -37.795186 ], [ -71.952768, -37.795157 ], [ -71.952826, -37.795132 ], [ -71.952815, -37.795130 ], [ -71.952810, -37.795129 ], [ -71.952805, -37.795127 ], [ -71.952801, -37.795124 ], [ -71.952486, -37.794917 ], [ -71.952189, -37.794753 ], [ -71.951783, -37.794557 ], [ -71.951780, -37.794555 ], [ -71.951538, -37.794409 ], [ -71.951538, -37.794487 ], [ -71.951538, -37.794487 ], [ -71.951537, -37.794492 ], [ -71.951535, -37.794496 ], [ -71.951532, -37.794501 ], [ -71.951529, -37.794504 ], [ -71.951528, -37.794506 ], [ -71.951360, -37.794637 ], [ -71.951357, -37.794639 ], [ -71.951170, -37.794759 ] ] ] } }

]
}
